Resume_ID,Name,Skills,Skill_Count,Experience (Years),Education,Edu_Rank,Certifications,Certifications_Count,Job Role,Projects Count,Action_Verb_Count,Semantic_Match_Score,Word_Count,Recruiter Decision
RES-2025-0001,Priya Sharma,"AWS, NLP",2,1.4,Bachelor,2,2 Certified,2,Cloud Architect,5,9,35.7,582,Hire
RES-2025-0002,Priya Sharma,"Redis, Python, OpenCV, React",4,9.0,Bachelor,2,1 Certified,1,Backend Engineer,3,10,48.1,156,Hire
RES-2025-0003,David Kim,"Kubernetes, AWS, Flask, Docker, C++, SQL, PyTorch",7,4.0,Diploma,1,None,0,Data Scientist,4,5,82.5,897,Hire
RES-2025-0004,Priya Sharma,"C++, TensorFlow, Git, Spark, Kubernetes, PostgreSQL, SQL, FastAPI, Docker, PyTorch, Python, React, AWS, Redis, NLP, GCP, Flask, OpenCV",18,2.7,Bachelor,2,1 Certified,1,Data Scientist,1,6,53.1,836,Hire
RES-2025-0005,Priya Sharma,"SQL, NLP, FastAPI, Redis, OpenCV, Flask, Kubernetes",7,0.5,Bachelor,2,None,0,Data Scientist,6,13,80.4,384,Hire
RES-2025-0006,Emily Davis,"TensorFlow, OpenCV, Kubernetes, Docker, PostgreSQL, NLP, Redis",7,0.5,Master,2,1 Certified,1,Backend Engineer,2,3,46.0,724,Reject
RES-2025-0007,Michael Brown,"C++, React, NLP, TensorFlow, AWS, PostgreSQL, PyTorch, Python, Redis, GCP, Spark, OpenCV, SQL, Docker, Kubernetes, Git, FastAPI, Flask",18,0.2,Bachelor,2,4 Certified,4,Machine Learning Engineer,5,12,37.4,699,Hire
RES-2025-0008,Emily Davis,"Spark, SQL",2,6.0,Bachelor,2,3 Certified,3,Cloud Architect,2,9,79.5,669,Hire
RES-2025-0009,Rahul Verma,"Redis, OpenCV, Flask, SQL, C++, TensorFlow, AWS, React, Python, GCP, NLP, Git",12,2.8,Bachelor,2,None,0,Data Scientist,1,1,45.7,730,Reject
RES-2025-0010,Priya Sharma,"TensorFlow, Flask, Redis, Kubernetes, NLP, AWS, FastAPI, PostgreSQL, C++, OpenCV, Docker, GCP",12,3.7,Master,2,1 Certified,1,Cloud Architect,2,7,94.7,815,Hire
RES-2025-0011,Anita Roy,"NLP, TensorFlow",2,0.1,Bachelor,2,1 Certified,1,Backend Engineer,4,4,30.5,874,Reject
RES-2025-0012,Sophia Chen,"PyTorch, Kubernetes",2,10.5,Diploma,1,None,0,Cloud Architect,3,4,65.1,890,Hire
RES-2025-0013,Anita Roy,"PostgreSQL, Spark, OpenCV, PyTorch",4,5.4,Diploma,1,1 Certified,1,NLP Engineer,3,8,86.1,205,Hire
RES-2025-0014,Priya Sharma,"Kubernetes, Docker",2,0.7,Bachelor,2,None,0,NLP Engineer,1,7,41.9,623,Reject
RES-2025-0015,Priya Sharma,"FastAPI, Docker, PyTorch, Kubernetes, AWS, Python, PostgreSQL",7,0.6,Master,2,2 Certified,2,Backend Engineer,3,8,61.3,560,Reject
RES-2025-0016,David Kim,"C++, AWS, GCP, Flask",4,0.6,Bachelor,2,3 Certified,3,Full Stack Developer,5,12,61.6,344,Hire
RES-2025-0017,Alex Johnson,"FastAPI, PyTorch, Kubernetes, Python, GCP, Git, NLP",7,1.1,Bachelor,2,2 Certified,2,Backend Engineer,0,9,35.2,340,Hire
RES-2025-0018,Priya Sharma,"NLP, C++, Docker, GCP, Git, PostgreSQL, Spark",7,2.2,Bachelor,2,1 Certified,1,NLP Engineer,5,10,66.7,473,Hire
RES-2025-0019,Sophia Chen,"Kubernetes, NLP, AWS, OpenCV, TensorFlow, FastAPI, C++",7,1.7,Bachelor,2,None,0,Machine Learning Engineer,0,8,70.4,726,Reject
RES-2025-0020,Priya Sharma,"Redis, AWS, Flask, GCP, SQL, PyTorch, Docker",7,1.0,Bachelor,2,None,0,Full Stack Developer,5,5,69.8,819,Hire
RES-2025-0021,Rahul Verma,"Docker, Flask, AWS, PyTorch, GCP, React, PostgreSQL, TensorFlow, Redis, Git, FastAPI, SQL, Kubernetes, Spark, OpenCV, NLP, C++, Python",18,2.8,Master,2,2 Certified,2,Machine Learning Engineer,5,7,83.9,195,Hire
RES-2025-0022,David Kim,"AWS, SQL, GCP, FastAPI, React, OpenCV, PostgreSQL",7,0.5,Diploma,1,None,0,Cloud Architect,1,9,32.3,528,Reject
RES-2025-0023,David Kim,"PyTorch, Git, React, GCP, C++, Python, SQL",7,1.0,Bachelor,2,None,0,Machine Learning Engineer,2,13,66.4,566,Reject
RES-2025-0024,David Kim,"NLP, SQL, Redis, GCP, OpenCV, Python, TensorFlow, PostgreSQL, Spark, Docker, Flask, PyTorch, Kubernetes, C++, AWS, FastAPI, Git, React",18,1.4,Bachelor,2,3 Certified,3,Data Scientist,2,14,81.7,383,Hire
RES-2025-0025,Sophia Chen,"AWS, TensorFlow, FastAPI, SQL",4,1.8,Bachelor,2,None,0,Full Stack Developer,2,1,37.5,417,Hire
RES-2025-0026,Rahul Verma,"Spark, React",2,4.6,Master,2,None,0,Full Stack Developer,4,2,55.0,740,Hire
RES-2025-0027,Alex Johnson,"Python, Redis, OpenCV, SQL, PostgreSQL, PyTorch, Kubernetes, GCP, Git, React, C++, AWS",12,0.7,Master,2,1 Certified,1,Cloud Architect,3,6,56.2,452,Hire
RES-2025-0028,Sophia Chen,"C++, SQL, Git, OpenCV, AWS, Python, Flask",7,2.2,Bachelor,2,1 Certified,1,Full Stack Developer,4,11,50.9,602,Hire
RES-2025-0029,Sophia Chen,"SQL, TensorFlow, Git, AWS, Kubernetes, Spark, PostgreSQL",7,2.7,Bachelor,2,2 Certified,2,Backend Engineer,5,5,44.6,353,Hire
RES-2025-0030,Alex Johnson,"PostgreSQL, TensorFlow, GCP, OpenCV",4,0.1,Master,2,1 Certified,1,Cloud Architect,5,7,62.1,399,Hire
RES-2025-0031,Alex Johnson,"Docker, Spark, NLP, TensorFlow, C++, React, AWS, PostgreSQL, Python, Redis, FastAPI, OpenCV, Git, Kubernetes, PyTorch, Flask, GCP, SQL",18,2.8,Bachelor,2,2 Certified,2,Full Stack Developer,3,14,88.9,606,Hire
RES-2025-0032,Anita Roy,"NLP, AWS, PostgreSQL, Kubernetes, Docker, Flask, FastAPI",7,0.6,Diploma,1,None,0,Data Scientist,2,6,88.0,232,Hire
RES-2025-0033,Sophia Chen,"Flask, OpenCV, TensorFlow, Redis",4,0.2,Bachelor,2,1 Certified,1,NLP Engineer,0,4,84.1,548,Reject
RES-2025-0034,Alex Johnson,"C++, PostgreSQL, Python, SQL, Flask, FastAPI, OpenCV, React, AWS, Git, Docker, NLP",12,8.9,Bachelor,2,1 Certified,1,Machine Learning Engineer,3,6,73.5,564,Hire
RES-2025-0035,Anita Roy,"FastAPI, Python, C++, Git, GCP, Kubernetes, Redis, PyTorch, OpenCV, TensorFlow, NLP, PostgreSQL, React, AWS, Docker, Spark, SQL, Flask",18,10.1,Bachelor,2,2 Certified,2,NLP Engineer,2,13,91.8,581,Hire
RES-2025-0036,Priya Sharma,"FastAPI, PyTorch, React, Docker, Kubernetes, Redis, Spark",7,5.0,Diploma,1,None,0,Backend Engineer,1,14,31.3,306,Hire
RES-2025-0037,Anita Roy,"OpenCV, GCP, AWS, C++, SQL, TensorFlow, Git",7,1.1,Bachelor,2,2 Certified,2,Machine Learning Engineer,6,14,40.6,468,Hire
RES-2025-0038,Alex Johnson,"C++, FastAPI, OpenCV, PyTorch, Git, React, Kubernetes, Docker, GCP, Flask, Spark, PostgreSQL, AWS, Python, TensorFlow, Redis, NLP, SQL",18,0.3,Diploma,1,1 Certified,1,Machine Learning Engineer,6,7,83.5,258,Hire
RES-2025-0039,Emily Davis,"GCP, Flask, Spark, TensorFlow, React, AWS, Kubernetes",7,3.5,Bachelor,2,2 Certified,2,Full Stack Developer,6,8,60.2,898,Hire
RES-2025-0040,Emily Davis,"TensorFlow, AWS, GCP, Docker, C++, NLP, Git, React, OpenCV, SQL, Python, PostgreSQL",12,1.7,Master,2,None,0,Backend Engineer,2,13,46.8,436,Hire
RES-2025-0041,Rahul Verma,"Redis, OpenCV, TensorFlow, Docker, React, FastAPI, NLP",7,0.4,Bachelor,2,None,0,NLP Engineer,5,12,61.9,167,Hire
RES-2025-0042,Sophia Chen,"NLP, Git, React, FastAPI, AWS, Spark, SQL",7,2.1,Bachelor,2,2 Certified,2,Data Scientist,2,12,59.5,463,Hire
RES-2025-0043,Priya Sharma,"Kubernetes, Docker, SQL, Redis, GCP, React, NLP, Flask, Git, AWS, FastAPI, Python",12,0.1,Master,2,None,0,Data Scientist,1,5,30.9,696,Hire
RES-2025-0044,Alex Johnson,"FastAPI, Git, Flask, Kubernetes, Spark, C++, NLP, PyTorch, Python, PostgreSQL, React, Docker, OpenCV, TensorFlow, GCP, Redis, SQL, AWS",18,7.2,Bachelor,2,None,0,NLP Engineer,0,10,70.9,204,Hire
RES-2025-0045,Rahul Verma,"NLP, Docker",2,0.9,Bachelor,2,1 Certified,1,Full Stack Developer,6,10,44.7,685,Hire
RES-2025-0046,Anita Roy,"Spark, Git, PyTorch, Redis",4,3.3,PhD,3,None,0,Backend Engineer,5,4,47.2,233,Hire
RES-2025-0047,David Kim,"SQL, Python, Spark, NLP, React, Git, GCP",7,1.1,Bachelor,2,None,0,Cloud Architect,2,12,85.9,222,Hire
RES-2025-0048,Rahul Verma,"OpenCV, Spark, Docker, AWS, PostgreSQL, Kubernetes, TensorFlow, Flask, React, PyTorch, Python, GCP",12,2.2,Master,2,1 Certified,1,Full Stack Developer,2,8,38.1,855,Hire
RES-2025-0049,Michael Brown,"Redis, PostgreSQL, GCP, PyTorch, Git, Python, OpenCV, SQL, Spark, Flask, C++, NLP, FastAPI, AWS, React, TensorFlow, Kubernetes, Docker",18,2.4,Master,2,None,0,Full Stack Developer,5,8,89.5,335,Hire
RES-2025-0050,Michael Brown,"PostgreSQL, TensorFlow, FastAPI, SQL, OpenCV, GCP, C++",7,0.6,Bachelor,2,2 Certified,2,Data Scientist,3,12,62.2,828,Reject
RES-2025-0051,Alex Johnson,"Kubernetes, AWS, FastAPI, PyTorch, C++, OpenCV, Redis",7,10.5,Master,2,None,0,Full Stack Developer,3,7,33.5,680,Hire
RES-2025-0052,Anita Roy,"PyTorch, OpenCV, AWS, PostgreSQL, TensorFlow, Flask, NLP",7,4.5,Master,2,1 Certified,1,Machine Learning Engineer,5,10,82.0,876,Hire
RES-2025-0053,Alex Johnson,"TensorFlow, NLP, Docker, Redis, PyTorch, Kubernetes, FastAPI",7,8.4,Bachelor,2,2 Certified,2,Full Stack Developer,5,5,57.0,644,Hire
RES-2025-0054,Sophia Chen,"Flask, C++, OpenCV, GCP, Git, AWS, React",7,6.8,Master,2,2 Certified,2,Data Scientist,6,13,85.5,498,Hire
RES-2025-0055,Rahul Verma,"Git, FastAPI, PostgreSQL, Spark, TensorFlow, NLP, AWS, C++, SQL, Redis, OpenCV, Docker",12,2.7,Master,2,2 Certified,2,Cloud Architect,1,10,54.9,944,Hire
RES-2025-0056,Emily Davis,"C++, FastAPI, Flask, NLP, Python, TensorFlow, AWS, Git, SQL, PyTorch, GCP, Spark",12,7.6,Bachelor,2,1 Certified,1,Cloud Architect,1,7,86.6,308,Hire
RES-2025-0057,Rahul Verma,"C++, TensorFlow, Kubernetes, Spark",4,0.3,Bachelor,2,1 Certified,1,Data Scientist,5,12,87.7,649,Hire
RES-2025-0058,Alex Johnson,"NLP, Git, FastAPI, React, PyTorch, OpenCV, Spark",7,0.7,Master,2,2 Certified,2,Machine Learning Engineer,3,3,75.1,179,Hire
RES-2025-0059,Alex Johnson,"React, Spark, Flask, Docker",4,0.1,Bachelor,2,1 Certified,1,Backend Engineer,1,3,35.1,541,Reject
RES-2025-0060,Sophia Chen,"Flask, NLP, GCP, Kubernetes, FastAPI, Redis, Spark",7,1.2,Bachelor,2,3 Certified,3,NLP Engineer,2,11,65.5,225,Hire
RES-2025-0061,Emily Davis,"Git, Spark, AWS, NLP, Redis, Flask, Docker, OpenCV, GCP, PyTorch, React, FastAPI, C++, TensorFlow, SQL, Kubernetes, PostgreSQL, Python",18,1.5,PhD,3,1 Certified,1,Data Scientist,0,10,86.2,946,Hire
RES-2025-0062,Alex Johnson,"PostgreSQL, Git, NLP, Redis, C++, SQL, Docker, Kubernetes, React, Flask, TensorFlow, Spark, Python, OpenCV, FastAPI, PyTorch, AWS, GCP",18,0.9,Master,2,None,0,Data Scientist,2,12,57.0,355,Hire
RES-2025-0063,Emily Davis,"AWS, SQL, FastAPI, GCP, Spark, NLP, Flask",7,5.3,Master,2,None,0,Machine Learning Engineer,3,2,39.1,381,Reject
RES-2025-0064,Michael Brown,"FastAPI, React, TensorFlow, C++, OpenCV, Python, Flask, AWS, PyTorch, NLP, SQL, Kubernetes, Spark, PostgreSQL, Docker, Redis, Git, GCP",18,1.3,Bachelor,2,1 Certified,1,Full Stack Developer,4,6,89.5,376,Hire
RES-2025-0065,Anita Roy,"Git, Spark, Docker, TensorFlow, Python, Redis, Flask, NLP, PyTorch, FastAPI, PostgreSQL, React, AWS, Kubernetes, OpenCV, SQL, GCP, C++",18,1.0,Master,2,1 Certified,1,NLP Engineer,4,7,91.0,436,Hire
RES-2025-0066,Emily Davis,"GCP, NLP, React, PyTorch",4,2.3,PhD,3,None,0,Cloud Architect,2,1,55.9,344,Reject
RES-2025-0067,Anita Roy,"OpenCV, Python",2,0.5,Diploma,1,None,0,Backend Engineer,6,10,43.3,933,Reject
RES-2025-0068,Sophia Chen,"NLP, Kubernetes, Flask, C++, Git, Python, PostgreSQL, TensorFlow, Redis, AWS, React, OpenCV",12,4.9,Bachelor,2,1 Certified,1,Machine Learning Engineer,1,1,53.3,393,Hire
RES-2025-0069,Alex Johnson,"PyTorch, Flask, Spark, AWS",4,0.2,Bachelor,2,None,0,NLP Engineer,6,6,63.4,261,Hire
RES-2025-0070,Sophia Chen,"PyTorch, Redis, Git, NLP, Kubernetes, Python, C++, GCP, OpenCV, PostgreSQL, FastAPI, Docker, SQL, AWS, React, Flask, Spark, TensorFlow",18,13.0,Diploma,1,None,0,Cloud Architect,4,9,76.3,540,Hire
RES-2025-0071,Rahul Verma,"Spark, Docker, Redis, FastAPI, Kubernetes, GCP, AWS",7,4.4,Master,2,None,0,NLP Engineer,1,7,52.0,614,Hire
RES-2025-0072,Priya Sharma,"Kubernetes, AWS, React, TensorFlow",4,0.7,Bachelor,2,1 Certified,1,Machine Learning Engineer,6,2,36.1,248,Reject
RES-2025-0073,Emily Davis,"FastAPI, PyTorch, Kubernetes, PostgreSQL, Redis, OpenCV, SQL, GCP, C++, Python, Flask, NLP",12,0.0,Bachelor,2,None,0,Full Stack Developer,1,3,72.7,379,Reject
RES-2025-0074,Emily Davis,"React, Docker, AWS, Git, Redis, C++, OpenCV, PostgreSQL, GCP, Kubernetes, Python, Flask",12,5.1,Master,2,2 Certified,2,Data Scientist,0,3,47.8,930,Hire
RES-2025-0075,Emily Davis,"SQL, Flask, C++, PyTorch",4,3.7,Bachelor,2,1 Certified,1,Machine Learning Engineer,0,12,64.5,535,Hire
RES-2025-0076,Emily Davis,"Git, Kubernetes, TensorFlow, GCP",4,3.9,Diploma,1,None,0,Full Stack Developer,0,11,35.3,603,Reject
RES-2025-0077,Anita Roy,"Spark, AWS, OpenCV, C++, Redis, PyTorch, SQL",7,4.4,Bachelor,2,None,0,Cloud Architect,4,8,64.3,465,Hire
RES-2025-0078,Michael Brown,"PyTorch, Python, OpenCV, Flask, Docker, C++, TensorFlow, GCP, Kubernetes, SQL, FastAPI, Redis, Spark, AWS, NLP, PostgreSQL, Git, React",18,0.2,Bachelor,2,2 Certified,2,Data Scientist,0,7,86.0,193,Hire
RES-2025-0079,Anita Roy,"Kubernetes, Spark, C++, React, FastAPI, OpenCV, Flask, PyTorch, PostgreSQL, Python, SQL, Redis, GCP, Docker, TensorFlow, AWS, Git, NLP",18,1.3,Bachelor,2,1 Certified,1,Full Stack Developer,0,7,86.6,913,Hire
RES-2025-0080,Emily Davis,"TensorFlow, Redis, Docker, AWS, GCP, PostgreSQL, SQL, React, FastAPI, C++, PyTorch, NLP",12,0.4,Bachelor,2,None,0,Backend Engineer,6,13,72.6,331,Hire
RES-2025-0081,Anita Roy,"GCP, Kubernetes, Redis, TensorFlow, NLP, PyTorch, Spark",7,6.0,Bachelor,2,None,0,Data Scientist,4,1,52.9,225,Hire
RES-2025-0082,Anita Roy,"React, Git",2,2.9,Diploma,1,2 Certified,2,Machine Learning Engineer,4,10,63.0,623,Hire
RES-2025-0083,Alex Johnson,"OpenCV, Kubernetes, PostgreSQL, AWS, TensorFlow, Python, NLP",7,1.2,Bachelor,2,3 Certified,3,Data Scientist,5,2,62.8,326,Hire
RES-2025-0084,Anita Roy,"Redis, FastAPI, SQL, PostgreSQL, GCP, Flask, OpenCV, React, Spark, Python, Git, AWS, TensorFlow, Kubernetes, Docker, PyTorch, NLP, C++",18,0.2,Bachelor,2,1 Certified,1,Backend Engineer,2,5,92.9,865,Hire
RES-2025-0085,David Kim,"TensorFlow, Git, C++, Kubernetes, PostgreSQL, SQL, FastAPI",7,1.1,Bachelor,2,2 Certified,2,Cloud Architect,5,9,36.1,836,Hire
RES-2025-0086,Emily Davis,"Git, SQL",2,1.2,PhD,3,None,0,NLP Engineer,1,4,95.0,308,Hire
RES-2025-0087,Priya Sharma,"FastAPI, Redis, PyTorch, Kubernetes, SQL, C++, Git",7,3.9,Bachelor,2,None,0,Backend Engineer,1,14,75.0,789,Hire
RES-2025-0088,David Kim,"PyTorch, Spark, React, Kubernetes, PostgreSQL, Docker, NLP, Git, Flask, Redis, C++, GCP",12,3.0,Bachelor,2,4 Certified,4,NLP Engineer,6,4,53.9,734,Hire
RES-2025-0089,Anita Roy,"C++, Redis, Spark, TensorFlow, PostgreSQL, Docker, Git, GCP, Flask, Python, NLP, OpenCV",12,6.5,Bachelor,2,3 Certified,3,Cloud Architect,6,9,85.3,441,Hire
RES-2025-0090,David Kim,"Redis, Flask, Spark, PyTorch",4,1.9,Master,2,None,0,NLP Engineer,2,1,57.0,555,Reject
RES-2025-0091,Sophia Chen,"TensorFlow, React, NLP, Python",4,0.4,Bachelor,2,None,0,Cloud Architect,5,6,81.4,290,Hire
RES-2025-0092,Anita Roy,"Flask, PostgreSQL, GCP, Git, Python, PyTorch, Spark",7,3.7,Bachelor,2,2 Certified,2,Full Stack Developer,5,10,64.3,263,Hire
RES-2025-0093,Sophia Chen,"PyTorch, NLP, Spark, Kubernetes",4,4.3,Master,2,1 Certified,1,Machine Learning Engineer,6,8,68.8,166,Hire
RES-2025-0094,Sophia Chen,"Git, Spark, Python, FastAPI, SQL, Docker, GCP, OpenCV, TensorFlow, PyTorch, Redis, PostgreSQL",12,2.5,PhD,3,1 Certified,1,Full Stack Developer,4,1,55.4,631,Hire
RES-2025-0095,Michael Brown,"AWS, Python, React, C++, PyTorch, SQL, Docker, Kubernetes, Spark, GCP, TensorFlow, Redis, NLP, Flask, FastAPI, PostgreSQL, OpenCV, Git",18,4.4,PhD,3,1 Certified,1,Backend Engineer,6,3,34.1,944,Hire
RES-2025-0096,Alex Johnson,"PyTorch, OpenCV, FastAPI, SQL",4,2.0,Master,2,1 Certified,1,Full Stack Developer,3,5,32.4,812,Hire
RES-2025-0097,Emily Davis,"PyTorch, Kubernetes, AWS, FastAPI, C++, SQL, OpenCV, React, NLP, Redis, Spark, GCP",12,2.2,Bachelor,2,1 Certified,1,Full Stack Developer,2,13,35.4,584,Hire
RES-2025-0098,David Kim,"Kubernetes, Docker, TensorFlow, SQL, FastAPI, Flask, C++",7,1.7,Bachelor,2,2 Certified,2,Backend Engineer,5,8,52.9,193,Hire
RES-2025-0099,Emily Davis,"Spark, AWS, PyTorch, PostgreSQL, Kubernetes, FastAPI, OpenCV",7,0.1,Bachelor,2,2 Certified,2,Cloud Architect,1,1,39.3,772,Reject
RES-2025-0100,Anita Roy,"TensorFlow, NLP",2,0.3,Master,2,None,0,NLP Engineer,4,1,69.3,845,Reject
RES-2025-0101,Emily Davis,"TensorFlow, Flask, React, OpenCV",4,0.1,Bachelor,2,None,0,Machine Learning Engineer,0,12,42.1,680,Reject
RES-2025-0102,Priya Sharma,"AWS, GCP, OpenCV, Git",4,3.0,Bachelor,2,3 Certified,3,NLP Engineer,1,2,38.8,225,Hire
RES-2025-0103,Anita Roy,"Kubernetes, React, TensorFlow, AWS, GCP, Flask, C++, PostgreSQL, FastAPI, SQL, Docker, Python, PyTorch, Spark, Redis, NLP, OpenCV, Git",18,1.1,Bachelor,2,None,0,Full Stack Developer,1,10,87.5,217,Hire
RES-2025-0104,Anita Roy,"Spark, TensorFlow, Flask, SQL, Kubernetes, PyTorch, NLP",7,2.1,Bachelor,2,1 Certified,1,Backend Engineer,6,13,65.8,751,Hire
RES-2025-0105,David Kim,"PyTorch, Docker, Flask, PostgreSQL, TensorFlow, Spark, SQL",7,7.1,Master,2,None,0,Full Stack Developer,2,14,35.1,351,Hire
RES-2025-0106,Rahul Verma,"Git, TensorFlow",2,0.9,Bachelor,2,None,0,Full Stack Developer,1,3,72.8,887,Reject
RES-2025-0107,Emily Davis,"PyTorch, Python, TensorFlow, Redis, Kubernetes, C++, Git, Flask, Docker, OpenCV, GCP, React",12,1.6,Master,2,1 Certified,1,Cloud Architect,2,8,45.9,851,Hire
RES-2025-0108,Anita Roy,"PyTorch, SQL",2,4.2,Bachelor,2,1 Certified,1,Backend Engineer,2,10,39.3,885,Hire
RES-2025-0109,Emily Davis,"Flask, React, Docker, SQL, PostgreSQL, NLP, PyTorch, FastAPI, C++, Spark, TensorFlow, Python, OpenCV, Git, AWS, Kubernetes, Redis, GCP",18,0.8,PhD,3,3 Certified,3,Data Scientist,4,12,50.3,931,Hire
RES-2025-0110,Anita Roy,"Git, PostgreSQL, Python, PyTorch, OpenCV, AWS, NLP",7,0.2,PhD,3,None,0,Data Scientist,0,1,48.3,761,Reject
RES-2025-0111,Anita Roy,"Python, Docker, Spark, TensorFlow",4,1.0,Master,2,2 Certified,2,NLP Engineer,2,1,56.0,733,Reject
RES-2025-0112,Emily Davis,"TensorFlow, C++, GCP, Redis, AWS, Flask, Git",7,0.5,Bachelor,2,None,0,Machine Learning Engineer,3,6,81.7,497,Hire
RES-2025-0113,Emily Davis,"OpenCV, Redis, C++, AWS, Python, Spark, PostgreSQL, TensorFlow, SQL, NLP, GCP, PyTorch",12,8.0,Bachelor,2,1 Certified,1,Data Scientist,4,6,40.6,781,Hire
RES-2025-0114,Rahul Verma,"Redis, FastAPI, PostgreSQL, React, Git, Flask, NLP",7,5.0,Master,2,None,0,Cloud Architect,0,7,67.9,892,Hire
RES-2025-0115,Alex Johnson,"AWS, NLP, PyTorch, Git, Redis, TensorFlow, FastAPI",7,3.0,Bachelor,2,1 Certified,1,NLP Engineer,1,14,74.2,182,Hire
RES-2025-0116,Priya Sharma,"GCP, Kubernetes, Spark, TensorFlow",4,6.2,Bachelor,2,None,0,Full Stack Developer,6,10,89.8,903,Hire
RES-2025-0117,David Kim,"FastAPI, Kubernetes, PostgreSQL, AWS, OpenCV, SQL, TensorFlow",7,4.9,Bachelor,2,1 Certified,1,Full Stack Developer,2,11,80.2,888,Hire
RES-2025-0118,Rahul Verma,"OpenCV, NLP, AWS, PostgreSQL, Flask, Docker, Spark",7,0.6,Master,2,2 Certified,2,Cloud Architect,5,8,50.6,507,Hire
RES-2025-0119,Rahul Verma,"FastAPI, C++, Redis, Spark",4,6.7,Bachelor,2,2 Certified,2,Backend Engineer,2,1,48.7,881,Hire
RES-2025-0120,Anita Roy,"PostgreSQL, OpenCV, Redis, Spark, AWS, Flask, GCP",7,2.3,Bachelor,2,None,0,Full Stack Developer,5,10,45.6,201,Hire
RES-2025-0121,Sophia Chen,"PyTorch, Docker, Spark, SQL, React, NLP, FastAPI",7,4.9,Bachelor,2,None,0,Full Stack Developer,1,7,72.4,637,Hire
RES-2025-0122,Sophia Chen,"Git, Kubernetes, FastAPI, Redis, Python, C++, PyTorch, GCP, PostgreSQL, Docker, Spark, React",12,6.8,Bachelor,2,2 Certified,2,Machine Learning Engineer,6,7,81.2,340,Hire
RES-2025-0123,Rahul Verma,"Python, Git, Docker, GCP, SQL, Flask, NLP, Kubernetes, AWS, Redis, React, PyTorch",12,1.1,Master,2,1 Certified,1,Backend Engineer,6,2,51.5,898,Hire
RES-2025-0124,Rahul Verma,"Python, Kubernetes, Git, PostgreSQL, Redis, C++, Docker, TensorFlow, GCP, OpenCV, AWS, Flask",12,0.3,Bachelor,2,1 Certified,1,Machine Learning Engineer,1,3,61.0,404,Hire
RES-2025-0125,Michael Brown,"AWS, Kubernetes, Git, PostgreSQL",4,0.8,Master,2,None,0,Cloud Architect,2,12,45.4,833,Hire
RES-2025-0126,Rahul Verma,"Redis, Git, Docker, Kubernetes",4,1.7,Master,2,None,0,Full Stack Developer,1,4,92.2,639,Hire
RES-2025-0127,Emily Davis,"FastAPI, PostgreSQL, OpenCV, C++, Docker, Kubernetes, Git",7,5.1,Master,2,None,0,NLP Engineer,4,12,53.5,727,Hire
RES-2025-0128,Sophia Chen,"Flask, SQL, Kubernetes, Spark, AWS, NLP, PyTorch",7,5.9,Bachelor,2,2 Certified,2,NLP Engineer,0,9,59.0,206,Hire
RES-2025-0129,Michael Brown,"PyTorch, GCP, Git, React, Python, OpenCV, Flask",7,0.0,Master,2,2 Certified,2,Full Stack Developer,0,1,57.5,867,Hire
RES-2025-0130,Alex Johnson,"TensorFlow, PostgreSQL, PyTorch, Flask, OpenCV, FastAPI, C++, Kubernetes, Spark, SQL, Git, Docker, NLP, AWS, Python, React, GCP, Redis",18,2.1,Bachelor,2,4 Certified,4,NLP Engineer,4,3,77.3,378,Hire
RES-2025-0131,Alex Johnson,"GCP, Spark, C++, Redis, Docker, FastAPI, NLP, SQL, TensorFlow, Flask, PostgreSQL, Kubernetes, Python, OpenCV, React, Git, AWS, PyTorch",18,1.6,Bachelor,2,None,0,Machine Learning Engineer,3,10,73.7,199,Hire
RES-2025-0132,Alex Johnson,"NLP, OpenCV, PyTorch, TensorFlow, AWS, Flask, Docker",7,0.8,Master,2,2 Certified,2,Data Scientist,4,10,80.2,478,Hire
RES-2025-0133,David Kim,"Redis, NLP, Spark, Flask, GCP, Python, AWS, Git, TensorFlow, OpenCV, FastAPI, C++, Kubernetes, Docker, SQL, PostgreSQL, PyTorch, React",18,0.4,Bachelor,2,None,0,Full Stack Developer,3,4,85.2,457,Hire
RES-2025-0134,David Kim,"PyTorch, Spark, Redis, AWS, GCP, TensorFlow, OpenCV, Docker, Flask, Kubernetes, SQL, NLP",12,1.2,Diploma,1,1 Certified,1,Data Scientist,0,9,77.1,345,Hire
RES-2025-0135,Michael Brown,"PyTorch, TensorFlow, OpenCV, C++, GCP, Git, React",7,8.6,Bachelor,2,None,0,Backend Engineer,6,6,49.7,165,Hire
RES-2025-0136,Sophia Chen,"Docker, PostgreSQL, NLP, React, Git, GCP, FastAPI, OpenCV, C++, AWS, SQL, Kubernetes, TensorFlow, Spark, Flask, Redis, PyTorch, Python",18,1.2,Bachelor,2,1 Certified,1,NLP Engineer,3,2,82.2,889,Hire
RES-2025-0137,Emily Davis,"React, Kubernetes, Spark, Python, Git, Docker, FastAPI, TensorFlow, GCP, Flask, OpenCV, Redis, PyTorch, SQL, NLP, PostgreSQL, AWS, C++",18,2.2,Bachelor,2,1 Certified,1,Cloud Architect,2,5,79.6,650,Hire
RES-2025-0138,Anita Roy,"React, SQL, Flask, FastAPI, AWS, NLP, TensorFlow",7,3.6,Master,2,1 Certified,1,Cloud Architect,0,9,32.2,226,Reject
RES-2025-0139,Alex Johnson,"Spark, Flask, NLP, PyTorch, React, TensorFlow, Python, Docker, AWS, PostgreSQL, SQL, FastAPI",12,1.4,Bachelor,2,1 Certified,1,Full Stack Developer,3,11,61.7,156,Hire
RES-2025-0140,Michael Brown,"Redis, AWS",2,10.7,Bachelor,2,None,0,Full Stack Developer,6,12,73.8,333,Hire
RES-2025-0141,Priya Sharma,"NLP, OpenCV, AWS, Spark, SQL, Flask, Redis",7,9.8,Diploma,1,3 Certified,3,NLP Engineer,4,4,94.4,381,Hire
RES-2025-0142,Priya Sharma,"PyTorch, TensorFlow, C++, OpenCV, GCP, AWS, NLP",7,0.9,Diploma,1,None,0,Backend Engineer,0,8,84.9,810,Reject
RES-2025-0143,Priya Sharma,"PyTorch, NLP, OpenCV, GCP, Spark, React, Git, Redis, Flask, Python, FastAPI, SQL, TensorFlow, C++, AWS, Docker, Kubernetes, PostgreSQL",18,2.1,PhD,3,1 Certified,1,Cloud Architect,6,7,90.4,456,Hire
RES-2025-0144,Sophia Chen,"C++, Kubernetes, FastAPI, PostgreSQL, React, TensorFlow, Spark",7,1.1,Master,2,1 Certified,1,Data Scientist,0,2,58.4,227,Hire
RES-2025-0145,Michael Brown,"Kubernetes, Python, AWS, C++, NLP, Spark, Docker, SQL, PostgreSQL, OpenCV, Git, PyTorch, FastAPI, Flask, React, Redis, GCP, TensorFlow",18,1.0,Master,2,None,0,Backend Engineer,3,12,81.0,307,Hire
RES-2025-0146,Emily Davis,"TensorFlow, Python, Git, NLP",4,0.1,Bachelor,2,None,0,Backend Engineer,0,3,58.0,720,Reject
RES-2025-0147,Michael Brown,"TensorFlow, React",2,2.8,Bachelor,2,1 Certified,1,Data Scientist,6,7,30.8,573,Hire
RES-2025-0148,Priya Sharma,"FastAPI, NLP, SQL, Kubernetes, OpenCV, TensorFlow, C++, Flask, GCP, Git, Redis, PyTorch",12,2.1,Diploma,1,1 Certified,1,NLP Engineer,2,8,80.9,519,Hire
RES-2025-0149,Sophia Chen,"PostgreSQL, OpenCV, GCP, PyTorch, TensorFlow, Flask, Python, Redis, SQL, Kubernetes, Git, Docker",12,0.2,Bachelor,2,2 Certified,2,Cloud Architect,4,3,49.5,767,Reject
RES-2025-0150,Sophia Chen,"SQL, C++, Kubernetes, Flask, React, Spark, PostgreSQL",7,1.0,Bachelor,2,1 Certified,1,Backend Engineer,2,7,48.2,552,Hire
RES-2025-0151,Sophia Chen,"FastAPI, SQL, Python, React, NLP, GCP, Docker",7,7.2,Bachelor,2,None,0,Cloud Architect,0,14,85.1,568,Hire
RES-2025-0152,David Kim,"NLP, AWS, Flask, React, OpenCV, C++, Spark",7,0.8,Diploma,1,4 Certified,4,NLP Engineer,4,7,64.7,858,Hire
RES-2025-0153,Alex Johnson,"React, TensorFlow, Docker, C++, PostgreSQL, Kubernetes, GCP, SQL, Redis, Python, OpenCV, NLP",12,0.5,Bachelor,2,2 Certified,2,Machine Learning Engineer,0,2,46.8,672,Reject
RES-2025-0154,Sophia Chen,"C++, GCP, Flask, SQL, Python, NLP, PyTorch",7,2.0,Bachelor,2,3 Certified,3,Machine Learning Engineer,0,14,91.1,295,Hire
RES-2025-0155,Emily Davis,"OpenCV, Redis, PostgreSQL, SQL, NLP, PyTorch, Spark",7,12.7,Master,2,1 Certified,1,Machine Learning Engineer,2,1,82.7,267,Hire
RES-2025-0156,Emily Davis,"SQL, NLP, FastAPI, AWS, TensorFlow, PostgreSQL, GCP",7,0.8,Bachelor,2,1 Certified,1,NLP Engineer,5,3,42.1,823,Hire
RES-2025-0157,Alex Johnson,"OpenCV, GCP, Spark, FastAPI, Python, React, Docker, C++, Flask, PyTorch, AWS, Redis",12,3.3,Master,2,None,0,Data Scientist,1,8,37.4,836,Hire
RES-2025-0158,Emily Davis,"C++, Docker, React, SQL, Spark, NLP, Git",7,4.3,Bachelor,2,1 Certified,1,Data Scientist,4,10,35.5,287,Hire
RES-2025-0159,Sophia Chen,"SQL, React, Flask, AWS",4,0.8,Bachelor,2,1 Certified,1,Full Stack Developer,3,7,42.1,800,Hire
RES-2025-0160,David Kim,"PostgreSQL, Git, Flask, TensorFlow, SQL, NLP, Redis",7,3.9,Diploma,1,None,0,Machine Learning Engineer,3,3,42.7,543,Reject
RES-2025-0161,Anita Roy,"PostgreSQL, Spark, GCP, NLP, TensorFlow, PyTorch, Git",7,1.4,Diploma,1,2 Certified,2,Data Scientist,0,5,44.6,445,Hire
RES-2025-0162,Anita Roy,"PostgreSQL, Redis, Docker, Git, PyTorch, Flask, AWS",7,3.0,Master,2,None,0,Machine Learning Engineer,6,12,58.7,373,Reject
RES-2025-0163,Priya Sharma,"NLP, Git, PyTorch, FastAPI, Flask, SQL, PostgreSQL, GCP, React, Docker, AWS, OpenCV",12,3.0,Master,2,1 Certified,1,Cloud Architect,4,11,57.8,780,Hire
RES-2025-0164,Sophia Chen,"PyTorch, React, AWS, Git, PostgreSQL, TensorFlow, SQL, Flask, Kubernetes, GCP, FastAPI, NLP",12,2.3,PhD,3,2 Certified,2,Machine Learning Engineer,2,14,72.6,868,Hire
RES-2025-0165,Sophia Chen,"Kubernetes, NLP",2,0.3,Master,2,1 Certified,1,NLP Engineer,1,10,71.1,792,Hire
RES-2025-0166,Anita Roy,"TensorFlow, C++",2,5.4,Bachelor,2,None,0,Data Scientist,3,8,51.3,152,Reject
RES-2025-0167,Priya Sharma,"GCP, React, TensorFlow, C++, AWS, OpenCV, Docker, FastAPI, Redis, NLP, Flask, PostgreSQL",12,1.2,Master,2,None,0,Full Stack Developer,1,10,85.4,501,Hire
RES-2025-0168,Alex Johnson,"GCP, Python",2,0.6,Bachelor,2,2 Certified,2,NLP Engineer,3,1,94.5,588,Hire
RES-2025-0169,David Kim,"Git, SQL, AWS, PyTorch, Kubernetes, Redis, Flask, GCP, C++, TensorFlow, Python, Docker, FastAPI, PostgreSQL, Spark, OpenCV, NLP, React",18,0.1,Diploma,1,1 Certified,1,Backend Engineer,4,4,63.8,605,Hire
RES-2025-0170,Emily Davis,"Spark, Flask, PostgreSQL, PyTorch, Docker, OpenCV, GCP, React, Kubernetes, SQL, AWS, TensorFlow",12,2.7,Bachelor,2,2 Certified,2,Backend Engineer,5,11,39.3,693,Hire
RES-2025-0171,David Kim,"OpenCV, Flask, Spark, Git, Kubernetes, NLP, Docker",7,3.4,Diploma,1,None,0,Machine Learning Engineer,4,12,55.0,589,Hire
RES-2025-0172,David Kim,"TensorFlow, NLP, Git, C++",4,0.1,Master,2,None,0,Cloud Architect,2,4,63.7,671,Hire
RES-2025-0173,Michael Brown,"PyTorch, NLP, PostgreSQL, OpenCV",4,2.2,Bachelor,2,1 Certified,1,Full Stack Developer,0,9,87.8,162,Reject
RES-2025-0174,Emily Davis,"Spark, React",2,0.8,Bachelor,2,None,0,NLP Engineer,6,2,31.1,219,Hire
RES-2025-0175,Sophia Chen,"PyTorch, C++",2,3.1,Bachelor,2,1 Certified,1,Full Stack Developer,6,7,57.5,561,Hire
RES-2025-0176,David Kim,"Git, TensorFlow, OpenCV, C++",4,0.6,Bachelor,2,None,0,Full Stack Developer,5,13,84.2,847,Hire
RES-2025-0177,Rahul Verma,"NLP, PyTorch, FastAPI, Redis, OpenCV, GCP, PostgreSQL",7,3.5,Bachelor,2,None,0,Cloud Architect,5,11,78.1,272,Hire
RES-2025-0178,David Kim,"SQL, PostgreSQL, React, AWS, GCP, C++, Redis, Flask, TensorFlow, FastAPI, Git, Spark",12,1.5,Master,2,None,0,Machine Learning Engineer,6,1,51.8,589,Hire
RES-2025-0179,Priya Sharma,"TensorFlow, PostgreSQL, GCP, AWS",4,8.3,Bachelor,2,1 Certified,1,Full Stack Developer,1,6,40.2,941,Hire
RES-2025-0180,Priya Sharma,"Redis, Python, PyTorch, Spark",4,0.4,Master,2,None,0,NLP Engineer,2,7,89.8,333,Reject
RES-2025-0181,Alex Johnson,"Spark, NLP, Kubernetes, Docker, OpenCV, React, SQL",7,1.3,Bachelor,2,None,0,Data Scientist,0,9,73.8,203,Hire
RES-2025-0182,Alex Johnson,"TensorFlow, GCP, Git, C++, Spark, Flask, SQL, PyTorch, AWS, NLP, Python, FastAPI, Kubernetes, OpenCV, Redis, Docker, PostgreSQL, React",18,0.4,Bachelor,2,4 Certified,4,Backend Engineer,5,9,79.4,401,Hire
RES-2025-0183,Michael Brown,"FastAPI, React",2,7.8,Bachelor,2,1 Certified,1,Machine Learning Engineer,2,1,79.3,535,Hire
RES-2025-0184,Rahul Verma,"Redis, NLP",2,6.3,Bachelor,2,4 Certified,4,Backend Engineer,5,5,36.0,387,Hire
RES-2025-0185,Michael Brown,"React, GCP, TensorFlow, Git, PyTorch, AWS, PostgreSQL, Kubernetes, OpenCV, Spark, Python, Docker",12,0.9,Bachelor,2,None,0,Data Scientist,2,14,50.5,552,Hire
RES-2025-0186,Emily Davis,"AWS, NLP, TensorFlow, Docker",4,3.2,Bachelor,2,2 Certified,2,Machine Learning Engineer,1,2,40.7,627,Hire
RES-2025-0187,Priya Sharma,"OpenCV, GCP, Git, NLP, Flask, PyTorch, C++",7,5.1,Bachelor,2,1 Certified,1,Cloud Architect,5,10,32.6,485,Hire
RES-2025-0188,Sophia Chen,"C++, Redis, PyTorch, Kubernetes, Flask, Spark, TensorFlow, Python, OpenCV, NLP, Docker, GCP, AWS, Git, PostgreSQL, FastAPI, React, SQL",18,2.4,Master,2,4 Certified,4,Backend Engineer,1,14,56.0,852,Hire
RES-2025-0189,Priya Sharma,"AWS, TensorFlow, Python, PyTorch, Docker, Kubernetes, NLP",7,2.3,Master,2,None,0,Data Scientist,0,1,91.2,201,Hire
RES-2025-0190,Michael Brown,"C++, PostgreSQL, Python, OpenCV, Kubernetes, GCP, TensorFlow, SQL, Docker, React, Flask, AWS",12,0.8,Bachelor,2,None,0,Full Stack Developer,4,10,46.0,452,Hire
RES-2025-0191,Anita Roy,"AWS, C++",2,0.3,Bachelor,2,None,0,Full Stack Developer,1,11,94.6,706,Reject
RES-2025-0192,Michael Brown,"React, PostgreSQL, Redis, SQL, Git, AWS, GCP, OpenCV, Flask, TensorFlow, Python, C++",12,6.8,Bachelor,2,None,0,Data Scientist,0,13,94.4,692,Hire
RES-2025-0193,Sophia Chen,"Docker, NLP, Redis, Flask, AWS, C++, React, Python, FastAPI, OpenCV, SQL, Spark, PyTorch, PostgreSQL, GCP, TensorFlow, Git, Kubernetes",18,6.9,Master,2,None,0,Cloud Architect,2,10,66.6,726,Hire
RES-2025-0194,Anita Roy,"SQL, PostgreSQL, PyTorch, Redis, Python, Docker, Git",7,3.0,Bachelor,2,1 Certified,1,Machine Learning Engineer,2,10,43.1,283,Hire
RES-2025-0195,David Kim,"Kubernetes, PyTorch, Python, TensorFlow, Git, React, GCP, Redis, AWS, SQL, FastAPI, C++, Spark, Docker, PostgreSQL, NLP, OpenCV, Flask",18,1.2,Bachelor,2,None,0,NLP Engineer,6,11,92.4,814,Hire
RES-2025-0196,Emily Davis,"SQL, C++, Git, React",4,1.3,Bachelor,2,None,0,Cloud Architect,0,12,91.7,550,Reject
RES-2025-0197,Alex Johnson,"Kubernetes, NLP, Docker, GCP",4,3.9,Bachelor,2,None,0,Machine Learning Engineer,1,6,93.9,321,Hire
RES-2025-0198,Priya Sharma,"Kubernetes, GCP, Python, Flask, Docker, Spark, React, PyTorch, SQL, Redis, FastAPI, Git",12,6.8,Diploma,1,None,0,Cloud Architect,3,3,87.5,654,Hire
RES-2025-0199,Emily Davis,"Docker, PostgreSQL, NLP, TensorFlow, Redis, PyTorch, Python",7,6.5,Bachelor,2,None,0,Machine Learning Engineer,0,6,41.1,534,Hire
RES-2025-0200,Priya Sharma,"TensorFlow, Kubernetes, PostgreSQL, React, Python, OpenCV, Redis",7,4.5,Bachelor,2,3 Certified,3,Backend Engineer,0,2,51.5,344,Hire
RES-2025-0201,Rahul Verma,"Git, NLP, Docker, Python, OpenCV, FastAPI, AWS",7,3.1,Master,2,None,0,Data Scientist,0,7,35.7,827,Reject
RES-2025-0202,Anita Roy,"Python, OpenCV, SQL, Kubernetes",4,0.3,Bachelor,2,None,0,Machine Learning Engineer,2,13,55.8,650,Reject
RES-2025-0203,Rahul Verma,"FastAPI, C++",2,0.5,Bachelor,2,3 Certified,3,Data Scientist,1,8,32.9,600,Reject
RES-2025-0204,Sophia Chen,"PyTorch, Flask, Docker, FastAPI, Kubernetes, SQL, AWS, OpenCV, Git, PostgreSQL, Python, Spark",12,6.9,Bachelor,2,1 Certified,1,Full Stack Developer,5,14,90.9,736,Hire
RES-2025-0205,Anita Roy,"C++, PyTorch, Flask, Redis",4,2.8,Master,2,1 Certified,1,Backend Engineer,1,13,42.5,193,Hire
RES-2025-0206,Michael Brown,"Flask, AWS, Kubernetes, GCP",4,0.0,Master,2,2 Certified,2,Machine Learning Engineer,3,9,55.8,483,Reject
RES-2025-0207,Anita Roy,"Python, Redis, Spark, PyTorch, OpenCV, TensorFlow, C++, Git, Kubernetes, GCP, AWS, Flask, FastAPI, React, PostgreSQL, NLP, Docker, SQL",18,0.3,Bachelor,2,1 Certified,1,NLP Engineer,0,3,47.9,297,Hire
RES-2025-0208,Michael Brown,"Kubernetes, NLP",2,3.3,Diploma,1,1 Certified,1,Data Scientist,2,1,52.0,460,Reject
RES-2025-0209,Anita Roy,"Docker, NLP, Flask, PostgreSQL, React, Redis, SQL, GCP, OpenCV, PyTorch, FastAPI, C++",12,0.0,Bachelor,2,2 Certified,2,Cloud Architect,3,13,63.6,532,Hire
RES-2025-0210,David Kim,"Redis, C++",2,0.5,Bachelor,2,2 Certified,2,Full Stack Developer,0,3,42.5,355,Reject
RES-2025-0211,Sophia Chen,"PyTorch, React",2,2.4,Master,2,None,0,NLP Engineer,4,7,71.3,276,Hire
RES-2025-0212,Sophia Chen,"GCP, SQL, PostgreSQL, Git",4,3.5,Bachelor,2,None,0,Data Scientist,5,14,74.8,441,Hire
RES-2025-0213,Alex Johnson,"OpenCV, NLP, Redis, Kubernetes",4,3.2,Bachelor,2,1 Certified,1,Full Stack Developer,0,14,80.7,935,Hire
RES-2025-0214,Anita Roy,"SQL, Python, NLP, Flask, Git, C++, GCP, Kubernetes, React, OpenCV, AWS, PostgreSQL, TensorFlow, Docker, FastAPI, Redis, PyTorch, Spark",18,0.8,Bachelor,2,2 Certified,2,NLP Engineer,4,2,30.5,828,Reject
RES-2025-0215,Emily Davis,"Git, FastAPI, Docker, NLP, PyTorch, SQL, Flask",7,3.7,Bachelor,2,2 Certified,2,Data Scientist,5,12,91.9,817,Hire
RES-2025-0216,David Kim,"NLP, PyTorch, C++, Kubernetes, SQL, GCP, TensorFlow",7,0.8,Master,2,1 Certified,1,Data Scientist,2,7,56.3,904,Hire
RES-2025-0217,Sophia Chen,"NLP, PostgreSQL, React, AWS",4,1.2,Bachelor,2,None,0,Cloud Architect,4,3,49.1,632,Hire
RES-2025-0218,Rahul Verma,"FastAPI, SQL, Kubernetes, PostgreSQL, PyTorch, Docker, Redis, C++, Flask, OpenCV, React, TensorFlow",12,4.1,Bachelor,2,None,0,Machine Learning Engineer,3,1,86.3,747,Hire
RES-2025-0219,Priya Sharma,"OpenCV, Redis, Docker, Spark, Kubernetes, FastAPI, AWS",7,3.1,Bachelor,2,None,0,Backend Engineer,1,4,52.3,733,Reject
RES-2025-0220,Anita Roy,"SQL, TensorFlow",2,5.7,Bachelor,2,1 Certified,1,Backend Engineer,2,11,33.8,612,Hire
RES-2025-0221,David Kim,"SQL, PostgreSQL, TensorFlow, Redis, Git, OpenCV, Kubernetes",7,3.2,Bachelor,2,1 Certified,1,NLP Engineer,3,1,32.5,354,Reject
RES-2025-0222,Alex Johnson,"Redis, OpenCV, Python, Kubernetes, PostgreSQL, GCP, React, Docker, C++, SQL, Flask, PyTorch, Spark, Git, TensorFlow, AWS, NLP, FastAPI",18,2.5,Bachelor,2,None,0,Cloud Architect,4,10,64.1,594,Hire
RES-2025-0223,David Kim,"PostgreSQL, React, OpenCV, TensorFlow",4,0.3,Master,2,3 Certified,3,NLP Engineer,0,4,44.6,284,Hire
RES-2025-0224,Alex Johnson,"SQL, Docker, React, PostgreSQL, Kubernetes, C++, Python",7,1.4,Bachelor,2,1 Certified,1,Full Stack Developer,4,1,68.6,199,Hire
RES-2025-0225,Alex Johnson,"Docker, Spark",2,0.9,Bachelor,2,None,0,Data Scientist,3,12,40.0,861,Reject
RES-2025-0226,Alex Johnson,"Docker, Redis, AWS, Git",4,0.8,Bachelor,2,None,0,Machine Learning Engineer,4,12,70.2,439,Hire
RES-2025-0227,Priya Sharma,"OpenCV, AWS, FastAPI, SQL, React, PostgreSQL, Flask",7,10.8,Bachelor,2,1 Certified,1,Backend Engineer,5,8,51.5,152,Hire
RES-2025-0228,Priya Sharma,"PostgreSQL, Flask, TensorFlow, C++, AWS, PyTorch, React, GCP, Redis, Docker, NLP, FastAPI, OpenCV, Spark, Python, Git, SQL, Kubernetes",18,1.5,Master,2,None,0,Cloud Architect,2,7,78.0,247,Hire
RES-2025-0229,Alex Johnson,"Flask, SQL",2,6.7,Bachelor,2,3 Certified,3,Full Stack Developer,2,12,36.0,500,Hire
RES-2025-0230,Michael Brown,"GCP, AWS, C++, React, Spark, NLP, OpenCV",7,3.0,Bachelor,2,2 Certified,2,Machine Learning Engineer,1,12,77.2,313,Hire
RES-2025-0231,Anita Roy,"GCP, SQL, C++, PostgreSQL, Redis, Git, Python, Kubernetes, TensorFlow, NLP, AWS, React",12,4.8,Master,2,1 Certified,1,Machine Learning Engineer,2,11,50.4,871,Hire
RES-2025-0232,Sophia Chen,"Kubernetes, Redis, Docker, OpenCV, FastAPI, React, PostgreSQL, NLP, SQL, GCP, TensorFlow, AWS, Flask, Git, Python, C++, Spark, PyTorch",18,2.1,Master,2,2 Certified,2,Machine Learning Engineer,6,8,50.8,488,Hire
RES-2025-0233,Alex Johnson,"FastAPI, C++, Redis, Spark, Docker, PyTorch, NLP",7,2.6,Bachelor,2,1 Certified,1,Machine Learning Engineer,6,8,59.1,271,Reject
RES-2025-0234,Alex Johnson,"Spark, PyTorch",2,2.0,Bachelor,2,None,0,Machine Learning Engineer,6,10,92.6,802,Hire
RES-2025-0235,Sophia Chen,"GCP, Kubernetes, React, Spark, Python, Docker, NLP",7,0.7,Bachelor,2,2 Certified,2,Full Stack Developer,3,12,72.7,883,Hire
RES-2025-0236,Priya Sharma,"NLP, Python, Kubernetes, SQL, Spark, PostgreSQL, Flask, AWS, C++, GCP, PyTorch, Redis",12,3.8,Master,2,1 Certified,1,Cloud Architect,5,12,56.6,410,Hire
RES-2025-0237,Sophia Chen,"C++, OpenCV",2,1.0,Bachelor,2,2 Certified,2,Cloud Architect,2,2,79.2,197,Reject
RES-2025-0238,Priya Sharma,"GCP, FastAPI, Flask, NLP, Python, AWS, React, Spark, C++, OpenCV, Redis, PostgreSQL",12,0.1,Master,2,3 Certified,3,Cloud Architect,4,3,77.5,281,Hire
RES-2025-0239,Emily Davis,"C++, Spark, NLP, Flask, OpenCV, SQL, GCP",7,3.1,Bachelor,2,None,0,NLP Engineer,4,12,87.6,674,Hire
RES-2025-0240,Emily Davis,"FastAPI, OpenCV, Redis, Docker, Git, React, Flask, Kubernetes, SQL, TensorFlow, AWS, C++",12,0.6,Bachelor,2,1 Certified,1,Cloud Architect,0,13,52.9,641,Hire
RES-2025-0241,Michael Brown,"FastAPI, Git, Spark, C++, Python, AWS, PyTorch",7,8.5,Diploma,1,None,0,Cloud Architect,0,4,47.4,314,Reject
RES-2025-0242,Rahul Verma,"PyTorch, Git",2,9.2,Bachelor,2,1 Certified,1,Data Scientist,6,8,36.7,841,Hire
RES-2025-0243,Sophia Chen,"FastAPI, C++, NLP, AWS, Redis, Spark, React, Flask, Python, OpenCV, GCP, Docker",12,7.4,PhD,3,4 Certified,4,Data Scientist,4,1,30.8,407,Hire
RES-2025-0244,Anita Roy,"React, OpenCV, Redis, Flask, NLP, TensorFlow, Kubernetes, PyTorch, C++, Git, FastAPI, Docker",12,1.4,Diploma,1,None,0,Data Scientist,1,3,68.0,411,Hire
RES-2025-0245,Anita Roy,"Flask, PyTorch, FastAPI, GCP, SQL, Git, Python, Kubernetes, C++, PostgreSQL, NLP, OpenCV",12,0.0,Bachelor,2,None,0,Cloud Architect,2,9,44.3,338,Hire
RES-2025-0246,David Kim,"FastAPI, C++, TensorFlow, SQL, Docker, Spark, Kubernetes",7,7.9,Bachelor,2,None,0,Backend Engineer,6,10,64.5,724,Hire
RES-2025-0247,Alex Johnson,"React, GCP",2,1.7,Bachelor,2,1 Certified,1,Full Stack Developer,1,1,74.4,478,Hire
RES-2025-0248,Priya Sharma,"FastAPI, Git, Python, GCP",4,10.2,Bachelor,2,2 Certified,2,Full Stack Developer,6,9,59.0,194,Hire
RES-2025-0249,Sophia Chen,"TensorFlow, Docker, SQL, C++",4,9.9,Bachelor,2,None,0,Machine Learning Engineer,1,11,70.9,368,Hire
RES-2025-0250,Michael Brown,"OpenCV, Spark, TensorFlow, React, Kubernetes, PostgreSQL, Python, NLP, SQL, GCP, PyTorch, AWS",12,5.8,Diploma,1,2 Certified,2,Full Stack Developer,0,10,83.4,414,Hire
RES-2025-0251,Anita Roy,"Spark, Kubernetes, Python, OpenCV, Redis, PyTorch, AWS",7,1.0,Diploma,1,2 Certified,2,Machine Learning Engineer,6,12,68.1,867,Hire
RES-2025-0252,Emily Davis,"Docker, Git, Redis, PostgreSQL, PyTorch, Flask, NLP, OpenCV, Kubernetes, Python, React, Spark, C++, GCP, SQL, TensorFlow, FastAPI, AWS",18,1.5,PhD,3,None,0,Cloud Architect,6,14,77.4,532,Hire
RES-2025-0253,Alex Johnson,"FastAPI, Flask, Docker, Python, GCP, Git, C++",7,5.7,Bachelor,2,1 Certified,1,Machine Learning Engineer,2,4,78.6,893,Hire
RES-2025-0254,Michael Brown,"Redis, Flask, SQL, TensorFlow, Docker, Git, FastAPI, Spark, PyTorch, GCP, Python, OpenCV, React, Kubernetes, NLP, C++, PostgreSQL, AWS",18,1.1,Diploma,1,2 Certified,2,NLP Engineer,2,6,38.3,821,Hire
RES-2025-0255,Rahul Verma,"OpenCV, Kubernetes, PostgreSQL, NLP, SQL, Git, Redis",7,0.6,Bachelor,2,1 Certified,1,Full Stack Developer,4,6,82.5,588,Hire
RES-2025-0256,Emily Davis,"NLP, Spark, AWS, Redis",4,2.4,Bachelor,2,1 Certified,1,Data Scientist,3,8,58.9,943,Hire
RES-2025-0257,Priya Sharma,"TensorFlow, AWS, Flask, GCP",4,8.3,Bachelor,2,None,0,Cloud Architect,0,12,34.9,169,Hire
RES-2025-0258,Alex Johnson,"C++, OpenCV, PyTorch, AWS, Flask, GCP, FastAPI, NLP, TensorFlow, SQL, Redis, PostgreSQL",12,3.6,Master,2,1 Certified,1,Data Scientist,1,8,62.6,242,Hire
RES-2025-0259,Alex Johnson,"SQL, Redis, Flask, NLP, TensorFlow, Spark, Git",7,2.5,Master,2,1 Certified,1,Backend Engineer,5,12,61.4,517,Hire
RES-2025-0260,Anita Roy,"AWS, React, NLP, Python",4,0.3,Bachelor,2,1 Certified,1,Data Scientist,3,8,89.7,197,Hire
RES-2025-0261,Emily Davis,"Redis, AWS",2,2.9,Master,2,None,0,Full Stack Developer,4,3,54.5,537,Hire
RES-2025-0262,Priya Sharma,"C++, NLP, FastAPI, SQL, Spark, GCP, Redis",7,13.8,Master,2,3 Certified,3,Machine Learning Engineer,4,3,58.6,385,Hire
RES-2025-0263,Rahul Verma,"SQL, FastAPI, React, Git",4,0.5,Master,2,None,0,Backend Engineer,3,13,51.5,266,Hire
RES-2025-0264,Anita Roy,"SQL, Spark, Python, Docker, PostgreSQL, TensorFlow, Git",7,2.2,Bachelor,2,None,0,Full Stack Developer,0,10,39.5,320,Hire
RES-2025-0265,David Kim,"C++, Python, Git, PyTorch, Docker, NLP, PostgreSQL",7,6.3,PhD,3,2 Certified,2,Backend Engineer,1,14,56.7,296,Hire
RES-2025-0266,David Kim,"Redis, AWS, SQL, React, Kubernetes, PostgreSQL, NLP",7,4.1,Bachelor,2,None,0,NLP Engineer,3,3,37.1,357,Hire
RES-2025-0267,Michael Brown,"Docker, SQL, PostgreSQL, GCP, Git, Spark, Python, AWS, Kubernetes, PyTorch, C++, FastAPI",12,3.6,Bachelor,2,3 Certified,3,Full Stack Developer,6,1,88.3,943,Hire
RES-2025-0268,Michael Brown,"React, PyTorch, Spark, Docker, C++, NLP, OpenCV",7,3.6,Bachelor,2,2 Certified,2,Cloud Architect,4,2,57.7,410,Hire
RES-2025-0269,Sophia Chen,"TensorFlow, Git, Spark, Flask, Docker, Python, React, C++, Redis, AWS, PyTorch, GCP, Kubernetes, PostgreSQL, NLP, FastAPI, OpenCV, SQL",18,1.3,Bachelor,2,None,0,Cloud Architect,4,5,47.0,698,Hire
RES-2025-0270,Emily Davis,"C++, OpenCV, Spark, AWS, FastAPI, GCP, NLP",7,1.0,Bachelor,2,1 Certified,1,NLP Engineer,2,5,67.5,942,Hire
RES-2025-0271,David Kim,"Docker, NLP, GCP, C++, React, TensorFlow, PyTorch, FastAPI, AWS, OpenCV, SQL, Git",12,5.0,Bachelor,2,1 Certified,1,Cloud Architect,0,3,55.3,801,Hire
RES-2025-0272,Priya Sharma,"PostgreSQL, Spark, TensorFlow, PyTorch, Flask, Docker, SQL, GCP, Git, Python, OpenCV, C++",12,5.0,Bachelor,2,1 Certified,1,Cloud Architect,4,1,91.5,329,Hire
RES-2025-0273,Anita Roy,"Redis, Git",2,6.1,Bachelor,2,2 Certified,2,Full Stack Developer,4,12,45.1,323,Hire
RES-2025-0274,Emily Davis,"Python, SQL, TensorFlow, Flask",4,7.3,Master,2,None,0,NLP Engineer,3,10,43.0,165,Hire
RES-2025-0275,Priya Sharma,"FastAPI, Git, React, SQL, Spark, Flask, Docker, Redis, PostgreSQL, NLP, OpenCV, C++, Python, TensorFlow, PyTorch, Kubernetes, GCP, AWS",18,2.1,Bachelor,2,None,0,Machine Learning Engineer,6,9,92.2,700,Hire
RES-2025-0276,Rahul Verma,"C++, PostgreSQL, NLP, FastAPI, SQL, GCP, Redis",7,2.1,Bachelor,2,3 Certified,3,Machine Learning Engineer,3,2,46.8,541,Hire
RES-2025-0277,Sophia Chen,"NLP, Kubernetes, Spark, SQL, AWS, PostgreSQL, Python",7,4.8,Master,2,None,0,Data Scientist,0,7,73.8,500,Hire
RES-2025-0278,David Kim,"React, OpenCV, AWS, TensorFlow, FastAPI, Kubernetes, Docker",7,3.1,Bachelor,2,None,0,Cloud Architect,1,14,47.3,384,Hire
RES-2025-0279,Sophia Chen,"React, Flask, Docker, PyTorch, GCP, Kubernetes, C++, NLP, Git, Python, AWS, OpenCV",12,3.6,Bachelor,2,1 Certified,1,NLP Engineer,4,14,47.9,337,Hire
RES-2025-0280,Rahul Verma,"Flask, PyTorch, Spark, NLP",4,4.8,Master,2,None,0,Data Scientist,3,14,74.6,328,Hire
RES-2025-0281,Priya Sharma,"GCP, Kubernetes, Python, PostgreSQL, Redis, Docker, OpenCV",7,6.6,Bachelor,2,None,0,Full Stack Developer,6,5,42.2,419,Hire
RES-2025-0282,Anita Roy,"Kubernetes, React, SQL, NLP, OpenCV, Docker, Spark, PostgreSQL, FastAPI, Redis, Flask, C++, PyTorch, GCP, Git, TensorFlow, Python, AWS",18,1.2,Master,2,2 Certified,2,Full Stack Developer,3,14,54.8,299,Hire
RES-2025-0283,David Kim,"Python, SQL, Spark, NLP, TensorFlow, Kubernetes, AWS",7,1.4,Bachelor,2,None,0,NLP Engineer,2,5,66.5,731,Hire
RES-2025-0284,Priya Sharma,"PyTorch, OpenCV, AWS, NLP, Spark, Kubernetes, FastAPI",7,0.3,Bachelor,2,None,0,Data Scientist,2,9,66.2,413,Hire
RES-2025-0285,Michael Brown,"OpenCV, SQL",2,2.6,PhD,3,None,0,Data Scientist,5,9,61.7,904,Hire
RES-2025-0286,Priya Sharma,"Git, GCP, Flask, Spark",4,0.1,Bachelor,2,2 Certified,2,Data Scientist,3,11,69.8,564,Hire
RES-2025-0287,Priya Sharma,"Kubernetes, NLP",2,1.9,Bachelor,2,1 Certified,1,Cloud Architect,2,10,71.9,427,Reject
RES-2025-0288,Emily Davis,"Redis, GCP, Spark, TensorFlow, FastAPI, Python, PostgreSQL, Docker, Flask, PyTorch, Kubernetes, AWS",12,2.3,Bachelor,2,None,0,NLP Engineer,4,1,31.7,556,Hire
RES-2025-0289,Priya Sharma,"Flask, TensorFlow",2,1.0,Bachelor,2,3 Certified,3,Data Scientist,1,4,77.9,603,Hire
RES-2025-0290,David Kim,"SQL, Python, PyTorch, Kubernetes, FastAPI, Spark, NLP",7,2.7,Bachelor,2,2 Certified,2,Data Scientist,4,8,38.8,864,Hire
RES-2025-0291,Anita Roy,"Spark, Redis, Git, GCP, SQL, NLP, AWS",7,0.1,Bachelor,2,None,0,Data Scientist,2,7,46.9,460,Hire
RES-2025-0292,David Kim,"PostgreSQL, Python, FastAPI, C++",4,0.1,Bachelor,2,None,0,NLP Engineer,6,5,68.8,157,Hire
RES-2025-0293,Sophia Chen,"FastAPI, Spark, C++, Docker, TensorFlow, React, PostgreSQL",7,5.2,Bachelor,2,2 Certified,2,Backend Engineer,2,2,57.4,395,Hire
RES-2025-0294,Rahul Verma,"FastAPI, AWS, Spark, Docker",4,1.3,Master,2,None,0,Data Scientist,0,11,59.6,613,Hire
RES-2025-0295,Anita Roy,"Python, Flask, PyTorch, AWS",4,0.4,Diploma,1,4 Certified,4,Data Scientist,2,3,76.5,894,Hire
RES-2025-0296,Priya Sharma,"PostgreSQL, OpenCV, Kubernetes, Redis",4,2.2,Bachelor,2,2 Certified,2,Data Scientist,3,12,81.4,488,Hire
RES-2025-0297,David Kim,"C++, TensorFlow",2,4.4,Bachelor,2,None,0,Data Scientist,6,7,83.8,274,Reject
RES-2025-0298,Sophia Chen,"GCP, NLP, PyTorch, Docker",4,0.7,Bachelor,2,2 Certified,2,Full Stack Developer,5,4,60.7,847,Reject
RES-2025-0299,Emily Davis,"PyTorch, Redis, Docker, Flask",4,2.9,Bachelor,2,None,0,Data Scientist,0,14,73.3,265,Hire
RES-2025-0300,Michael Brown,"SQL, AWS, Docker, OpenCV",4,0.3,Master,2,None,0,Machine Learning Engineer,4,13,74.9,854,Hire
RES-2025-0301,Emily Davis,"NLP, SQL, PostgreSQL, PyTorch, Kubernetes, Git, Redis, Spark, Python, C++, React, FastAPI",12,0.2,Bachelor,2,1 Certified,1,Machine Learning Engineer,1,8,45.1,721,Hire
RES-2025-0302,Emily Davis,"GCP, OpenCV, Python, React, Redis, SQL, FastAPI, TensorFlow, Flask, PostgreSQL, NLP, C++",12,2.3,Bachelor,2,None,0,Cloud Architect,3,4,66.8,706,Hire
RES-2025-0303,Anita Roy,"FastAPI, SQL, TensorFlow, AWS",4,2.3,Bachelor,2,None,0,Data Scientist,4,6,59.5,944,Hire
RES-2025-0304,Michael Brown,"Python, React, NLP, SQL, Redis, PyTorch, Kubernetes, AWS, OpenCV, Docker, PostgreSQL, Git",12,3.0,Bachelor,2,1 Certified,1,Data Scientist,3,11,50.9,248,Hire
RES-2025-0305,Priya Sharma,"Flask, SQL",2,3.9,Master,2,None,0,NLP Engineer,1,2,32.1,807,Reject
RES-2025-0306,Anita Roy,"AWS, PyTorch, React, Docker, Git, PostgreSQL, Redis",7,11.2,Diploma,1,3 Certified,3,Cloud Architect,3,14,35.2,804,Hire
RES-2025-0307,Michael Brown,"PyTorch, AWS, FastAPI, React, PostgreSQL, Flask, Spark, Docker, Redis, GCP, Git, SQL",12,2.2,Bachelor,2,None,0,Backend Engineer,4,11,46.2,790,Hire
RES-2025-0308,Michael Brown,"React, GCP, Spark, Redis, PyTorch, TensorFlow, C++, AWS, OpenCV, Kubernetes, SQL, NLP",12,1.2,Bachelor,2,4 Certified,4,NLP Engineer,2,6,65.8,482,Hire
RES-2025-0309,Michael Brown,"Spark, Kubernetes, NLP, Git, AWS, Docker, OpenCV, FastAPI, Flask, SQL, PostgreSQL, C++",12,4.8,PhD,3,None,0,Machine Learning Engineer,2,10,31.1,288,Reject
RES-2025-0310,Rahul Verma,"NLP, OpenCV",2,0.9,Master,2,None,0,Cloud Architect,6,5,89.7,673,Hire
RES-2025-0311,David Kim,"GCP, React",2,1.7,Bachelor,2,None,0,Full Stack Developer,1,4,46.7,457,Hire
RES-2025-0312,Michael Brown,"OpenCV, TensorFlow, Kubernetes, C++, NLP, Redis, Spark",7,0.2,Master,2,1 Certified,1,Full Stack Developer,6,2,68.7,457,Hire
RES-2025-0313,Michael Brown,"PyTorch, Kubernetes",2,0.1,Bachelor,2,2 Certified,2,NLP Engineer,6,2,86.5,382,Hire
RES-2025-0314,Alex Johnson,"C++, PyTorch, Git, AWS, Python, SQL, GCP",7,9.9,Bachelor,2,None,0,Cloud Architect,1,3,33.3,899,Reject
RES-2025-0315,Anita Roy,"Redis, TensorFlow, NLP, OpenCV, Flask, C++, GCP, FastAPI, Kubernetes, SQL, PyTorch, Docker",12,5.4,Bachelor,2,None,0,NLP Engineer,2,2,55.9,594,Hire
RES-2025-0316,David Kim,"PostgreSQL, OpenCV, FastAPI, Redis, Kubernetes, Git, Docker, AWS, C++, Spark, React, PyTorch",12,3.6,Diploma,1,2 Certified,2,Data Scientist,5,10,35.8,837,Hire
RES-2025-0317,Emily Davis,"Kubernetes, React, Python, C++",4,1.6,Bachelor,2,4 Certified,4,Full Stack Developer,6,13,58.7,299,Hire
RES-2025-0318,Sophia Chen,"React, Flask, TensorFlow, PyTorch",4,0.6,Master,2,None,0,Full Stack Developer,1,14,84.1,444,Hire
RES-2025-0319,Priya Sharma,"PostgreSQL, Python, Kubernetes, Docker",4,0.5,Master,2,None,0,Full Stack Developer,4,13,46.8,644,Hire
RES-2025-0320,David Kim,"Python, C++, PyTorch, Flask, TensorFlow, FastAPI, GCP",7,0.9,Bachelor,2,1 Certified,1,Data Scientist,0,8,72.6,158,Hire
RES-2025-0321,Rahul Verma,"React, Docker, Python, Flask, Spark, Kubernetes, OpenCV",7,2.4,Bachelor,2,None,0,Cloud Architect,0,6,61.5,761,Hire
RES-2025-0322,David Kim,"GCP, Python, PyTorch, Docker",4,3.8,Master,2,None,0,NLP Engineer,3,12,40.2,505,Hire
RES-2025-0323,Emily Davis,"NLP, Redis, AWS, C++, Python, Kubernetes, Flask",7,3.2,Master,2,3 Certified,3,Machine Learning Engineer,4,5,44.7,499,Hire
RES-2025-0324,David Kim,"C++, Redis",2,1.0,PhD,3,1 Certified,1,Cloud Architect,5,4,57.1,736,Hire
RES-2025-0325,Rahul Verma,"Kubernetes, GCP, Flask, Docker, FastAPI, TensorFlow, Git, AWS, Redis, C++, PostgreSQL, SQL, OpenCV, NLP, PyTorch, React, Python, Spark",18,9.3,Bachelor,2,1 Certified,1,Cloud Architect,0,3,50.6,299,Hire
RES-2025-0326,Emily Davis,"Spark, FastAPI, Git, NLP, React, Kubernetes, Redis, Flask, TensorFlow, Docker, PyTorch, GCP, OpenCV, Python, PostgreSQL, AWS, C++, SQL",18,4.0,Bachelor,2,None,0,Machine Learning Engineer,5,13,61.0,664,Hire
RES-2025-0327,Anita Roy,"React, SQL, C++, NLP, GCP, TensorFlow, PostgreSQL, Docker, Kubernetes, Python, OpenCV, Spark",12,2.4,PhD,3,3 Certified,3,NLP Engineer,1,12,73.6,357,Hire
RES-2025-0328,Priya Sharma,"GCP, PostgreSQL, Kubernetes, Spark",4,2.8,Bachelor,2,None,0,NLP Engineer,6,1,69.5,539,Hire
RES-2025-0329,Michael Brown,"FastAPI, Redis, PyTorch, AWS, PostgreSQL, NLP, C++",7,1.6,Master,2,None,0,Backend Engineer,4,9,55.7,902,Hire
RES-2025-0330,Michael Brown,"PyTorch, OpenCV, Git, NLP, Redis, Flask, C++",7,0.9,Bachelor,2,1 Certified,1,Full Stack Developer,0,12,63.6,295,Hire
RES-2025-0331,Anita Roy,"Redis, Docker",2,1.3,Bachelor,2,1 Certified,1,Cloud Architect,4,3,55.5,481,Hire
RES-2025-0332,David Kim,"OpenCV, GCP, TensorFlow, Flask, SQL, React, Kubernetes",7,4.3,Master,2,2 Certified,2,Cloud Architect,5,2,35.9,873,Hire
RES-2025-0333,Emily Davis,"C++, Redis",2,0.0,Bachelor,2,None,0,Full Stack Developer,3,1,79.9,493,Reject
RES-2025-0334,David Kim,"Flask, SQL, PyTorch, OpenCV",4,0.4,Bachelor,2,2 Certified,2,NLP Engineer,2,11,41.7,284,Reject
RES-2025-0335,Alex Johnson,"AWS, Python, GCP, NLP, Spark, PostgreSQL, FastAPI",7,0.1,Master,2,1 Certified,1,NLP Engineer,1,4,68.3,637,Hire
RES-2025-0336,Anita Roy,"Python, NLP",2,0.1,Master,2,None,0,Cloud Architect,4,14,83.6,200,Hire
RES-2025-0337,Alex Johnson,"PyTorch, Flask, FastAPI, Kubernetes, Git, Spark, Redis",7,5.8,Bachelor,2,None,0,Machine Learning Engineer,3,3,40.5,441,Hire
RES-2025-0338,David Kim,"React, PyTorch, TensorFlow, C++, Flask, SQL, GCP, OpenCV, Redis, Kubernetes, Git, PostgreSQL, Docker, NLP, Python, AWS, Spark, FastAPI",18,3.6,Bachelor,2,1 Certified,1,Cloud Architect,1,10,33.8,735,Hire
RES-2025-0339,Priya Sharma,"Git, Spark, Kubernetes, Flask, AWS, FastAPI, C++",7,1.9,Bachelor,2,None,0,Full Stack Developer,3,9,77.4,659,Hire
RES-2025-0340,David Kim,"NLP, Git, OpenCV, Python, PyTorch, GCP, FastAPI, Kubernetes, Spark, Docker, PostgreSQL, AWS, C++, TensorFlow, Flask, React, SQL, Redis",18,0.3,Bachelor,2,1 Certified,1,Data Scientist,6,2,50.0,668,Hire
RES-2025-0341,Alex Johnson,"Kubernetes, FastAPI",2,2.0,Bachelor,2,1 Certified,1,Machine Learning Engineer,6,3,42.6,496,Reject
RES-2025-0342,Anita Roy,"PyTorch, Flask, PostgreSQL, TensorFlow, Kubernetes, NLP, AWS, SQL, C++, OpenCV, Python, React, Redis, GCP, Spark, Docker, Git, FastAPI",18,1.9,Bachelor,2,None,0,Data Scientist,0,3,48.2,181,Hire
RES-2025-0343,Michael Brown,"SQL, C++, FastAPI, Git, PyTorch, Redis, Flask",7,0.6,Master,2,None,0,Machine Learning Engineer,2,7,35.6,393,Hire
RES-2025-0344,Rahul Verma,"Git, SQL, Docker, Redis",4,1.7,Master,2,2 Certified,2,Machine Learning Engineer,3,9,31.6,644,Reject
RES-2025-0345,David Kim,"PostgreSQL, Redis, Git, C++",4,1.5,Bachelor,2,2 Certified,2,Machine Learning Engineer,6,9,74.0,285,Hire
RES-2025-0346,Alex Johnson,"Redis, Docker, Python, Flask, PostgreSQL, Kubernetes, Git",7,2.9,Master,2,None,0,Machine Learning Engineer,0,9,79.8,913,Hire
RES-2025-0347,Rahul Verma,"OpenCV, Kubernetes, FastAPI, Docker, Flask, Spark, AWS",7,3.0,Bachelor,2,1 Certified,1,Machine Learning Engineer,2,3,40.2,267,Hire
RES-2025-0348,Priya Sharma,"React, Kubernetes, AWS, TensorFlow",4,0.1,Master,2,2 Certified,2,Full Stack Developer,1,3,34.6,777,Reject
RES-2025-0349,Anita Roy,"Python, PostgreSQL",2,1.4,Master,2,None,0,NLP Engineer,0,2,57.7,333,Reject
RES-2025-0350,Anita Roy,"Git, Kubernetes, OpenCV, React, C++, Redis, AWS",7,2.9,Diploma,1,3 Certified,3,NLP Engineer,4,3,36.0,865,Hire
RES-2025-0351,Anita Roy,"GCP, PostgreSQL, NLP, Docker",4,2.1,Bachelor,2,3 Certified,3,Data Scientist,2,7,41.9,831,Hire
RES-2025-0352,Emily Davis,"Python, TensorFlow, PostgreSQL, PyTorch, SQL, NLP, C++",7,5.8,Master,2,None,0,Data Scientist,4,10,38.3,255,Hire
RES-2025-0353,Priya Sharma,"TensorFlow, Git, GCP, OpenCV",4,3.2,Bachelor,2,None,0,Backend Engineer,4,3,93.3,543,Hire
RES-2025-0354,Sophia Chen,"Spark, FastAPI, Kubernetes, AWS, React, Docker, TensorFlow, PostgreSQL, PyTorch, NLP, Git, Flask",12,0.5,Bachelor,2,None,0,Machine Learning Engineer,6,8,41.5,565,Hire
RES-2025-0355,Priya Sharma,"C++, Kubernetes, PostgreSQL, Redis, GCP, Python, PyTorch",7,0.2,Bachelor,2,None,0,Full Stack Developer,6,11,82.6,925,Hire
RES-2025-0356,David Kim,"Git, C++, GCP, Docker, PostgreSQL, Kubernetes, SQL",7,3.1,Bachelor,2,2 Certified,2,Cloud Architect,2,7,76.7,502,Reject
RES-2025-0357,Alex Johnson,"Redis, C++, Flask, Spark, PostgreSQL, Python, SQL",7,0.1,Master,2,4 Certified,4,Machine Learning Engineer,5,9,83.3,517,Hire
RES-2025-0358,Rahul Verma,"NLP, Spark, C++, Kubernetes, SQL, React, OpenCV, PostgreSQL, GCP, Git, Docker, Redis",12,2.6,Bachelor,2,None,0,Full Stack Developer,3,14,90.1,577,Hire
RES-2025-0359,David Kim,"TensorFlow, Python",2,8.5,Bachelor,2,3 Certified,3,Cloud Architect,3,3,35.5,807,Hire
RES-2025-0360,Anita Roy,"Spark, SQL, GCP, AWS, OpenCV, PostgreSQL, NLP, FastAPI, Redis, Docker, TensorFlow, C++, Flask, Python, Kubernetes, React, Git, PyTorch",18,2.6,Bachelor,2,1 Certified,1,Data Scientist,0,1,66.9,871,Hire
RES-2025-0361,Anita Roy,"TensorFlow, Flask, AWS, NLP, PostgreSQL, PyTorch, Spark, Git, C++, Docker, GCP, SQL, OpenCV, Python, FastAPI, React, Redis, Kubernetes",18,1.5,Bachelor,2,None,0,NLP Engineer,4,8,67.3,489,Hire
RES-2025-0362,Rahul Verma,"PyTorch, Git, AWS, Python",4,3.1,Bachelor,2,1 Certified,1,Full Stack Developer,0,11,94.4,905,Hire
RES-2025-0363,Rahul Verma,"Flask, Redis, TensorFlow, Spark, C++, FastAPI, GCP",7,1.8,Bachelor,2,None,0,Data Scientist,0,12,37.3,328,Reject
RES-2025-0364,David Kim,"React, SQL, AWS, C++, FastAPI, Docker, NLP",7,2.4,Bachelor,2,1 Certified,1,Machine Learning Engineer,2,2,92.9,759,Reject
RES-2025-0365,David Kim,"Spark, C++, NLP, Kubernetes, PostgreSQL, React, GCP, TensorFlow, Docker, SQL, Python, AWS",12,8.5,Bachelor,2,2 Certified,2,Machine Learning Engineer,1,8,55.9,458,Hire
RES-2025-0366,Sophia Chen,"C++, PostgreSQL, AWS, TensorFlow",4,1.5,Bachelor,2,1 Certified,1,Data Scientist,6,8,54.8,473,Reject
RES-2025-0367,Alex Johnson,"FastAPI, React",2,9.7,PhD,3,1 Certified,1,Cloud Architect,6,5,51.8,423,Hire
RES-2025-0368,Rahul Verma,"C++, GCP, NLP, React, Kubernetes, Git, Docker",7,7.1,Bachelor,2,1 Certified,1,Backend Engineer,2,9,30.7,158,Hire
RES-2025-0369,Alex Johnson,"Redis, Docker, GCP, SQL, FastAPI, React, Flask",7,0.7,Bachelor,2,None,0,Full Stack Developer,0,1,91.0,822,Reject
RES-2025-0370,Sophia Chen,"Docker, FastAPI, TensorFlow, Spark, Git, PostgreSQL, OpenCV, Kubernetes, GCP, C++, PyTorch, SQL, NLP, AWS, Flask, React, Python, Redis",18,0.2,Master,2,None,0,NLP Engineer,5,11,80.0,481,Hire
RES-2025-0371,Priya Sharma,"PyTorch, C++, Redis, SQL",4,0.3,PhD,3,None,0,Data Scientist,1,8,34.5,355,Reject
RES-2025-0372,David Kim,"Docker, Flask, Spark, FastAPI, Git, Kubernetes, PyTorch",7,0.1,Master,2,2 Certified,2,Machine Learning Engineer,0,2,34.6,895,Hire
RES-2025-0373,Anita Roy,"PostgreSQL, Flask",2,0.3,Bachelor,2,None,0,Machine Learning Engineer,5,7,47.3,866,Hire
RES-2025-0374,Michael Brown,"Redis, PostgreSQL, FastAPI, OpenCV, GCP, React, PyTorch",7,3.4,Bachelor,2,None,0,Cloud Architect,6,13,61.3,730,Hire
RES-2025-0375,Emily Davis,"Git, C++, PyTorch, Kubernetes",4,0.2,PhD,3,1 Certified,1,Data Scientist,4,14,92.5,232,Hire
RES-2025-0376,Rahul Verma,"SQL, PyTorch, C++, Kubernetes, Docker, Flask, React",7,1.2,Bachelor,2,None,0,Cloud Architect,2,8,35.5,797,Hire
RES-2025-0377,Sophia Chen,"OpenCV, Python",2,5.6,Master,2,1 Certified,1,NLP Engineer,3,2,81.5,808,Hire
RES-2025-0378,Anita Roy,"Python, PyTorch, Kubernetes, FastAPI, SQL, C++, React, GCP, OpenCV, Redis, Docker, Git, Spark, Flask, NLP, TensorFlow, PostgreSQL, AWS",18,0.1,Master,2,None,0,Backend Engineer,3,11,31.2,783,Hire
RES-2025-0379,David Kim,"PyTorch, Git",2,5.1,Master,2,None,0,Full Stack Developer,1,14,68.4,258,Hire
RES-2025-0380,Sophia Chen,"OpenCV, Spark",2,1.0,Bachelor,2,2 Certified,2,Cloud Architect,5,7,51.1,850,Hire
RES-2025-0381,David Kim,"OpenCV, PyTorch, SQL, PostgreSQL",4,0.4,Diploma,1,None,0,NLP Engineer,1,12,54.0,318,Reject
RES-2025-0382,Alex Johnson,"C++, SQL",2,3.6,Diploma,1,1 Certified,1,Machine Learning Engineer,0,3,90.2,873,Reject
RES-2025-0383,Rahul Verma,"PostgreSQL, Flask, OpenCV, TensorFlow, Kubernetes, Redis, AWS",7,3.0,Bachelor,2,None,0,Backend Engineer,4,12,32.4,334,Hire
RES-2025-0384,Priya Sharma,"Git, React, Spark, Python, AWS, Docker, C++",7,6.3,Bachelor,2,1 Certified,1,Machine Learning Engineer,4,6,86.1,702,Hire
RES-2025-0385,Anita Roy,"OpenCV, AWS, PyTorch, Docker, PostgreSQL, C++, TensorFlow, Kubernetes, NLP, Git, React, Spark",12,4.0,Bachelor,2,None,0,Cloud Architect,2,5,43.6,407,Hire
RES-2025-0386,Anita Roy,"PyTorch, SQL",2,4.9,Bachelor,2,None,0,Full Stack Developer,0,2,88.2,888,Hire
RES-2025-0387,Emily Davis,"Kubernetes, NLP, Docker, SQL, PostgreSQL, PyTorch, Spark",7,1.0,Master,2,2 Certified,2,NLP Engineer,1,2,60.6,646,Hire
RES-2025-0388,Michael Brown,"GCP, SQL",2,0.6,Bachelor,2,None,0,Cloud Architect,1,11,53.3,426,Hire
RES-2025-0389,David Kim,"PyTorch, AWS",2,4.2,Bachelor,2,2 Certified,2,NLP Engineer,3,3,79.4,375,Hire
RES-2025-0390,David Kim,"SQL, NLP, TensorFlow, OpenCV, Spark, AWS, Redis, Docker, Git, React, C++, PostgreSQL",12,4.9,Diploma,1,1 Certified,1,Backend Engineer,1,6,58.2,377,Hire
RES-2025-0391,David Kim,"Python, Spark, PyTorch, FastAPI, NLP, React, AWS, GCP, OpenCV, C++, Git, Docker, SQL, Kubernetes, Redis, PostgreSQL, Flask, TensorFlow",18,14.0,Bachelor,2,None,0,Cloud Architect,3,4,38.6,452,Hire
RES-2025-0392,Priya Sharma,"Git, SQL",2,1.6,Master,2,2 Certified,2,Cloud Architect,4,1,93.5,624,Hire
RES-2025-0393,Michael Brown,"React, GCP, Python, Spark",4,1.4,Bachelor,2,None,0,Cloud Architect,2,9,32.1,586,Reject
RES-2025-0394,Sophia Chen,"TensorFlow, Kubernetes, PyTorch, AWS, Redis, SQL, Python, PostgreSQL, OpenCV, C++, NLP, Flask",12,4.5,Diploma,1,None,0,Cloud Architect,4,12,34.4,876,Hire
RES-2025-0395,David Kim,"NLP, Docker, PostgreSQL, React, C++, Git, GCP, Redis, Kubernetes, SQL, AWS, TensorFlow, Flask, Spark, OpenCV, Python, FastAPI, PyTorch",18,1.3,Bachelor,2,1 Certified,1,Full Stack Developer,6,2,60.6,694,Hire
RES-2025-0396,Rahul Verma,"React, TensorFlow, OpenCV, GCP, NLP, PyTorch, C++",7,8.0,Bachelor,2,None,0,Machine Learning Engineer,0,3,47.9,863,Hire
RES-2025-0397,David Kim,"Redis, Python, Git, OpenCV, Kubernetes, AWS, TensorFlow, NLP, SQL, GCP, Spark, PostgreSQL",12,5.9,Bachelor,2,None,0,Machine Learning Engineer,0,14,82.1,682,Hire
RES-2025-0398,Michael Brown,"Kubernetes, PostgreSQL, GCP, NLP, Flask, Git, TensorFlow",7,1.7,Master,2,None,0,Data Scientist,1,8,54.2,445,Reject
RES-2025-0399,Alex Johnson,"Git, GCP",2,4.2,PhD,3,1 Certified,1,Backend Engineer,5,9,48.5,329,Hire
RES-2025-0400,David Kim,"Docker, PyTorch, Kubernetes, Git",4,4.2,Bachelor,2,None,0,Backend Engineer,1,9,76.0,831,Hire
RES-2025-0401,Emily Davis,"GCP, SQL",2,0.3,Bachelor,2,None,0,Machine Learning Engineer,3,8,80.0,619,Reject
RES-2025-0402,David Kim,"FastAPI, Redis",2,7.0,Bachelor,2,2 Certified,2,NLP Engineer,2,13,93.7,737,Hire
RES-2025-0403,Anita Roy,"Docker, PostgreSQL, PyTorch, TensorFlow",4,2.1,Bachelor,2,None,0,Machine Learning Engineer,3,10,84.7,606,Hire
RES-2025-0404,Emily Davis,"OpenCV, Redis",2,5.3,Bachelor,2,3 Certified,3,Data Scientist,1,1,35.4,606,Reject
RES-2025-0405,Priya Sharma,"C++, OpenCV, PostgreSQL, SQL, Git, Spark, AWS, Python, GCP, Redis, TensorFlow, FastAPI, Docker, NLP, React, PyTorch, Kubernetes, Flask",18,1.2,Bachelor,2,None,0,NLP Engineer,6,9,35.7,895,Hire
RES-2025-0406,Michael Brown,"Git, SQL, Spark, React, OpenCV, TensorFlow, FastAPI, GCP, PyTorch, C++, Docker, AWS",12,6.8,Bachelor,2,2 Certified,2,Data Scientist,0,10,79.1,240,Hire
RES-2025-0407,Rahul Verma,"FastAPI, GCP, Flask, Docker, TensorFlow, OpenCV, PostgreSQL",7,1.5,Bachelor,2,None,0,Data Scientist,6,10,49.8,722,Hire
RES-2025-0408,Sophia Chen,"Python, Flask",2,0.0,Bachelor,2,3 Certified,3,Cloud Architect,3,2,72.5,444,Hire
RES-2025-0409,Anita Roy,"NLP, Python, Docker, C++, Flask, FastAPI, PyTorch, Git, SQL, GCP, OpenCV, AWS, TensorFlow, PostgreSQL, Redis, React, Spark, Kubernetes",18,7.1,Bachelor,2,None,0,Data Scientist,3,12,38.8,317,Hire
RES-2025-0410,Emily Davis,"React, PyTorch, Git, Flask, AWS, Kubernetes, Redis",7,0.3,Bachelor,2,2 Certified,2,Backend Engineer,6,2,68.9,321,Hire
RES-2025-0411,Emily Davis,"Git, AWS, React, PyTorch, Redis, FastAPI, SQL, TensorFlow, Python, Kubernetes, Flask, Spark",12,1.2,Master,2,1 Certified,1,Backend Engineer,0,4,40.0,376,Reject
RES-2025-0412,Priya Sharma,"TensorFlow, Docker, Flask, GCP, Python, NLP, SQL",7,9.0,Bachelor,2,None,0,NLP Engineer,4,9,79.6,500,Hire
RES-2025-0413,Rahul Verma,"Docker, NLP",2,9.0,Bachelor,2,1 Certified,1,Cloud Architect,1,5,38.1,283,Reject
RES-2025-0414,Michael Brown,"Docker, TensorFlow, Python, C++, NLP, GCP, OpenCV",7,2.6,Diploma,1,None,0,Cloud Architect,4,10,33.9,271,Reject
RES-2025-0415,Alex Johnson,"Python, Docker",2,3.0,Master,2,3 Certified,3,Backend Engineer,4,4,42.0,509,Hire
RES-2025-0416,David Kim,"AWS, React, Redis, TensorFlow, Spark, FastAPI, PostgreSQL, Git, Docker, C++, PyTorch, Python",12,1.8,Master,2,2 Certified,2,Full Stack Developer,1,12,42.5,438,Hire
RES-2025-0417,Alex Johnson,"Docker, OpenCV, PostgreSQL, SQL, React, Git, TensorFlow, NLP, PyTorch, Spark, GCP, FastAPI, Redis, C++, Flask, Kubernetes, Python, AWS",18,1.0,Bachelor,2,None,0,Backend Engineer,3,13,53.5,445,Hire
RES-2025-0418,Alex Johnson,"PostgreSQL, Docker",2,1.2,Bachelor,2,1 Certified,1,Cloud Architect,2,11,93.5,604,Hire
RES-2025-0419,Michael Brown,"Spark, OpenCV, TensorFlow, GCP",4,3.3,Master,2,1 Certified,1,Cloud Architect,2,3,30.8,840,Hire
RES-2025-0420,Priya Sharma,"Redis, TensorFlow, Docker, FastAPI",4,4.2,Bachelor,2,1 Certified,1,Machine Learning Engineer,5,3,34.2,353,Hire
RES-2025-0421,Michael Brown,"Spark, PostgreSQL",2,4.7,Bachelor,2,2 Certified,2,Full Stack Developer,4,5,79.2,809,Hire
RES-2025-0422,Emily Davis,"C++, PostgreSQL, AWS, TensorFlow, FastAPI, NLP, PyTorch",7,4.7,Bachelor,2,1 Certified,1,Backend Engineer,5,3,31.9,905,Hire
RES-2025-0423,Priya Sharma,"Python, SQL, C++, Git, Kubernetes, Redis, TensorFlow",7,0.3,Bachelor,2,1 Certified,1,Machine Learning Engineer,5,13,63.8,654,Hire
RES-2025-0424,Sophia Chen,"PostgreSQL, FastAPI, AWS, Redis",4,2.0,Bachelor,2,2 Certified,2,Full Stack Developer,0,13,32.1,590,Reject
RES-2025-0425,Priya Sharma,"Kubernetes, C++, GCP, NLP",4,0.2,Diploma,1,None,0,Cloud Architect,6,13,49.7,873,Hire
RES-2025-0426,Michael Brown,"C++, PostgreSQL",2,2.4,Master,2,1 Certified,1,NLP Engineer,5,9,74.5,735,Hire
RES-2025-0427,David Kim,"C++, AWS, PostgreSQL, Git, OpenCV, GCP, Kubernetes",7,1.7,Bachelor,2,4 Certified,4,Data Scientist,0,1,68.4,281,Reject
RES-2025-0428,Emily Davis,"Python, Kubernetes, C++, PyTorch, OpenCV, SQL, PostgreSQL, Spark, React, FastAPI, Docker, GCP",12,6.6,Bachelor,2,None,0,Machine Learning Engineer,5,2,86.5,267,Hire
RES-2025-0429,Alex Johnson,"PyTorch, GCP, Spark, Git, AWS, OpenCV, Flask",7,1.3,Diploma,1,1 Certified,1,Machine Learning Engineer,2,7,67.1,480,Hire
RES-2025-0430,Anita Roy,"OpenCV, Kubernetes",2,0.4,Bachelor,2,2 Certified,2,Cloud Architect,2,3,70.0,522,Reject
RES-2025-0431,Sophia Chen,"TensorFlow, OpenCV, Git, Flask, Python, GCP, PostgreSQL",7,0.5,Bachelor,2,None,0,Cloud Architect,0,12,84.9,247,Hire
RES-2025-0432,Rahul Verma,"Redis, PostgreSQL",2,4.3,Bachelor,2,None,0,Machine Learning Engineer,5,14,49.6,457,Hire
RES-2025-0433,Emily Davis,"C++, AWS, GCP, Kubernetes",4,2.9,Master,2,None,0,Machine Learning Engineer,5,12,63.6,341,Hire
RES-2025-0434,Sophia Chen,"GCP, AWS, Spark, FastAPI, Git, React, Kubernetes",7,0.3,Diploma,1,None,0,NLP Engineer,1,4,39.8,851,Reject
RES-2025-0435,Michael Brown,"TensorFlow, OpenCV, Spark, Flask, PostgreSQL, GCP, Kubernetes",7,0.3,Bachelor,2,1 Certified,1,Backend Engineer,3,4,37.4,346,Hire
RES-2025-0436,Rahul Verma,"FastAPI, Spark, Redis, Kubernetes, Python, Docker, TensorFlow",7,3.6,Bachelor,2,None,0,Data Scientist,5,9,41.4,193,Reject
RES-2025-0437,Anita Roy,"PyTorch, TensorFlow, Kubernetes, Git, Flask, FastAPI, OpenCV, SQL, C++, React, Redis, GCP",12,0.2,Bachelor,2,2 Certified,2,Machine Learning Engineer,4,11,83.9,943,Hire
RES-2025-0438,Rahul Verma,"TensorFlow, NLP, Docker, C++, GCP, SQL, Spark",7,5.2,Master,2,2 Certified,2,Cloud Architect,5,4,90.8,373,Hire
RES-2025-0439,David Kim,"AWS, GCP, Spark, Flask",4,3.7,Master,2,None,0,Full Stack Developer,2,12,91.7,474,Hire
RES-2025-0440,Anita Roy,"AWS, Flask, React, NLP, PostgreSQL, SQL, Redis",7,0.3,Diploma,1,4 Certified,4,Full Stack Developer,0,14,78.1,205,Hire
RES-2025-0441,Sophia Chen,"C++, Git, React, GCP",4,0.3,Master,2,None,0,Backend Engineer,6,8,55.3,552,Reject
RES-2025-0442,Rahul Verma,"NLP, Git, OpenCV, Spark",4,12.9,Master,2,3 Certified,3,Cloud Architect,2,13,79.8,566,Hire
RES-2025-0443,Rahul Verma,"PostgreSQL, FastAPI, Spark, GCP, Redis, SQL, React, OpenCV, PyTorch, TensorFlow, Flask, NLP",12,1.4,Diploma,1,1 Certified,1,Cloud Architect,6,9,78.0,614,Hire
RES-2025-0444,Alex Johnson,"SQL, GCP, Flask, Python, OpenCV, Docker, Kubernetes",7,1.4,Bachelor,2,1 Certified,1,Machine Learning Engineer,1,4,63.6,936,Reject
RES-2025-0445,David Kim,"Spark, Kubernetes, GCP, NLP, FastAPI, React, TensorFlow, Flask, C++, SQL, Redis, PyTorch",12,5.0,Diploma,1,None,0,NLP Engineer,3,14,87.5,379,Hire
RES-2025-0446,Alex Johnson,"NLP, TensorFlow, GCP, Docker, Flask, React, Redis, Python, OpenCV, Git, Spark, PyTorch, Kubernetes, C++, AWS, FastAPI, SQL, PostgreSQL",18,8.8,Master,2,1 Certified,1,NLP Engineer,6,11,62.1,379,Hire
RES-2025-0447,Sophia Chen,"AWS, Git, PostgreSQL, OpenCV, TensorFlow, GCP, Docker, Redis, React, Flask, Kubernetes, NLP, PyTorch, C++, SQL, Python, FastAPI, Spark",18,12.8,Bachelor,2,1 Certified,1,Backend Engineer,2,10,74.5,619,Hire
RES-2025-0448,Anita Roy,"Kubernetes, C++",2,4.2,Bachelor,2,2 Certified,2,Cloud Architect,3,12,68.8,224,Hire
RES-2025-0449,Alex Johnson,"NLP, PostgreSQL",2,1.4,Master,2,4 Certified,4,Cloud Architect,6,10,76.1,196,Hire
RES-2025-0450,Michael Brown,"C++, React, Flask, GCP",4,0.3,Bachelor,2,1 Certified,1,Data Scientist,1,9,62.0,497,Reject
RES-2025-0451,David Kim,"Redis, Spark",2,4.5,Bachelor,2,None,0,Machine Learning Engineer,1,8,86.7,437,Hire
RES-2025-0452,Michael Brown,"AWS, FastAPI, Kubernetes, OpenCV",4,2.5,Master,2,None,0,NLP Engineer,6,3,66.1,823,Hire
RES-2025-0453,Anita Roy,"Flask, PyTorch",2,1.7,Bachelor,2,None,0,Data Scientist,1,12,60.4,268,Reject
RES-2025-0454,Anita Roy,"React, PostgreSQL",2,7.1,Bachelor,2,None,0,Cloud Architect,6,3,38.0,245,Hire
RES-2025-0455,Rahul Verma,"SQL, Redis, AWS, Git",4,0.4,Master,2,1 Certified,1,Full Stack Developer,0,9,79.8,334,Hire
RES-2025-0456,Priya Sharma,"PostgreSQL, Docker, Kubernetes, Python",4,2.0,Bachelor,2,4 Certified,4,Machine Learning Engineer,3,6,68.4,258,Hire
RES-2025-0457,David Kim,"GCP, PostgreSQL",2,0.0,Bachelor,2,3 Certified,3,Full Stack Developer,5,1,51.4,194,Reject
RES-2025-0458,Anita Roy,"Flask, OpenCV, PyTorch, C++",4,1.9,Bachelor,2,None,0,Machine Learning Engineer,5,2,65.6,766,Hire
RES-2025-0459,Michael Brown,"NLP, C++, TensorFlow, Python",4,0.2,Master,2,None,0,NLP Engineer,2,11,78.9,819,Hire
RES-2025-0460,Rahul Verma,"Spark, Git, Flask, SQL, Kubernetes, PyTorch, GCP",7,0.4,Bachelor,2,1 Certified,1,NLP Engineer,3,5,66.6,583,Hire
RES-2025-0461,Michael Brown,"SQL, Spark, Redis, PyTorch, Python, AWS, FastAPI, NLP, Docker, TensorFlow, Kubernetes, Flask",12,0.4,Bachelor,2,1 Certified,1,Data Scientist,3,7,35.1,639,Hire
RES-2025-0462,David Kim,"Git, NLP, Spark, Flask, FastAPI, Python, AWS",7,3.1,Diploma,1,None,0,Machine Learning Engineer,4,7,56.8,625,Hire
RES-2025-0463,Rahul Verma,"TensorFlow, Redis, Python, PyTorch",4,4.1,Master,2,1 Certified,1,Backend Engineer,6,7,32.9,576,Hire
RES-2025-0464,Rahul Verma,"GCP, FastAPI, AWS, SQL",4,2.6,PhD,3,2 Certified,2,Backend Engineer,1,3,35.1,768,Hire
RES-2025-0465,Priya Sharma,"Python, FastAPI, C++, PyTorch, Redis, TensorFlow, Kubernetes",7,9.8,Bachelor,2,1 Certified,1,Cloud Architect,5,10,77.2,460,Hire
RES-2025-0466,Emily Davis,"C++, Git, TensorFlow, PostgreSQL, GCP, Python, Docker",7,1.4,Bachelor,2,None,0,Backend Engineer,6,1,43.6,814,Hire
RES-2025-0467,Sophia Chen,"FastAPI, OpenCV, TensorFlow, Flask, C++, NLP, PostgreSQL",7,1.0,Bachelor,2,None,0,Backend Engineer,1,12,75.7,646,Hire
RES-2025-0468,Anita Roy,"OpenCV, Git, C++, Python, SQL, GCP, PyTorch",7,6.1,Bachelor,2,2 Certified,2,NLP Engineer,6,8,77.9,760,Hire
RES-2025-0469,Rahul Verma,"C++, PostgreSQL",2,0.8,Bachelor,2,2 Certified,2,Cloud Architect,6,14,61.7,881,Hire
RES-2025-0470,Alex Johnson,"Kubernetes, TensorFlow, AWS, GCP, FastAPI, OpenCV, NLP",7,9.9,Bachelor,2,1 Certified,1,Cloud Architect,2,8,75.3,171,Hire
RES-2025-0471,Sophia Chen,"GCP, NLP, Redis, Git, Kubernetes, SQL, FastAPI",7,0.0,Master,2,2 Certified,2,NLP Engineer,1,5,77.0,549,Reject
RES-2025-0472,Emily Davis,"SQL, OpenCV, Git, React, GCP, PyTorch, Kubernetes, NLP, TensorFlow, PostgreSQL, Docker, C++",12,10.5,Bachelor,2,None,0,NLP Engineer,3,5,45.3,720,Hire
RES-2025-0473,Alex Johnson,"AWS, React, SQL, TensorFlow",4,0.1,Master,2,3 Certified,3,Machine Learning Engineer,6,2,52.0,266,Hire
RES-2025-0474,Priya Sharma,"PostgreSQL, AWS, Kubernetes, C++, SQL, GCP, Python",7,6.7,Master,2,1 Certified,1,Backend Engineer,6,12,86.8,768,Hire
RES-2025-0475,Alex Johnson,"GCP, FastAPI, Docker, PyTorch, C++, Git, Spark, Redis, AWS, Python, Kubernetes, NLP, SQL, React, OpenCV, PostgreSQL, Flask, TensorFlow",18,2.3,Master,2,2 Certified,2,NLP Engineer,5,14,36.5,812,Hire
RES-2025-0476,David Kim,"OpenCV, GCP",2,14.9,PhD,3,2 Certified,2,Machine Learning Engineer,1,14,82.6,499,Hire
RES-2025-0477,David Kim,"React, Spark",2,0.2,Bachelor,2,1 Certified,1,Backend Engineer,6,13,64.4,383,Hire
RES-2025-0478,Michael Brown,"Spark, GCP, React, Python, NLP, TensorFlow, Redis",7,2.4,Master,2,1 Certified,1,Machine Learning Engineer,0,6,50.5,940,Hire
RES-2025-0479,Alex Johnson,"PyTorch, Flask, FastAPI, Kubernetes",4,10.5,PhD,3,2 Certified,2,Full Stack Developer,2,7,56.1,847,Hire
RES-2025-0480,Rahul Verma,"Kubernetes, React, Python, Spark, Flask, AWS, Git, TensorFlow, OpenCV, NLP, Docker, GCP",12,2.2,Bachelor,2,1 Certified,1,NLP Engineer,5,6,87.7,950,Hire
RES-2025-0481,Sophia Chen,"TensorFlow, PyTorch, Kubernetes, OpenCV, React, Spark, C++, FastAPI, AWS, Git, Flask, Redis, Python, NLP, PostgreSQL, Docker, GCP, SQL",18,3.0,Diploma,1,3 Certified,3,Full Stack Developer,4,5,45.7,942,Hire
RES-2025-0482,Michael Brown,"Docker, PyTorch, React, Flask, Kubernetes, AWS, SQL, Redis, Python, Spark, NLP, TensorFlow, GCP, Git, FastAPI, C++, PostgreSQL, OpenCV",18,3.6,Bachelor,2,None,0,Cloud Architect,4,11,39.1,536,Hire
RES-2025-0483,Sophia Chen,"Redis, OpenCV",2,1.8,Master,2,None,0,Machine Learning Engineer,1,12,57.7,571,Hire
RES-2025-0484,Alex Johnson,"Flask, PostgreSQL, OpenCV, NLP, PyTorch, SQL, Kubernetes",7,3.0,Bachelor,2,1 Certified,1,Full Stack Developer,6,7,86.7,748,Hire
RES-2025-0485,Michael Brown,"PostgreSQL, Spark, SQL, TensorFlow, AWS, GCP, NLP, React, C++, Redis, PyTorch, FastAPI, Kubernetes, Docker, Flask, Python, Git, OpenCV",18,2.6,Master,2,None,0,NLP Engineer,0,2,54.0,446,Hire
RES-2025-0486,David Kim,"Git, React",2,6.9,Bachelor,2,1 Certified,1,Backend Engineer,1,13,68.3,199,Hire
RES-2025-0487,Rahul Verma,"OpenCV, SQL, PostgreSQL, Python, PyTorch, AWS, Redis, Spark, GCP, FastAPI, NLP, Flask, TensorFlow, C++, Docker, Kubernetes, React, Git",18,0.1,Master,2,2 Certified,2,Backend Engineer,6,3,62.8,621,Hire
RES-2025-0488,Anita Roy,"Kubernetes, TensorFlow",2,1.0,Master,2,1 Certified,1,NLP Engineer,3,4,88.5,497,Hire
RES-2025-0489,Anita Roy,"TensorFlow, SQL, Python, Git, Kubernetes, C++, React, Flask, AWS, PyTorch, GCP, NLP",12,9.0,PhD,3,1 Certified,1,Machine Learning Engineer,4,9,42.3,637,Hire
RES-2025-0490,Alex Johnson,"FastAPI, SQL",2,6.6,PhD,3,None,0,Backend Engineer,1,14,75.9,743,Hire
RES-2025-0491,Emily Davis,"PyTorch, PostgreSQL, Python, SQL, OpenCV, TensorFlow, Spark",7,1.8,Diploma,1,1 Certified,1,NLP Engineer,2,2,37.5,251,Reject
RES-2025-0492,Rahul Verma,"AWS, TensorFlow",2,2.9,Bachelor,2,3 Certified,3,Cloud Architect,1,1,69.9,483,Hire
RES-2025-0493,Alex Johnson,"Docker, Kubernetes, Flask, OpenCV",4,1.0,Master,2,None,0,Machine Learning Engineer,0,4,45.6,761,Reject
RES-2025-0494,Anita Roy,"Redis, C++, Docker, Flask, Python, SQL, NLP",7,0.6,Bachelor,2,None,0,Machine Learning Engineer,3,11,45.2,169,Hire
RES-2025-0495,Priya Sharma,"FastAPI, Flask, Git, PostgreSQL",4,1.9,Bachelor,2,None,0,Cloud Architect,4,4,80.9,295,Hire
RES-2025-0496,David Kim,"FastAPI, Spark, GCP, Python, PostgreSQL, NLP, Git, Flask, TensorFlow, Redis, AWS, Docker",12,1.3,Bachelor,2,None,0,Cloud Architect,3,6,84.8,367,Hire
RES-2025-0497,Rahul Verma,"FastAPI, TensorFlow",2,2.6,Bachelor,2,None,0,Machine Learning Engineer,6,3,77.1,436,Reject
RES-2025-0498,Sophia Chen,"Kubernetes, FastAPI, AWS, C++, React, NLP, Flask",7,0.2,Bachelor,2,4 Certified,4,Data Scientist,1,8,92.3,486,Hire
RES-2025-0499,David Kim,"Python, PostgreSQL, FastAPI, GCP, Redis, Kubernetes, TensorFlow",7,11.0,Bachelor,2,3 Certified,3,Cloud Architect,3,13,55.5,233,Hire
RES-2025-0500,Priya Sharma,"GCP, Docker, React, Spark, OpenCV, Git, SQL",7,12.9,Bachelor,2,2 Certified,2,Cloud Architect,0,2,60.1,347,Hire
RES-2025-0501,Sophia Chen,"AWS, React, OpenCV, PyTorch, Spark, Git, Kubernetes, Flask, Docker, C++, NLP, TensorFlow",12,3.6,Diploma,1,1 Certified,1,Cloud Architect,5,10,43.6,350,Reject
RES-2025-0502,Michael Brown,"AWS, Redis",2,2.3,Bachelor,2,1 Certified,1,Cloud Architect,5,10,73.7,767,Hire
RES-2025-0503,Priya Sharma,"TensorFlow, Flask, AWS, GCP, Git, Docker, PostgreSQL",7,1.1,Master,2,None,0,Cloud Architect,0,12,74.1,779,Hire
RES-2025-0504,Anita Roy,"Spark, PyTorch",2,5.0,Master,2,None,0,NLP Engineer,2,2,74.2,627,Hire
RES-2025-0505,Alex Johnson,"NLP, PyTorch, AWS, GCP, OpenCV, PostgreSQL, FastAPI, SQL, Python, Spark, Docker, TensorFlow, Git, Flask, Kubernetes, C++, React, Redis",18,3.5,PhD,3,3 Certified,3,Backend Engineer,1,6,50.2,791,Hire
RES-2025-0506,Alex Johnson,"Python, Kubernetes, AWS, Docker, PyTorch, NLP, GCP",7,0.5,PhD,3,2 Certified,2,Data Scientist,4,13,45.4,224,Hire
RES-2025-0507,Anita Roy,"GCP, Docker, TensorFlow, Python, FastAPI, OpenCV, SQL, PyTorch, PostgreSQL, Spark, NLP, AWS",12,7.3,Bachelor,2,1 Certified,1,Machine Learning Engineer,0,11,33.6,203,Hire
RES-2025-0508,Michael Brown,"Spark, NLP, Python, Redis, OpenCV, GCP, FastAPI",7,5.2,Master,2,1 Certified,1,Data Scientist,5,11,80.9,614,Hire
RES-2025-0509,Sophia Chen,"Python, TensorFlow",2,9.0,Bachelor,2,2 Certified,2,Full Stack Developer,1,11,63.1,513,Hire
RES-2025-0510,Anita Roy,"Flask, PyTorch, Redis, TensorFlow",4,3.9,Bachelor,2,1 Certified,1,Cloud Architect,6,6,50.2,704,Hire
RES-2025-0511,David Kim,"Kubernetes, Git, React, Python, AWS, Redis, FastAPI",7,2.9,Bachelor,2,None,0,Full Stack Developer,6,14,66.4,205,Hire
RES-2025-0512,Sophia Chen,"OpenCV, TensorFlow, Kubernetes, Docker, PostgreSQL, NLP, React, C++, Git, SQL, AWS, Flask, Redis, GCP, Spark, Python, FastAPI, PyTorch",18,1.6,Master,2,3 Certified,3,NLP Engineer,1,1,71.5,859,Hire
RES-2025-0513,Sophia Chen,"Kubernetes, C++, OpenCV, PostgreSQL",4,8.1,Bachelor,2,4 Certified,4,Data Scientist,0,2,53.3,718,Hire
RES-2025-0514,Rahul Verma,"React, PyTorch, Python, Docker, GCP, Flask, TensorFlow",7,6.0,Bachelor,2,None,0,Backend Engineer,2,14,66.0,332,Hire
RES-2025-0515,David Kim,"Docker, Python, Flask, OpenCV, Kubernetes, C++, PyTorch, SQL, FastAPI, PostgreSQL, NLP, React",12,0.1,Bachelor,2,None,0,Backend Engineer,4,13,94.9,594,Hire
RES-2025-0516,Priya Sharma,"Flask, OpenCV",2,0.1,Bachelor,2,None,0,Data Scientist,2,10,57.9,801,Hire
RES-2025-0517,Alex Johnson,"OpenCV, Git, Flask, SQL, Docker, Python, Kubernetes, PostgreSQL, TensorFlow, AWS, NLP, PyTorch",12,1.4,Master,2,2 Certified,2,Cloud Architect,4,2,40.9,547,Hire
RES-2025-0518,Emily Davis,"GCP, SQL, Kubernetes, React, Redis, AWS, FastAPI",7,5.0,Bachelor,2,3 Certified,3,NLP Engineer,2,10,56.1,747,Hire
RES-2025-0519,Sophia Chen,"OpenCV, GCP, NLP, FastAPI",4,13.1,Bachelor,2,1 Certified,1,NLP Engineer,4,3,90.8,533,Hire
RES-2025-0520,Priya Sharma,"TensorFlow, Git",2,0.5,Bachelor,2,None,0,Full Stack Developer,0,8,63.3,494,Reject
RES-2025-0521,Anita Roy,"React, PostgreSQL, Kubernetes, Flask, OpenCV, Python, TensorFlow",7,2.7,Bachelor,2,None,0,Machine Learning Engineer,2,2,49.1,663,Hire
RES-2025-0522,Priya Sharma,"NLP, Docker, Redis, PyTorch, SQL, Python, AWS, PostgreSQL, Spark, Kubernetes, Git, TensorFlow",12,1.4,Bachelor,2,2 Certified,2,Cloud Architect,6,5,42.4,768,Reject
RES-2025-0523,Rahul Verma,"Git, FastAPI",2,10.5,Master,2,2 Certified,2,NLP Engineer,3,14,67.7,821,Hire
RES-2025-0524,David Kim,"NLP, FastAPI, OpenCV, Redis, Docker, AWS, Git, C++, GCP, React, SQL, PostgreSQL",12,5.5,Diploma,1,2 Certified,2,NLP Engineer,6,12,57.1,599,Hire
RES-2025-0525,Alex Johnson,"Flask, Git, Python, NLP",4,5.5,Master,2,2 Certified,2,Data Scientist,1,7,57.7,920,Hire
RES-2025-0526,Rahul Verma,"Python, PyTorch, Flask, TensorFlow",4,1.9,PhD,3,4 Certified,4,Full Stack Developer,5,13,69.2,772,Hire
RES-2025-0527,Michael Brown,"OpenCV, C++, TensorFlow, AWS, FastAPI, Docker, NLP, PyTorch, SQL, React, Flask, Python, Kubernetes, Spark, Git, GCP, Redis, PostgreSQL",18,1.6,Bachelor,2,None,0,NLP Engineer,2,4,45.1,825,Hire
RES-2025-0528,Anita Roy,"Redis, Python",2,1.0,Bachelor,2,2 Certified,2,NLP Engineer,3,3,94.3,282,Hire
RES-2025-0529,Anita Roy,"C++, OpenCV, Flask, Spark, Docker, PostgreSQL, Redis, Kubernetes, NLP, TensorFlow, FastAPI, Git",12,0.2,Bachelor,2,2 Certified,2,NLP Engineer,2,4,30.5,296,Hire
RES-2025-0530,Michael Brown,"NLP, Redis, Kubernetes, GCP, Git, FastAPI, C++",7,6.0,Bachelor,2,None,0,Machine Learning Engineer,2,11,87.3,617,Hire
RES-2025-0531,Rahul Verma,"SQL, Spark, NLP, TensorFlow",4,5.0,Master,2,2 Certified,2,NLP Engineer,3,11,41.9,732,Hire
RES-2025-0532,Alex Johnson,"SQL, AWS, Git, Kubernetes",4,15.0,Master,2,1 Certified,1,Cloud Architect,1,8,56.7,930,Hire
RES-2025-0533,Emily Davis,"Docker, Redis",2,15.0,Master,2,None,0,NLP Engineer,1,5,43.5,195,Hire
RES-2025-0534,Priya Sharma,"GCP, C++, Kubernetes, React, OpenCV, Docker, Spark",7,2.4,Diploma,1,None,0,Cloud Architect,1,6,73.6,625,Hire
RES-2025-0535,Priya Sharma,"NLP, GCP",2,4.4,Bachelor,2,2 Certified,2,Backend Engineer,1,14,31.2,252,Hire
RES-2025-0536,Priya Sharma,"C++, SQL, TensorFlow, Kubernetes, FastAPI, Python, GCP",7,8.7,Bachelor,2,1 Certified,1,Backend Engineer,1,12,32.2,841,Hire
RES-2025-0537,Anita Roy,"Redis, Docker, C++, React, Flask, NLP, Python",7,5.7,Bachelor,2,None,0,NLP Engineer,6,4,90.4,533,Hire
RES-2025-0538,Sophia Chen,"Spark, Python",2,0.9,PhD,3,None,0,Backend Engineer,5,11,34.1,248,Hire
RES-2025-0539,David Kim,"PyTorch, Spark, Docker, Redis, SQL, GCP, AWS, Kubernetes, PostgreSQL, Git, OpenCV, React",12,1.8,Bachelor,2,None,0,Data Scientist,2,3,31.0,819,Hire
RES-2025-0540,Michael Brown,"NLP, TensorFlow, AWS, Kubernetes",4,0.4,Bachelor,2,None,0,Backend Engineer,3,5,79.9,661,Reject
RES-2025-0541,Priya Sharma,"SQL, AWS, Docker, Git, FastAPI, Kubernetes, React, OpenCV, TensorFlow, Spark, GCP, Redis",12,9.2,Master,2,1 Certified,1,Cloud Architect,3,2,51.8,773,Hire
RES-2025-0542,Anita Roy,"NLP, Redis, Python, Docker",4,2.8,Diploma,1,2 Certified,2,Machine Learning Engineer,2,4,78.0,925,Hire
RES-2025-0543,Priya Sharma,"React, PostgreSQL",2,0.8,Bachelor,2,None,0,Backend Engineer,5,1,45.5,892,Reject
RES-2025-0544,Anita Roy,"Kubernetes, Flask, AWS, SQL, FastAPI, C++, Python, PostgreSQL, OpenCV, Redis, React, PyTorch",12,3.3,Master,2,None,0,Backend Engineer,1,9,33.5,830,Reject
RES-2025-0545,Sophia Chen,"C++, Redis, Kubernetes, TensorFlow, NLP, PostgreSQL, Python",7,2.9,Diploma,1,1 Certified,1,Backend Engineer,0,11,94.5,359,Hire
RES-2025-0546,David Kim,"OpenCV, NLP, TensorFlow, FastAPI, React, Redis, Flask",7,1.3,Bachelor,2,None,0,NLP Engineer,1,10,46.2,442,Hire
RES-2025-0547,Sophia Chen,"PostgreSQL, TensorFlow, React, OpenCV",4,0.4,Bachelor,2,1 Certified,1,NLP Engineer,4,10,77.8,928,Hire
RES-2025-0548,Anita Roy,"C++, Spark",2,3.3,Master,2,2 Certified,2,Data Scientist,4,9,39.9,894,Hire
RES-2025-0549,Michael Brown,"GCP, Git, C++, AWS, Redis, NLP, PyTorch",7,2.2,Bachelor,2,2 Certified,2,Backend Engineer,1,4,30.3,662,Reject
RES-2025-0550,Emily Davis,"Spark, C++, React, OpenCV, NLP, Flask, Kubernetes",7,4.4,PhD,3,None,0,Machine Learning Engineer,0,7,90.6,316,Hire
RES-2025-0551,Michael Brown,"React, Redis, PostgreSQL, Kubernetes, FastAPI, SQL, Spark, Python, OpenCV, Git, Docker, PyTorch, NLP, GCP, TensorFlow, C++, Flask, AWS",18,2.2,Bachelor,2,1 Certified,1,Cloud Architect,1,5,46.1,742,Hire
RES-2025-0552,David Kim,"TensorFlow, C++",2,5.7,Bachelor,2,1 Certified,1,Machine Learning Engineer,4,4,86.9,319,Hire
RES-2025-0553,Rahul Verma,"Redis, C++, Git, React, OpenCV, FastAPI, GCP",7,2.4,Master,2,None,0,Full Stack Developer,6,13,52.4,296,Hire
RES-2025-0554,Sophia Chen,"C++, Git, Python, TensorFlow, Spark, NLP, PostgreSQL, PyTorch, Kubernetes, OpenCV, AWS, SQL, GCP, Docker, Redis, React, Flask, FastAPI",18,2.5,Master,2,None,0,Backend Engineer,4,2,59.3,367,Hire
RES-2025-0555,Alex Johnson,"OpenCV, AWS, Spark, NLP, Kubernetes, Git, PyTorch, PostgreSQL, TensorFlow, React, Flask, Python",12,6.3,Bachelor,2,None,0,Data Scientist,0,10,45.3,646,Hire
RES-2025-0556,Priya Sharma,"AWS, Python",2,1.5,Bachelor,2,2 Certified,2,Machine Learning Engineer,0,4,64.0,157,Hire
RES-2025-0557,Rahul Verma,"PostgreSQL, Kubernetes, Spark, SQL, GCP, Redis, FastAPI, React, Docker, C++, OpenCV, Git, Flask, Python, TensorFlow, PyTorch, AWS, NLP",18,0.4,Bachelor,2,1 Certified,1,Cloud Architect,6,3,31.7,275,Hire
RES-2025-0558,Rahul Verma,"NLP, React, GCP, Git, Kubernetes, Spark, FastAPI, AWS, OpenCV, Docker, Python, SQL, TensorFlow, Redis, PostgreSQL, Flask, PyTorch, C++",18,0.1,Bachelor,2,1 Certified,1,Cloud Architect,4,13,35.3,588,Hire
RES-2025-0559,Anita Roy,"Docker, C++, Git, PostgreSQL, FastAPI, React, TensorFlow, AWS, GCP, Kubernetes, Python, PyTorch, Spark, NLP, Redis, SQL, OpenCV, Flask",18,4.2,Master,2,3 Certified,3,NLP Engineer,5,9,45.7,366,Hire
RES-2025-0560,Priya Sharma,"Python, SQL",2,2.9,Master,2,None,0,NLP Engineer,6,5,44.3,413,Hire
RES-2025-0561,Priya Sharma,"FastAPI, PostgreSQL, TensorFlow, C++, React, SQL, Docker",7,3.7,Master,2,2 Certified,2,Full Stack Developer,0,11,52.3,884,Hire
RES-2025-0562,Michael Brown,"FastAPI, Spark, NLP, Docker, Flask, PyTorch, Redis",7,0.7,Diploma,1,None,0,Cloud Architect,4,4,78.4,268,Hire
RES-2025-0563,David Kim,"C++, Python, Git, Redis, PostgreSQL, AWS, Docker, OpenCV, Kubernetes, SQL, FastAPI, Spark",12,0.4,Bachelor,2,2 Certified,2,Full Stack Developer,5,10,68.4,259,Hire
RES-2025-0564,Anita Roy,"Git, NLP, PostgreSQL, Kubernetes",4,0.0,Bachelor,2,1 Certified,1,Backend Engineer,5,11,85.2,869,Hire
RES-2025-0565,Emily Davis,"Docker, AWS, PostgreSQL, Kubernetes",4,1.3,Master,2,1 Certified,1,Cloud Architect,3,1,93.8,491,Hire
RES-2025-0566,Sophia Chen,"NLP, PyTorch, SQL, Spark, FastAPI, React, OpenCV, Flask, TensorFlow, Python, C++, Git",12,2.7,Bachelor,2,1 Certified,1,Data Scientist,6,7,55.4,690,Hire
RES-2025-0567,Rahul Verma,"OpenCV, C++, Docker, TensorFlow, SQL, Redis, Git",7,1.5,Master,2,None,0,Cloud Architect,2,8,72.6,741,Hire
RES-2025-0568,Anita Roy,"Flask, OpenCV, Redis, C++",4,1.7,Master,2,2 Certified,2,Machine Learning Engineer,2,12,85.6,254,Hire
RES-2025-0569,David Kim,"Spark, SQL, PyTorch, PostgreSQL",4,7.0,Bachelor,2,1 Certified,1,Machine Learning Engineer,0,9,72.3,757,Hire
RES-2025-0570,David Kim,"C++, NLP, PyTorch, PostgreSQL, Docker, OpenCV, Redis",7,1.3,Bachelor,2,1 Certified,1,Backend Engineer,5,12,54.4,858,Reject
RES-2025-0571,Priya Sharma,"C++, AWS, GCP, SQL, Python, PyTorch, FastAPI, React, Kubernetes, NLP, Docker, Spark",12,2.2,Bachelor,2,4 Certified,4,NLP Engineer,2,12,78.4,757,Hire
RES-2025-0572,Anita Roy,"Spark, Git, Flask, PyTorch, SQL, GCP, React, AWS, TensorFlow, OpenCV, Python, Docker, PostgreSQL, FastAPI, Kubernetes, NLP, Redis, C++",18,4.6,PhD,3,3 Certified,3,Backend Engineer,6,10,75.2,155,Hire
RES-2025-0573,Emily Davis,"Flask, OpenCV",2,1.5,Bachelor,2,None,0,Data Scientist,6,13,32.3,277,Hire
RES-2025-0574,Emily Davis,"SQL, Spark, Python, Docker, Flask, PostgreSQL, AWS, Redis, React, NLP, TensorFlow, Kubernetes, GCP, Git, OpenCV, FastAPI, C++, PyTorch",18,2.9,Bachelor,2,None,0,Machine Learning Engineer,1,3,49.5,370,Hire
RES-2025-0575,Sophia Chen,"AWS, Flask, Spark, PyTorch, FastAPI, Redis, C++",7,5.9,Bachelor,2,3 Certified,3,NLP Engineer,3,2,91.4,842,Hire
RES-2025-0576,David Kim,"TensorFlow, AWS, OpenCV, React, SQL, Git, Kubernetes",7,9.0,Bachelor,2,1 Certified,1,Backend Engineer,3,14,40.0,594,Hire
RES-2025-0577,Sophia Chen,"Docker, FastAPI",2,0.5,Bachelor,2,1 Certified,1,Data Scientist,5,2,53.6,491,Reject
RES-2025-0578,David Kim,"NLP, AWS, Python, PyTorch, OpenCV, Docker, Spark, GCP, Kubernetes, TensorFlow, Flask, FastAPI",12,7.8,Master,2,1 Certified,1,Full Stack Developer,2,12,67.2,438,Hire
RES-2025-0579,Priya Sharma,"SQL, Kubernetes, C++, TensorFlow, FastAPI, PostgreSQL, React, Redis, AWS, Git, OpenCV, Docker, Flask, PyTorch, GCP, Python, NLP, Spark",18,2.0,Bachelor,2,1 Certified,1,Data Scientist,0,12,71.5,529,Hire
RES-2025-0580,Sophia Chen,"Spark, GCP, SQL, NLP, PostgreSQL, C++, Redis",7,0.9,Bachelor,2,None,0,NLP Engineer,4,12,87.3,384,Hire
RES-2025-0581,Priya Sharma,"Spark, Kubernetes, TensorFlow, Redis, PyTorch, FastAPI, React, Docker, C++, PostgreSQL, Python, NLP, SQL, AWS, GCP, OpenCV, Git, Flask",18,1.8,Bachelor,2,1 Certified,1,Cloud Architect,4,12,38.1,164,Hire
RES-2025-0582,Alex Johnson,"FastAPI, React, NLP, Redis, Kubernetes, AWS, Spark, Git, Python, PostgreSQL, TensorFlow, SQL",12,11.7,Master,2,2 Certified,2,Backend Engineer,1,2,53.9,286,Hire
RES-2025-0583,Alex Johnson,"C++, SQL, React, PyTorch, Redis, Kubernetes, Docker",7,2.0,Master,2,2 Certified,2,Machine Learning Engineer,2,5,61.4,421,Hire
RES-2025-0584,Michael Brown,"Git, Redis, PyTorch, GCP",4,1.2,Bachelor,2,1 Certified,1,NLP Engineer,0,6,30.4,621,Reject
RES-2025-0585,Emily Davis,"React, SQL",2,3.0,Bachelor,2,None,0,NLP Engineer,3,4,35.5,676,Reject
RES-2025-0586,Michael Brown,"PostgreSQL, Python",2,0.8,Bachelor,2,1 Certified,1,Backend Engineer,3,7,54.3,523,Hire
RES-2025-0587,David Kim,"AWS, Docker, GCP, Kubernetes, Spark, NLP, TensorFlow",7,0.2,Bachelor,2,2 Certified,2,Machine Learning Engineer,2,14,76.1,263,Hire
RES-2025-0588,Alex Johnson,"Spark, Kubernetes",2,0.4,Master,2,None,0,Backend Engineer,3,11,93.9,271,Hire
RES-2025-0589,Anita Roy,"Flask, Kubernetes, C++, AWS, React, Spark, OpenCV, TensorFlow, PyTorch, Git, Python, GCP",12,0.4,Bachelor,2,1 Certified,1,Cloud Architect,1,1,74.1,500,Hire
RES-2025-0590,Alex Johnson,"Git, FastAPI, PostgreSQL, PyTorch, C++, OpenCV, Docker",7,0.5,Bachelor,2,2 Certified,2,Backend Engineer,1,5,79.8,419,Reject
RES-2025-0591,Sophia Chen,"Spark, OpenCV, PostgreSQL, React, C++, FastAPI, PyTorch",7,0.4,Master,2,1 Certified,1,Backend Engineer,1,14,68.4,799,Hire
RES-2025-0592,Priya Sharma,"PyTorch, AWS",2,3.1,PhD,3,3 Certified,3,NLP Engineer,0,10,43.0,202,Hire
RES-2025-0593,Rahul Verma,"NLP, FastAPI, Kubernetes, OpenCV, Redis, Python, AWS, GCP, C++, Flask, PyTorch, TensorFlow",12,0.6,Bachelor,2,3 Certified,3,Cloud Architect,3,4,50.8,198,Hire
RES-2025-0594,Alex Johnson,"Kubernetes, OpenCV",2,1.3,Bachelor,2,None,0,Full Stack Developer,0,7,42.0,653,Reject
RES-2025-0595,Rahul Verma,"Python, Flask",2,6.8,Bachelor,2,2 Certified,2,Data Scientist,5,13,68.3,769,Hire
RES-2025-0596,Rahul Verma,"C++, TensorFlow, Docker, Redis",4,1.9,Bachelor,2,1 Certified,1,Machine Learning Engineer,4,11,83.1,347,Hire
RES-2025-0597,Priya Sharma,"FastAPI, Kubernetes",2,3.3,Bachelor,2,1 Certified,1,Backend Engineer,4,12,40.0,280,Hire
RES-2025-0598,Rahul Verma,"FastAPI, React, Redis, NLP, Kubernetes, PostgreSQL, PyTorch, OpenCV, C++, GCP, Spark, Flask, AWS, Python, Git, TensorFlow, Docker, SQL",18,0.6,Bachelor,2,3 Certified,3,Machine Learning Engineer,6,12,42.4,557,Hire
RES-2025-0599,Priya Sharma,"Redis, C++, FastAPI, OpenCV",4,0.6,Bachelor,2,None,0,Machine Learning Engineer,1,10,44.2,863,Hire
RES-2025-0600,Anita Roy,"Redis, AWS, Git, Spark, Docker, Flask, React",7,0.1,Bachelor,2,None,0,Backend Engineer,0,9,45.5,190,Reject
RES-2025-0601,Rahul Verma,"AWS, PyTorch, NLP, Spark, Docker, FastAPI, Redis, Python, SQL, Git, C++, Kubernetes, PostgreSQL, Flask, TensorFlow, GCP, OpenCV, React",18,0.6,Master,2,None,0,Machine Learning Engineer,5,14,30.7,514,Hire
RES-2025-0602,Rahul Verma,"Python, Docker, C++, Kubernetes",4,1.0,Bachelor,2,1 Certified,1,Full Stack Developer,4,4,83.1,375,Hire
RES-2025-0603,Sophia Chen,"C++, Flask, GCP, Docker, React, Spark, OpenCV",7,0.6,Bachelor,2,3 Certified,3,Machine Learning Engineer,3,3,59.9,330,Hire
RES-2025-0604,Anita Roy,"SQL, Git, Python, Flask, TensorFlow, Spark, OpenCV, Kubernetes, Redis, Docker, PyTorch, NLP, PostgreSQL, AWS, React, GCP, C++, FastAPI",18,0.3,Master,2,None,0,Machine Learning Engineer,4,2,54.6,171,Hire
RES-2025-0605,Alex Johnson,"PyTorch, Flask, NLP, C++, FastAPI, Redis, TensorFlow, Kubernetes, Git, Python, AWS, OpenCV",12,0.4,Bachelor,2,2 Certified,2,Data Scientist,6,12,35.5,292,Hire
RES-2025-0606,Anita Roy,"Git, Kubernetes, PostgreSQL, TensorFlow, Docker, Python, AWS, Flask, React, PyTorch, C++, OpenCV",12,1.9,Diploma,1,1 Certified,1,Machine Learning Engineer,4,14,57.0,151,Hire
RES-2025-0607,Alex Johnson,"C++, Flask, React, Kubernetes",4,0.7,Bachelor,2,3 Certified,3,Cloud Architect,3,11,87.5,265,Hire
RES-2025-0608,Priya Sharma,"Git, React, TensorFlow, FastAPI",4,1.4,Bachelor,2,None,0,Machine Learning Engineer,0,10,39.8,588,Reject
RES-2025-0609,David Kim,"Flask, Git, Redis, SQL, PyTorch, FastAPI, NLP",7,2.1,Bachelor,2,3 Certified,3,Cloud Architect,6,2,81.3,302,Hire
RES-2025-0610,David Kim,"C++, GCP, PostgreSQL, Spark",4,3.5,Diploma,1,1 Certified,1,Cloud Architect,2,3,35.9,280,Hire
RES-2025-0611,Michael Brown,"PostgreSQL, Spark, FastAPI, React",4,0.1,PhD,3,1 Certified,1,Cloud Architect,2,3,82.1,819,Reject
RES-2025-0612,Michael Brown,"PostgreSQL, FastAPI, NLP, OpenCV, PyTorch, Git, React",7,4.8,Bachelor,2,1 Certified,1,Cloud Architect,6,12,44.3,239,Hire
RES-2025-0613,Alex Johnson,"Python, React, PostgreSQL, TensorFlow",4,3.0,Master,2,None,0,Data Scientist,2,14,85.2,947,Hire
RES-2025-0614,Rahul Verma,"FastAPI, Spark, NLP, Docker, Redis, GCP, Python",7,0.3,Master,2,None,0,Cloud Architect,5,3,54.5,176,Hire
RES-2025-0615,Michael Brown,"Docker, TensorFlow, PostgreSQL, Spark",4,6.2,Bachelor,2,None,0,Backend Engineer,2,3,35.1,228,Hire
RES-2025-0616,Michael Brown,"SQL, PostgreSQL",2,7.6,Master,2,2 Certified,2,Cloud Architect,2,8,56.7,495,Hire
RES-2025-0617,Alex Johnson,"Flask, PyTorch, Redis, Git",4,0.2,Master,2,1 Certified,1,Machine Learning Engineer,3,14,57.5,615,Hire
RES-2025-0618,Rahul Verma,"Redis, Git, NLP, OpenCV, TensorFlow, Flask, PyTorch, AWS, GCP, Spark, Docker, PostgreSQL, C++, Python, React, FastAPI, SQL, Kubernetes",18,1.0,Master,2,1 Certified,1,Data Scientist,5,11,56.3,539,Hire
RES-2025-0619,Emily Davis,"OpenCV, AWS, Docker, PyTorch, GCP, SQL, Git",7,4.9,Master,2,None,0,Backend Engineer,2,3,65.2,216,Hire
RES-2025-0620,Alex Johnson,"Git, OpenCV, Redis, Kubernetes, Python, Docker, Flask, PyTorch, FastAPI, Spark, NLP, AWS",12,4.1,Diploma,1,None,0,Data Scientist,0,6,78.9,557,Hire
RES-2025-0621,Emily Davis,"React, Flask, Docker, SQL, OpenCV, FastAPI, AWS, PyTorch, C++, TensorFlow, Python, Redis",12,0.6,Master,2,1 Certified,1,Machine Learning Engineer,2,3,39.8,624,Hire
RES-2025-0622,Priya Sharma,"NLP, OpenCV, Flask, C++, React, TensorFlow, AWS, Spark, Git, Kubernetes, SQL, Docker, PyTorch, GCP, PostgreSQL, FastAPI, Redis, Python",18,0.7,Master,2,2 Certified,2,NLP Engineer,1,4,94.8,771,Hire
RES-2025-0623,David Kim,"PostgreSQL, Docker, Python, TensorFlow, C++, Flask, AWS",7,1.4,Master,2,2 Certified,2,Machine Learning Engineer,3,2,59.6,323,Reject
RES-2025-0624,David Kim,"React, FastAPI",2,2.0,Diploma,1,None,0,NLP Engineer,2,8,93.6,931,Reject
RES-2025-0625,David Kim,"PostgreSQL, PyTorch, React, Spark, Flask, OpenCV, C++, Git, TensorFlow, NLP, SQL, GCP, FastAPI, Kubernetes, AWS, Python, Redis, Docker",18,2.9,Bachelor,2,2 Certified,2,Cloud Architect,0,10,93.5,208,Hire
RES-2025-0626,Sophia Chen,"FastAPI, Python, Flask, Spark, PyTorch, PostgreSQL, OpenCV",7,1.4,Bachelor,2,None,0,Machine Learning Engineer,1,7,86.8,835,Hire
RES-2025-0627,Anita Roy,"FastAPI, GCP, Docker, PyTorch, TensorFlow, React, Redis",7,1.9,Master,2,3 Certified,3,NLP Engineer,1,7,51.4,474,Hire
RES-2025-0628,Anita Roy,"PostgreSQL, Docker, AWS, NLP",4,4.1,Diploma,1,None,0,NLP Engineer,1,11,43.9,731,Hire
RES-2025-0629,Michael Brown,"React, Spark",2,0.1,PhD,3,None,0,Backend Engineer,6,1,91.9,850,Hire
RES-2025-0630,Rahul Verma,"TensorFlow, Flask, FastAPI, Redis, OpenCV, PyTorch, GCP",7,0.9,Master,2,1 Certified,1,NLP Engineer,4,4,73.5,415,Hire
RES-2025-0631,Alex Johnson,"Spark, Kubernetes",2,3.7,PhD,3,None,0,Backend Engineer,2,7,61.3,698,Hire
RES-2025-0632,David Kim,"Spark, React, C++, FastAPI, Python, AWS, Git, Docker, PyTorch, TensorFlow, SQL, NLP, OpenCV, PostgreSQL, GCP, Kubernetes, Redis, Flask",18,6.8,Bachelor,2,None,0,Cloud Architect,3,5,63.8,153,Hire
RES-2025-0633,David Kim,"Docker, PyTorch, OpenCV, React, FastAPI, PostgreSQL, GCP",7,2.2,Bachelor,2,None,0,NLP Engineer,1,6,43.6,345,Reject
RES-2025-0634,Alex Johnson,"React, Python, Git, GCP",4,2.3,Bachelor,2,2 Certified,2,Machine Learning Engineer,5,8,72.2,616,Hire
RES-2025-0635,Emily Davis,"FastAPI, Spark, Kubernetes, PyTorch",4,0.3,Master,2,1 Certified,1,Data Scientist,1,9,68.7,705,Hire
RES-2025-0636,Rahul Verma,"Spark, Git, Docker, PyTorch, C++, GCP, FastAPI, Kubernetes, Python, OpenCV, React, PostgreSQL",12,1.8,Master,2,1 Certified,1,Full Stack Developer,0,11,58.9,745,Hire
RES-2025-0637,Rahul Verma,"OpenCV, NLP, GCP, AWS, FastAPI, PyTorch, Docker, Redis, C++, SQL, Kubernetes, React",12,2.3,Master,2,1 Certified,1,Cloud Architect,3,1,91.1,950,Hire
RES-2025-0638,Rahul Verma,"AWS, Git, Spark, Kubernetes",4,0.8,Bachelor,2,3 Certified,3,NLP Engineer,0,1,31.7,533,Reject
RES-2025-0639,Emily Davis,"Spark, NLP, C++, Docker",4,0.9,Bachelor,2,None,0,Machine Learning Engineer,6,10,57.9,801,Hire
RES-2025-0640,David Kim,"Kubernetes, Redis, SQL, OpenCV, Docker, PyTorch, React",7,1.4,Master,2,1 Certified,1,Cloud Architect,4,13,55.5,930,Hire
RES-2025-0641,Rahul Verma,"SQL, Kubernetes, OpenCV, PyTorch, GCP, Python, PostgreSQL, C++, Git, TensorFlow, Redis, Flask",12,0.1,Master,2,3 Certified,3,Machine Learning Engineer,4,7,31.6,901,Hire
RES-2025-0642,Anita Roy,"React, SQL, NLP, Kubernetes, Docker, Flask, Spark",7,1.2,Bachelor,2,None,0,NLP Engineer,6,5,72.9,431,Hire
RES-2025-0643,David Kim,"Docker, FastAPI, GCP, PostgreSQL, Git, PyTorch, C++",7,0.7,Bachelor,2,None,0,Backend Engineer,0,2,62.1,520,Reject
RES-2025-0644,Sophia Chen,"PostgreSQL, Python, Spark, PyTorch",4,1.2,Bachelor,2,1 Certified,1,Backend Engineer,5,7,54.4,471,Hire
RES-2025-0645,Anita Roy,"SQL, Git, Python, GCP, TensorFlow, Kubernetes, Redis, C++, React, PostgreSQL, PyTorch, Spark",12,0.4,PhD,3,1 Certified,1,Full Stack Developer,4,9,30.3,684,Hire
RES-2025-0646,Priya Sharma,"Python, FastAPI, Flask, Docker",4,6.6,Master,2,None,0,Backend Engineer,0,6,39.0,235,Hire
RES-2025-0647,David Kim,"PostgreSQL, OpenCV, TensorFlow, SQL",4,2.7,Master,2,1 Certified,1,NLP Engineer,5,13,62.2,674,Hire
RES-2025-0648,Sophia Chen,"OpenCV, AWS, C++, PyTorch",4,3.4,Bachelor,2,2 Certified,2,Data Scientist,1,13,43.4,889,Hire
RES-2025-0649,Anita Roy,"AWS, Kubernetes, Docker, Git, OpenCV, Spark, PostgreSQL",7,4.7,Bachelor,2,None,0,Cloud Architect,6,2,59.2,184,Reject
RES-2025-0650,Rahul Verma,"Git, Redis, React, OpenCV, Python, PyTorch, TensorFlow",7,2.1,Master,2,1 Certified,1,Backend Engineer,2,4,34.7,822,Hire
RES-2025-0651,David Kim,"Docker, Python, Kubernetes, React, Redis, GCP, SQL, FastAPI, NLP, C++, PostgreSQL, Flask",12,0.3,Diploma,1,None,0,Backend Engineer,4,4,36.7,434,Reject
RES-2025-0652,Priya Sharma,"Spark, FastAPI, Kubernetes, Redis, SQL, Docker, C++",7,2.3,Diploma,1,1 Certified,1,Machine Learning Engineer,2,7,37.8,613,Hire
RES-2025-0653,Emily Davis,"NLP, Python, Git, Redis, Kubernetes, C++, PostgreSQL",7,2.7,PhD,3,3 Certified,3,Data Scientist,1,14,92.8,187,Hire
RES-2025-0654,Alex Johnson,"Python, TensorFlow, PostgreSQL, PyTorch",4,4.1,Master,2,1 Certified,1,Data Scientist,2,6,79.0,559,Hire
RES-2025-0655,Emily Davis,"PyTorch, C++, Git, React, NLP, Spark, Kubernetes",7,1.7,PhD,3,None,0,Data Scientist,4,2,31.9,198,Reject
RES-2025-0656,David Kim,"Kubernetes, Spark",2,0.4,Bachelor,2,None,0,Cloud Architect,6,6,83.0,700,Reject
RES-2025-0657,Alex Johnson,"PyTorch, Docker, FastAPI, Flask",4,1.0,Diploma,1,None,0,Full Stack Developer,6,13,54.7,865,Hire
RES-2025-0658,David Kim,"Docker, Flask, Kubernetes, Spark, TensorFlow, C++, Git",7,1.4,Master,2,4 Certified,4,NLP Engineer,5,8,73.4,684,Hire
RES-2025-0659,Anita Roy,"AWS, Kubernetes, PostgreSQL, Docker, PyTorch, Flask, C++",7,3.1,Master,2,None,0,Backend Engineer,5,11,77.8,360,Hire
RES-2025-0660,Priya Sharma,"PyTorch, OpenCV, Python, Kubernetes, Docker, NLP, Redis, Spark, C++, FastAPI, SQL, AWS, Flask, Git, TensorFlow, React, GCP, PostgreSQL",18,2.5,Master,2,None,0,Backend Engineer,1,6,55.1,613,Hire
RES-2025-0661,Sophia Chen,"OpenCV, TensorFlow, AWS, FastAPI, Redis, Kubernetes, Flask, Git, PyTorch, Spark, NLP, Python",12,1.3,Master,2,None,0,NLP Engineer,1,5,31.9,827,Hire
RES-2025-0662,Emily Davis,"FastAPI, TensorFlow, React, OpenCV",4,12.9,Bachelor,2,None,0,NLP Engineer,4,6,33.5,429,Hire
RES-2025-0663,Alex Johnson,"Spark, OpenCV, Git, Docker, Redis, TensorFlow, PostgreSQL",7,2.8,Bachelor,2,1 Certified,1,Full Stack Developer,3,2,74.3,811,Hire
RES-2025-0664,Priya Sharma,"PyTorch, FastAPI, AWS, Docker",4,0.8,Diploma,1,None,0,Backend Engineer,4,12,76.5,551,Hire
RES-2025-0665,Sophia Chen,"AWS, PostgreSQL, OpenCV, TensorFlow, C++, Docker, SQL, Kubernetes, Flask, Git, Python, NLP",12,0.3,Bachelor,2,3 Certified,3,Full Stack Developer,3,12,49.8,854,Hire
RES-2025-0666,Emily Davis,"SQL, FastAPI, Kubernetes, GCP, NLP, TensorFlow, Python",7,0.5,Bachelor,2,1 Certified,1,Machine Learning Engineer,1,5,87.3,324,Hire
RES-2025-0667,Alex Johnson,"PostgreSQL, Python, FastAPI, Spark, Docker, NLP, PyTorch",7,0.8,Diploma,1,None,0,Cloud Architect,2,14,44.8,665,Hire
RES-2025-0668,David Kim,"Docker, Git, Kubernetes, NLP, GCP, React, SQL, AWS, Flask, Spark, Redis, TensorFlow",12,0.5,Bachelor,2,2 Certified,2,Data Scientist,5,6,87.9,943,Hire
RES-2025-0669,Anita Roy,"Redis, Python",2,0.6,Bachelor,2,1 Certified,1,Backend Engineer,5,3,53.2,181,Hire
RES-2025-0670,Michael Brown,"TensorFlow, OpenCV, C++, Kubernetes",4,1.0,Bachelor,2,None,0,Cloud Architect,5,9,88.4,610,Reject
RES-2025-0671,David Kim,"React, Kubernetes, C++, Git",4,0.6,Bachelor,2,4 Certified,4,Data Scientist,1,1,67.7,868,Hire
RES-2025-0672,Priya Sharma,"GCP, React, Git, PyTorch, Python, NLP, Kubernetes",7,6.8,Bachelor,2,1 Certified,1,Full Stack Developer,2,10,66.3,316,Hire
RES-2025-0673,Rahul Verma,"Git, Python",2,0.3,Bachelor,2,None,0,Full Stack Developer,0,1,61.7,155,Reject
RES-2025-0674,Alex Johnson,"Flask, React",2,2.2,Master,2,2 Certified,2,Full Stack Developer,5,13,66.4,238,Hire
RES-2025-0675,David Kim,"OpenCV, Spark, TensorFlow, Flask, Docker, Python, NLP, SQL, Redis, FastAPI, AWS, Git, C++, PostgreSQL, GCP, React, PyTorch, Kubernetes",18,1.6,Bachelor,2,1 Certified,1,Data Scientist,6,10,39.0,936,Hire
RES-2025-0676,David Kim,"OpenCV, Git, Redis, PyTorch, Flask, PostgreSQL, Kubernetes",7,12.1,Bachelor,2,None,0,NLP Engineer,0,3,64.2,860,Hire
RES-2025-0677,Emily Davis,"Spark, GCP, FastAPI, OpenCV, NLP, Python, AWS",7,0.4,Diploma,1,2 Certified,2,Machine Learning Engineer,6,3,70.0,459,Hire
RES-2025-0678,Emily Davis,"FastAPI, Git",2,1.5,Diploma,1,2 Certified,2,Backend Engineer,3,11,30.4,931,Reject
RES-2025-0679,Anita Roy,"TensorFlow, PyTorch, AWS, Spark, Kubernetes, Redis, SQL, Git, C++, Flask, NLP, React",12,10.5,Bachelor,2,None,0,Cloud Architect,4,11,63.2,884,Hire
RES-2025-0680,Sophia Chen,"FastAPI, PostgreSQL, Flask, Docker, Kubernetes, Spark, TensorFlow",7,6.0,Bachelor,2,None,0,Machine Learning Engineer,6,8,70.5,355,Hire
RES-2025-0681,Alex Johnson,"Docker, Redis, FastAPI, PostgreSQL",4,5.1,Bachelor,2,1 Certified,1,Full Stack Developer,3,7,33.6,274,Hire
RES-2025-0682,Anita Roy,"NLP, AWS, GCP, Spark, Kubernetes, Git, PyTorch, OpenCV, TensorFlow, Python, C++, React, SQL, PostgreSQL, Flask, FastAPI, Redis, Docker",18,0.9,Bachelor,2,None,0,Machine Learning Engineer,4,8,53.9,431,Hire
RES-2025-0683,Priya Sharma,"Spark, Flask, Python, Redis, NLP, PyTorch, Git",7,0.6,Bachelor,2,1 Certified,1,Machine Learning Engineer,5,11,88.1,784,Hire
RES-2025-0684,Emily Davis,"GCP, FastAPI, AWS, Python, TensorFlow, SQL, PostgreSQL, React, Docker, C++, OpenCV, Flask, Redis, PyTorch, NLP, Git, Spark, Kubernetes",18,3.3,Master,2,2 Certified,2,Data Scientist,6,13,72.8,553,Hire
RES-2025-0685,Anita Roy,"PostgreSQL, SQL, AWS, TensorFlow",4,8.0,Bachelor,2,1 Certified,1,Full Stack Developer,2,10,70.1,563,Hire
RES-2025-0686,Alex Johnson,"SQL, NLP, Docker, Kubernetes, PyTorch, Redis, GCP, C++, FastAPI, PostgreSQL, AWS, Python",12,2.4,Master,2,None,0,NLP Engineer,6,7,90.0,213,Hire
RES-2025-0687,Priya Sharma,"TensorFlow, GCP",2,2.5,Master,2,1 Certified,1,Machine Learning Engineer,1,6,37.0,610,Hire
RES-2025-0688,Sophia Chen,"PostgreSQL, GCP, Git, Docker",4,1.0,Bachelor,2,None,0,Full Stack Developer,6,13,42.5,746,Hire
RES-2025-0689,Priya Sharma,"Flask, Python, React, C++",4,4.4,Bachelor,2,1 Certified,1,Machine Learning Engineer,2,3,74.4,895,Hire
RES-2025-0690,Anita Roy,"OpenCV, PostgreSQL, React, SQL",4,0.6,Bachelor,2,1 Certified,1,Backend Engineer,6,2,58.5,790,Hire
RES-2025-0691,Priya Sharma,"Flask, Redis, Git, PyTorch, GCP, NLP, Docker",7,1.2,Diploma,1,1 Certified,1,Machine Learning Engineer,1,14,91.1,407,Hire
RES-2025-0692,Emily Davis,"SQL, Git",2,1.7,Diploma,1,1 Certified,1,Full Stack Developer,4,9,50.3,783,Hire
RES-2025-0693,Priya Sharma,"AWS, Python, PyTorch, SQL, OpenCV, Flask, Docker",7,2.1,Bachelor,2,2 Certified,2,Backend Engineer,1,9,83.1,487,Hire
RES-2025-0694,Alex Johnson,"TensorFlow, PyTorch, React, Redis",4,0.8,Master,2,1 Certified,1,Full Stack Developer,0,9,61.1,282,Hire
RES-2025-0695,Alex Johnson,"PostgreSQL, Redis",2,0.4,Bachelor,2,None,0,NLP Engineer,2,13,85.2,383,Hire
RES-2025-0696,Alex Johnson,"OpenCV, C++",2,2.8,Bachelor,2,2 Certified,2,Full Stack Developer,3,1,55.2,536,Reject
RES-2025-0697,Michael Brown,"FastAPI, Flask, Docker, NLP, PyTorch, Git, SQL, React, PostgreSQL, Kubernetes, OpenCV, Python",12,1.0,Bachelor,2,None,0,Machine Learning Engineer,1,7,78.6,699,Hire
RES-2025-0698,Alex Johnson,"NLP, PyTorch, TensorFlow, Python, PostgreSQL, FastAPI, Spark, Flask, GCP, SQL, AWS, Kubernetes",12,2.6,Bachelor,2,None,0,Data Scientist,1,10,55.9,823,Hire
RES-2025-0699,Priya Sharma,"FastAPI, OpenCV",2,0.5,Bachelor,2,2 Certified,2,Data Scientist,6,4,58.8,459,Reject
RES-2025-0700,Rahul Verma,"NLP, Redis, AWS, SQL, React, PostgreSQL, C++, PyTorch, Python, GCP, OpenCV, Spark",12,2.0,PhD,3,1 Certified,1,Machine Learning Engineer,1,3,84.7,683,Hire
RES-2025-0701,Sophia Chen,"Flask, PyTorch",2,2.3,PhD,3,1 Certified,1,Cloud Architect,6,8,91.9,171,Hire
RES-2025-0702,Alex Johnson,"C++, Git, TensorFlow, Python",4,0.2,Bachelor,2,1 Certified,1,NLP Engineer,0,14,54.9,604,Hire
RES-2025-0703,Sophia Chen,"Spark, PyTorch, Git, Python",4,1.2,Bachelor,2,None,0,Machine Learning Engineer,4,13,88.1,418,Hire
RES-2025-0704,Sophia Chen,"Kubernetes, Spark, Redis, C++, React, PostgreSQL, Python, PyTorch, AWS, OpenCV, Flask, Git",12,0.4,PhD,3,1 Certified,1,NLP Engineer,4,12,66.9,681,Hire
RES-2025-0705,Michael Brown,"NLP, Flask, Python, Redis, C++, Kubernetes, GCP",7,0.2,Diploma,1,None,0,Full Stack Developer,2,6,67.1,189,Reject
RES-2025-0706,Emily Davis,"AWS, Python, Docker, Flask",4,13.8,Bachelor,2,None,0,Data Scientist,6,3,58.8,167,Hire
RES-2025-0707,Anita Roy,"React, PostgreSQL",2,1.2,Bachelor,2,1 Certified,1,NLP Engineer,0,10,91.0,433,Reject
RES-2025-0708,Emily Davis,"GCP, SQL, AWS, C++, FastAPI, Flask, Spark, NLP, TensorFlow, Docker, Git, PyTorch, React, Python, OpenCV, Redis, Kubernetes, PostgreSQL",18,5.0,Bachelor,2,2 Certified,2,Full Stack Developer,2,1,66.0,383,Hire
RES-2025-0709,Rahul Verma,"Python, React, PyTorch, Git, Docker, SQL, PostgreSQL, Redis, AWS, NLP, Kubernetes, Flask, FastAPI, GCP, OpenCV, Spark, TensorFlow, C++",18,0.9,Diploma,1,1 Certified,1,Data Scientist,1,1,51.2,518,Hire
RES-2025-0710,Michael Brown,"React, PostgreSQL, Git, Redis, Python, TensorFlow, SQL, Spark, Flask, C++, Kubernetes, NLP, GCP, PyTorch, AWS, Docker, FastAPI, OpenCV",18,3.4,Bachelor,2,1 Certified,1,Cloud Architect,5,3,54.8,814,Hire
RES-2025-0711,Priya Sharma,"NLP, Redis, Spark, AWS, React, PyTorch, GCP, Python, Git, FastAPI, PostgreSQL, TensorFlow, OpenCV, C++, SQL, Kubernetes, Flask, Docker",18,4.3,Master,2,4 Certified,4,Backend Engineer,3,6,78.6,268,Hire
RES-2025-0712,Anita Roy,"Spark, React, TensorFlow, SQL, AWS, FastAPI, PyTorch, GCP, NLP, Docker, Git, OpenCV",12,2.7,Bachelor,2,1 Certified,1,Backend Engineer,4,4,80.5,567,Hire
RES-2025-0713,David Kim,"Git, Kubernetes, Redis, PyTorch, GCP, OpenCV, C++",7,1.9,Bachelor,2,None,0,NLP Engineer,5,13,42.9,334,Hire
RES-2025-0714,Alex Johnson,"Spark, AWS, PostgreSQL, React",4,1.6,Bachelor,2,2 Certified,2,NLP Engineer,0,12,40.9,224,Hire
RES-2025-0715,Michael Brown,"React, Flask, C++, FastAPI, AWS, Docker, GCP, Redis, PyTorch, SQL, Spark, Kubernetes, OpenCV, NLP, Python, TensorFlow, PostgreSQL, Git",18,1.3,Master,2,None,0,NLP Engineer,3,11,59.2,596,Hire
RES-2025-0716,Anita Roy,"SQL, Redis, TensorFlow, PostgreSQL, Python, Git, C++, FastAPI, NLP, OpenCV, Kubernetes, Docker",12,8.0,Bachelor,2,2 Certified,2,Data Scientist,6,2,45.1,655,Hire
RES-2025-0717,Michael Brown,"C++, Kubernetes, SQL, TensorFlow",4,5.3,Diploma,1,3 Certified,3,Cloud Architect,1,7,63.7,738,Hire
RES-2025-0718,Emily Davis,"Git, SQL",2,10.1,Bachelor,2,None,0,NLP Engineer,1,3,48.8,415,Reject
RES-2025-0719,Priya Sharma,"AWS, Flask, Docker, PostgreSQL, FastAPI, Spark, TensorFlow, Python, Git, Kubernetes, GCP, C++, NLP, OpenCV, React, Redis, PyTorch, SQL",18,0.4,Master,2,1 Certified,1,NLP Engineer,2,2,76.6,272,Hire
RES-2025-0720,Michael Brown,"TensorFlow, Flask, AWS, React, Kubernetes, PyTorch, SQL",7,3.9,Master,2,2 Certified,2,Backend Engineer,5,2,51.3,669,Hire
RES-2025-0721,Anita Roy,"Redis, TensorFlow, Kubernetes, GCP, Python, OpenCV, PyTorch",7,8.4,Master,2,2 Certified,2,Data Scientist,1,14,66.3,791,Hire
RES-2025-0722,Alex Johnson,"C++, NLP, OpenCV, Flask",4,0.6,Bachelor,2,1 Certified,1,Backend Engineer,5,8,48.4,353,Hire
RES-2025-0723,Priya Sharma,"OpenCV, Python, Spark, PyTorch, NLP, AWS, Git, Docker, TensorFlow, Redis, FastAPI, SQL, React, Flask, Kubernetes, PostgreSQL, C++, GCP",18,0.2,Bachelor,2,1 Certified,1,Backend Engineer,2,14,45.1,449,Hire
RES-2025-0724,Anita Roy,"C++, React, PostgreSQL, Flask, PyTorch, Docker, Spark, GCP, OpenCV, NLP, SQL, Redis",12,4.1,Bachelor,2,None,0,NLP Engineer,2,11,37.4,863,Hire
RES-2025-0725,David Kim,"PostgreSQL, FastAPI, Spark, Kubernetes, Docker, Python, Flask, React, AWS, Redis, OpenCV, C++",12,2.6,Bachelor,2,None,0,Cloud Architect,2,7,55.4,602,Hire
RES-2025-0726,Rahul Verma,"AWS, PostgreSQL, NLP, SQL, Kubernetes, Python, Flask, Redis, OpenCV, Docker, TensorFlow, React, PyTorch, C++, Spark, Git, FastAPI, GCP",18,5.5,Master,2,None,0,Cloud Architect,2,6,79.8,716,Hire
RES-2025-0727,Alex Johnson,"React, OpenCV, SQL, Spark, AWS, Redis, FastAPI",7,0.5,Bachelor,2,2 Certified,2,Data Scientist,2,7,44.0,900,Hire
RES-2025-0728,Alex Johnson,"Python, Redis",2,4.8,Bachelor,2,None,0,NLP Engineer,0,3,48.4,174,Hire
RES-2025-0729,Sophia Chen,"Docker, C++",2,0.7,Bachelor,2,None,0,Cloud Architect,2,14,35.5,225,Reject
RES-2025-0730,Michael Brown,"FastAPI, Flask",2,0.5,Diploma,1,1 Certified,1,NLP Engineer,1,14,69.4,469,Reject
RES-2025-0731,Michael Brown,"Python, Git, AWS, NLP, Docker, PyTorch, Flask",7,0.5,PhD,3,1 Certified,1,NLP Engineer,2,7,36.0,566,Hire
RES-2025-0732,Anita Roy,"FastAPI, Redis, NLP, OpenCV",4,5.1,Diploma,1,1 Certified,1,NLP Engineer,2,13,65.5,260,Hire
RES-2025-0733,Alex Johnson,"NLP, GCP, React, FastAPI",4,3.3,Bachelor,2,1 Certified,1,Data Scientist,1,13,70.9,235,Hire
RES-2025-0734,David Kim,"PostgreSQL, NLP, TensorFlow, FastAPI",4,2.2,Bachelor,2,2 Certified,2,Full Stack Developer,5,14,66.8,388,Hire
RES-2025-0735,Anita Roy,"Git, Kubernetes, Flask, Python",4,1.3,Bachelor,2,1 Certified,1,NLP Engineer,6,1,47.4,364,Reject
RES-2025-0736,Anita Roy,"Kubernetes, NLP, FastAPI, Redis, React, GCP, AWS",7,6.3,Bachelor,2,2 Certified,2,Cloud Architect,0,2,57.7,229,Hire
RES-2025-0737,Alex Johnson,"Docker, SQL, OpenCV, NLP",4,1.5,Master,2,None,0,NLP Engineer,3,3,70.7,687,Hire
RES-2025-0738,Michael Brown,"Git, Docker, Spark, Flask",4,5.1,Master,2,3 Certified,3,Data Scientist,4,6,70.0,530,Hire
RES-2025-0739,David Kim,"Redis, OpenCV",2,1.7,Master,2,3 Certified,3,Data Scientist,4,10,46.3,623,Hire
RES-2025-0740,Emily Davis,"Flask, SQL, PostgreSQL, Python, Redis, OpenCV, TensorFlow, React, NLP, PyTorch, GCP, Kubernetes, Spark, AWS, FastAPI, C++, Git, Docker",18,1.4,Bachelor,2,None,0,NLP Engineer,4,3,34.3,801,Hire
RES-2025-0741,Sophia Chen,"Python, OpenCV, AWS, Flask",4,1.9,Master,2,2 Certified,2,Full Stack Developer,5,5,53.9,935,Hire
RES-2025-0742,Rahul Verma,"OpenCV, TensorFlow, Flask, PyTorch, React, Docker, PostgreSQL",7,1.1,Bachelor,2,1 Certified,1,Backend Engineer,6,9,68.2,934,Hire
RES-2025-0743,Rahul Verma,"PostgreSQL, OpenCV, SQL, Python, C++, Docker, Spark, PyTorch, Git, TensorFlow, AWS, Kubernetes, React, GCP, NLP, Flask, FastAPI, Redis",18,4.1,Bachelor,2,1 Certified,1,Cloud Architect,3,6,49.7,928,Hire
RES-2025-0744,Michael Brown,"C++, PostgreSQL, React, Flask",4,2.1,Master,2,None,0,Machine Learning Engineer,4,14,43.9,320,Reject
RES-2025-0745,Rahul Verma,"Spark, GCP, PostgreSQL, React, C++, Flask, Kubernetes, PyTorch, AWS, OpenCV, SQL, Redis",12,0.8,Diploma,1,None,0,NLP Engineer,6,11,52.5,584,Hire
RES-2025-0746,Sophia Chen,"SQL, Python, OpenCV, NLP",4,6.9,Bachelor,2,None,0,Full Stack Developer,2,6,36.1,527,Reject
RES-2025-0747,Alex Johnson,"PyTorch, AWS, PostgreSQL, OpenCV, Python, React, C++",7,1.5,Bachelor,2,1 Certified,1,Full Stack Developer,6,1,86.1,632,Reject
RES-2025-0748,Anita Roy,"PostgreSQL, Docker, PyTorch, SQL, Python, Git, React",7,2.4,Bachelor,2,2 Certified,2,Backend Engineer,0,7,84.2,272,Hire
RES-2025-0749,Alex Johnson,"FastAPI, AWS, OpenCV, Kubernetes",4,7.1,Bachelor,2,None,0,Cloud Architect,6,6,88.4,323,Hire
RES-2025-0750,Emily Davis,"C++, Spark, PyTorch, PostgreSQL, Docker, FastAPI, AWS",7,2.9,Bachelor,2,None,0,Backend Engineer,3,1,47.9,353,Reject
RES-2025-0751,Michael Brown,"Python, Git, AWS, PostgreSQL",4,0.4,Bachelor,2,None,0,Full Stack Developer,6,12,35.6,624,Hire
RES-2025-0752,Priya Sharma,"TensorFlow, SQL, Kubernetes, Git",4,8.4,Bachelor,2,None,0,Backend Engineer,6,1,44.1,533,Hire
RES-2025-0753,Sophia Chen,"OpenCV, Flask, Git, Python",4,3.0,Bachelor,2,None,0,Data Scientist,1,10,50.5,381,Reject
RES-2025-0754,Rahul Verma,"SQL, Git, AWS, React, NLP, Flask, PyTorch, Spark, FastAPI, Redis, PostgreSQL, OpenCV, Kubernetes, C++, Docker, TensorFlow, Python, GCP",18,1.2,Master,2,1 Certified,1,Backend Engineer,4,10,43.7,869,Hire
RES-2025-0755,Rahul Verma,"Redis, AWS, TensorFlow, FastAPI",4,0.4,Master,2,None,0,NLP Engineer,2,1,89.9,679,Reject
RES-2025-0756,David Kim,"GCP, Kubernetes, React, Git, OpenCV, Redis, FastAPI",7,4.7,Master,2,None,0,Machine Learning Engineer,5,6,86.5,158,Hire
RES-2025-0757,Anita Roy,"Docker, SQL, React, Flask",4,2.9,Bachelor,2,1 Certified,1,Machine Learning Engineer,3,13,70.1,757,Hire
RES-2025-0758,Michael Brown,"PostgreSQL, NLP, AWS, React, SQL, Git, Spark, Redis, OpenCV, Flask, Python, PyTorch",12,2.3,Master,2,3 Certified,3,Full Stack Developer,0,7,57.7,425,Reject
RES-2025-0759,Michael Brown,"SQL, Redis, FastAPI, GCP, Flask, Git, React",7,6.7,Master,2,None,0,Full Stack Developer,6,3,38.4,491,Hire
RES-2025-0760,Alex Johnson,"Git, Flask, React, NLP, OpenCV, TensorFlow, GCP, Python, C++, Docker, FastAPI, PostgreSQL, Spark, Kubernetes, PyTorch, Redis, SQL, AWS",18,4.7,Diploma,1,None,0,Cloud Architect,4,14,80.4,155,Hire
RES-2025-0761,Emily Davis,"FastAPI, C++",2,0.5,Bachelor,2,3 Certified,3,Cloud Architect,3,14,60.1,398,Hire
RES-2025-0762,Priya Sharma,"Kubernetes, Flask, C++, PostgreSQL",4,1.1,Bachelor,2,None,0,Cloud Architect,5,14,57.6,553,Hire
RES-2025-0763,Emily Davis,"Python, NLP, SQL, C++, Docker, PostgreSQL, GCP",7,0.9,Bachelor,2,2 Certified,2,Full Stack Developer,4,13,55.9,229,Hire
RES-2025-0764,David Kim,"PyTorch, OpenCV, Git, Redis, FastAPI, SQL, GCP",7,4.1,Bachelor,2,1 Certified,1,Data Scientist,2,7,73.9,642,Hire
RES-2025-0765,Michael Brown,"C++, Redis, Docker, NLP",4,0.1,Master,2,None,0,Cloud Architect,0,11,86.1,162,Hire
RES-2025-0766,David Kim,"C++, GCP, Python, NLP, Kubernetes, Spark, OpenCV",7,2.5,Bachelor,2,None,0,NLP Engineer,2,12,71.2,768,Hire
RES-2025-0767,Anita Roy,"PostgreSQL, Kubernetes, React, PyTorch, C++, TensorFlow, OpenCV",7,4.3,Bachelor,2,None,0,Cloud Architect,0,3,30.5,874,Reject
RES-2025-0768,Sophia Chen,"GCP, Spark, PyTorch, NLP, Flask, Python, PostgreSQL",7,6.3,Master,2,1 Certified,1,Machine Learning Engineer,4,11,54.0,585,Hire
RES-2025-0769,Rahul Verma,"Python, AWS, SQL, Flask, PostgreSQL, OpenCV, FastAPI, NLP, Spark, GCP, React, Redis",12,1.3,Bachelor,2,2 Certified,2,Full Stack Developer,5,7,46.2,236,Hire
RES-2025-0770,David Kim,"PostgreSQL, Spark, AWS, SQL, NLP, React, Git, Docker, FastAPI, Redis, Python, C++",12,5.2,Bachelor,2,None,0,Full Stack Developer,5,11,82.8,253,Hire
RES-2025-0771,Priya Sharma,"Git, Spark, C++, Python",4,0.4,Bachelor,2,2 Certified,2,Cloud Architect,5,12,87.4,593,Hire
RES-2025-0772,Sophia Chen,"Git, Redis, NLP, React, C++, Python, SQL",7,5.6,Bachelor,2,None,0,NLP Engineer,2,12,74.8,340,Hire
RES-2025-0773,Alex Johnson,"SQL, Git, AWS, Python, OpenCV, Docker, GCP",7,0.4,Master,2,1 Certified,1,Data Scientist,2,8,68.9,800,Hire
RES-2025-0774,Sophia Chen,"Kubernetes, NLP, TensorFlow, Git",4,1.5,Bachelor,2,2 Certified,2,NLP Engineer,4,7,71.3,486,Hire
RES-2025-0775,Anita Roy,"Python, Kubernetes, Redis, SQL, GCP, NLP, TensorFlow, C++, PostgreSQL, Docker, React, Spark, AWS, Git, OpenCV, FastAPI, Flask, PyTorch",18,4.8,Bachelor,2,None,0,Backend Engineer,5,9,54.0,448,Hire
RES-2025-0776,Anita Roy,"Python, Flask, SQL, Git, PostgreSQL, GCP, OpenCV",7,0.5,Bachelor,2,2 Certified,2,Data Scientist,4,12,61.9,390,Hire
RES-2025-0777,David Kim,"Docker, FastAPI, C++, Redis",4,0.8,Bachelor,2,None,0,Data Scientist,1,14,40.3,946,Reject
RES-2025-0778,Michael Brown,"React, OpenCV, Spark, GCP, Git, Flask, SQL",7,3.8,Master,2,1 Certified,1,Cloud Architect,5,11,79.5,475,Hire
RES-2025-0779,Michael Brown,"C++, PostgreSQL, GCP, Flask",4,3.8,Master,2,1 Certified,1,Backend Engineer,3,5,30.2,492,Reject
RES-2025-0780,David Kim,"Docker, C++, Spark, OpenCV, GCP, FastAPI, Kubernetes",7,3.1,Diploma,1,None,0,Full Stack Developer,4,9,94.9,763,Hire
RES-2025-0781,Michael Brown,"Kubernetes, NLP, SQL, Git, FastAPI, Redis, Spark, PyTorch, PostgreSQL, Python, OpenCV, Flask, C++, React, GCP, Docker, TensorFlow, AWS",18,3.6,Bachelor,2,3 Certified,3,Backend Engineer,2,3,49.0,181,Hire
RES-2025-0782,Anita Roy,"GCP, NLP, SQL, Redis, AWS, Kubernetes, PyTorch",7,2.3,Master,2,2 Certified,2,Backend Engineer,1,8,76.9,221,Hire
RES-2025-0783,Alex Johnson,"Spark, Redis, PostgreSQL, FastAPI, OpenCV, PyTorch, GCP",7,0.9,PhD,3,3 Certified,3,Full Stack Developer,0,12,80.5,812,Reject
RES-2025-0784,Alex Johnson,"PyTorch, Git, C++, Spark, GCP, React, Python",7,1.3,Bachelor,2,2 Certified,2,Full Stack Developer,5,11,58.6,277,Hire
RES-2025-0785,Rahul Verma,"Docker, SQL, React, OpenCV, Kubernetes, Redis, TensorFlow, FastAPI, NLP, Spark, Flask, Python",12,0.6,Bachelor,2,1 Certified,1,NLP Engineer,5,8,78.9,925,Hire
RES-2025-0786,Rahul Verma,"Kubernetes, GCP, AWS, Git, Flask, Redis, Python",7,7.2,Master,2,None,0,Data Scientist,0,4,87.2,727,Hire
RES-2025-0787,Rahul Verma,"SQL, Git, PostgreSQL, React",4,2.6,Bachelor,2,None,0,Cloud Architect,6,12,38.4,772,Hire
RES-2025-0788,Michael Brown,"NLP, Python, OpenCV, Git",4,1.5,Bachelor,2,1 Certified,1,Data Scientist,2,12,63.1,679,Hire
RES-2025-0789,David Kim,"Flask, Redis, Kubernetes, AWS, SQL, OpenCV, NLP, PostgreSQL, TensorFlow, GCP, React, PyTorch, Docker, Spark, Python, Git, FastAPI, C++",18,1.9,Bachelor,2,None,0,Backend Engineer,2,10,80.6,272,Hire
RES-2025-0790,Emily Davis,"Python, Redis, NLP, React, Docker, SQL, Kubernetes",7,8.8,Diploma,1,1 Certified,1,Data Scientist,4,2,47.6,697,Hire
RES-2025-0791,Priya Sharma,"PyTorch, GCP, NLP, Docker, Flask, C++, React, TensorFlow, Redis, Git, PostgreSQL, FastAPI, Python, Spark, Kubernetes, AWS, OpenCV, SQL",18,0.5,Master,2,2 Certified,2,Machine Learning Engineer,1,9,49.7,362,Hire
RES-2025-0792,Anita Roy,"FastAPI, PyTorch, Kubernetes, C++, PostgreSQL, Redis, Docker",7,2.6,Bachelor,2,1 Certified,1,NLP Engineer,1,2,65.3,370,Hire
RES-2025-0793,Rahul Verma,"Spark, Docker, GCP, C++, Kubernetes, Redis, Git",7,2.1,Master,2,1 Certified,1,NLP Engineer,0,5,79.0,765,Hire
RES-2025-0794,David Kim,"PostgreSQL, Redis, Git, Kubernetes",4,2.8,Bachelor,2,2 Certified,2,Backend Engineer,2,5,74.1,665,Hire
RES-2025-0795,Anita Roy,"SQL, PostgreSQL",2,0.1,Diploma,1,3 Certified,3,Full Stack Developer,3,8,40.6,217,Reject
RES-2025-0796,Rahul Verma,"GCP, Kubernetes",2,6.2,Bachelor,2,1 Certified,1,Backend Engineer,1,13,37.1,387,Hire
RES-2025-0797,Rahul Verma,"Redis, PostgreSQL, Docker, Kubernetes",4,8.1,Bachelor,2,1 Certified,1,Full Stack Developer,5,3,51.0,346,Hire
RES-2025-0798,David Kim,"SQL, Kubernetes, PostgreSQL, Redis, Git, C++, OpenCV, Flask, Docker, GCP, NLP, React",12,2.5,Master,2,None,0,Data Scientist,2,12,53.0,913,Hire
RES-2025-0799,Rahul Verma,"C++, Spark, Python, FastAPI, OpenCV, PostgreSQL, Redis",7,3.6,Bachelor,2,2 Certified,2,NLP Engineer,6,5,31.3,871,Hire
RES-2025-0800,Rahul Verma,"React, Python, Kubernetes, OpenCV",4,7.7,Master,2,None,0,Full Stack Developer,5,4,81.8,782,Hire
RES-2025-0801,Rahul Verma,"NLP, SQL",2,3.7,Bachelor,2,1 Certified,1,Cloud Architect,4,8,91.9,197,Hire
RES-2025-0802,Michael Brown,"PostgreSQL, NLP, AWS, Git, GCP, OpenCV, Python",7,0.5,Bachelor,2,1 Certified,1,Data Scientist,4,6,58.5,441,Hire
RES-2025-0803,David Kim,"TensorFlow, Kubernetes, Spark, PostgreSQL, FastAPI, GCP, Git, Flask, React, Docker, PyTorch, AWS, NLP, C++, Redis, OpenCV, SQL, Python",18,2.6,Bachelor,2,2 Certified,2,Cloud Architect,5,12,50.4,519,Hire
RES-2025-0804,Anita Roy,"OpenCV, SQL, Kubernetes, NLP, Docker, GCP, Redis, React, Spark, Flask, AWS, C++",12,2.8,Master,2,None,0,Machine Learning Engineer,5,7,57.8,648,Hire
RES-2025-0805,Alex Johnson,"Redis, React, Python, Git, OpenCV, PostgreSQL, AWS, SQL, FastAPI, NLP, Flask, GCP, TensorFlow, C++, Spark, Kubernetes, Docker, PyTorch",18,1.7,Bachelor,2,2 Certified,2,Machine Learning Engineer,4,8,69.7,345,Hire
RES-2025-0806,Michael Brown,"GCP, FastAPI, Flask, Kubernetes, SQL, PyTorch, TensorFlow, Redis, Git, Spark, NLP, PostgreSQL",12,4.0,Master,2,2 Certified,2,NLP Engineer,0,7,67.4,156,Hire
RES-2025-0807,Michael Brown,"NLP, Kubernetes",2,8.2,Bachelor,2,None,0,Backend Engineer,4,11,79.9,695,Hire
RES-2025-0808,Sophia Chen,"React, Flask, OpenCV, C++, TensorFlow, Docker, Redis, Spark, PyTorch, Python, AWS, PostgreSQL",12,7.8,Bachelor,2,None,0,Machine Learning Engineer,2,14,50.5,385,Hire
RES-2025-0809,Sophia Chen,"Spark, AWS, NLP, GCP",4,1.8,Master,2,2 Certified,2,Machine Learning Engineer,1,8,38.0,534,Hire
RES-2025-0810,Sophia Chen,"GCP, FastAPI, C++, Docker",4,0.4,Bachelor,2,None,0,Machine Learning Engineer,0,3,62.9,742,Reject
RES-2025-0811,Priya Sharma,"OpenCV, Docker, PostgreSQL, React",4,12.6,Bachelor,2,2 Certified,2,Data Scientist,3,4,43.7,242,Hire
RES-2025-0812,Emily Davis,"Redis, Docker, GCP, Python, PostgreSQL, OpenCV, C++",7,5.5,Bachelor,2,2 Certified,2,Data Scientist,2,5,84.4,594,Hire
RES-2025-0813,Rahul Verma,"TensorFlow, C++, PostgreSQL, Python",4,0.4,PhD,3,None,0,Cloud Architect,2,1,39.1,404,Hire
RES-2025-0814,Alex Johnson,"Flask, FastAPI",2,7.6,Bachelor,2,2 Certified,2,Machine Learning Engineer,4,13,43.6,907,Hire
RES-2025-0815,Emily Davis,"SQL, Spark, FastAPI, TensorFlow, AWS, GCP, React",7,6.1,Master,2,1 Certified,1,Data Scientist,0,13,40.6,659,Hire
RES-2025-0816,Michael Brown,"AWS, Kubernetes, Python, C++, PostgreSQL, SQL, Spark",7,2.2,Master,2,None,0,Backend Engineer,3,1,65.1,930,Hire
RES-2025-0817,David Kim,"Python, React, NLP, PyTorch",4,2.7,Bachelor,2,None,0,NLP Engineer,3,7,85.6,699,Hire
RES-2025-0818,Alex Johnson,"PostgreSQL, AWS, Flask, SQL",4,1.5,Bachelor,2,None,0,Full Stack Developer,5,12,36.3,654,Hire
RES-2025-0819,Sophia Chen,"Redis, Flask",2,0.2,Master,2,None,0,Cloud Architect,0,12,36.2,563,Reject
RES-2025-0820,Priya Sharma,"AWS, SQL, Git, Redis",4,1.2,Master,2,1 Certified,1,Full Stack Developer,4,9,67.5,423,Hire
RES-2025-0821,David Kim,"React, Flask, PyTorch, FastAPI",4,4.9,Master,2,None,0,Machine Learning Engineer,6,4,93.7,164,Hire
RES-2025-0822,Alex Johnson,"NLP, SQL, C++, Redis, Python, Git, FastAPI, React, GCP, Docker, OpenCV, AWS",12,0.0,PhD,3,1 Certified,1,Data Scientist,4,8,37.7,436,Hire
RES-2025-0823,Emily Davis,"SQL, AWS, Kubernetes, C++",4,1.2,Master,2,2 Certified,2,NLP Engineer,5,2,73.4,500,Hire
RES-2025-0824,Rahul Verma,"React, Spark",2,1.5,Bachelor,2,4 Certified,4,Backend Engineer,0,4,93.4,263,Hire
RES-2025-0825,Rahul Verma,"React, Git",2,2.3,Bachelor,2,1 Certified,1,Machine Learning Engineer,6,9,41.9,673,Hire
RES-2025-0826,Sophia Chen,"OpenCV, React, Flask, Git, Spark, AWS, C++, Python, Redis, SQL, Docker, GCP",12,7.6,Master,2,1 Certified,1,Data Scientist,1,2,74.2,800,Hire
RES-2025-0827,Sophia Chen,"Flask, Spark, OpenCV, FastAPI, Python, PostgreSQL, GCP, C++, AWS, Kubernetes, NLP, Docker",12,1.3,Bachelor,2,2 Certified,2,Data Scientist,0,2,46.3,719,Hire
RES-2025-0828,Sophia Chen,"TensorFlow, PyTorch, Spark, FastAPI, GCP, NLP, PostgreSQL, Docker, OpenCV, React, Git, Kubernetes, Flask, Redis, SQL, C++, Python, AWS",18,1.3,PhD,3,None,0,NLP Engineer,0,12,78.1,838,Hire
RES-2025-0829,Anita Roy,"AWS, Kubernetes",2,4.0,Diploma,1,None,0,Data Scientist,4,2,80.2,762,Hire
RES-2025-0830,Anita Roy,"Docker, GCP, Flask, PyTorch",4,1.8,Master,2,2 Certified,2,Cloud Architect,2,5,91.7,191,Hire
RES-2025-0831,Rahul Verma,"GCP, Spark",2,0.8,Bachelor,2,2 Certified,2,Cloud Architect,6,13,61.7,448,Hire
RES-2025-0832,Priya Sharma,"React, NLP",2,1.8,Master,2,1 Certified,1,Cloud Architect,3,7,33.7,257,Reject
RES-2025-0833,Rahul Verma,"AWS, FastAPI, Kubernetes, OpenCV, PostgreSQL, Flask, SQL, PyTorch, Python, Spark, NLP, Redis",12,0.5,Bachelor,2,None,0,NLP Engineer,5,5,36.8,949,Hire
RES-2025-0834,Anita Roy,"C++, Redis, FastAPI, Python, Git, PyTorch, Spark",7,0.6,Master,2,1 Certified,1,Machine Learning Engineer,4,2,37.6,932,Hire
RES-2025-0835,Michael Brown,"PyTorch, React, GCP, Spark, NLP, Git, AWS, Python, OpenCV, C++, Kubernetes, FastAPI",12,2.1,Bachelor,2,None,0,Data Scientist,0,5,89.8,179,Hire
RES-2025-0836,Rahul Verma,"React, FastAPI, NLP, Flask",4,1.6,Bachelor,2,None,0,NLP Engineer,5,11,47.1,314,Hire
RES-2025-0837,Emily Davis,"React, SQL, PostgreSQL, Spark, PyTorch, Redis, C++, Git, AWS, Docker, FastAPI, OpenCV",12,7.4,Bachelor,2,3 Certified,3,Machine Learning Engineer,5,7,50.3,659,Hire
RES-2025-0838,Michael Brown,"PostgreSQL, React, Kubernetes, C++",4,1.4,Bachelor,2,None,0,Backend Engineer,1,6,31.0,344,Reject
RES-2025-0839,Rahul Verma,"FastAPI, SQL, C++, Git, React, PyTorch, Docker, PostgreSQL, Kubernetes, OpenCV, Flask, GCP",12,2.6,Master,2,1 Certified,1,NLP Engineer,1,7,36.7,903,Hire
RES-2025-0840,Rahul Verma,"TensorFlow, Kubernetes, NLP, PostgreSQL, Spark, Python, Docker",7,3.0,Bachelor,2,1 Certified,1,Data Scientist,0,8,44.6,861,Reject
RES-2025-0841,Sophia Chen,"GCP, OpenCV, Flask, Python, PostgreSQL, Docker, FastAPI, Git, NLP, Kubernetes, Redis, Spark",12,0.0,Bachelor,2,1 Certified,1,NLP Engineer,1,14,63.7,559,Hire
RES-2025-0842,Michael Brown,"React, AWS, Spark, SQL, GCP, Docker, PostgreSQL, Redis, FastAPI, PyTorch, TensorFlow, NLP",12,3.3,Master,2,4 Certified,4,Backend Engineer,6,9,67.6,248,Hire
RES-2025-0843,Anita Roy,"Docker, NLP, React, PostgreSQL, GCP, Kubernetes, AWS",7,0.6,Master,2,None,0,Data Scientist,4,14,33.5,783,Hire
RES-2025-0844,Michael Brown,"SQL, Python",2,9.7,Bachelor,2,1 Certified,1,Machine Learning Engineer,2,8,86.4,301,Hire
RES-2025-0845,Emily Davis,"AWS, FastAPI",2,0.5,Master,2,2 Certified,2,Cloud Architect,4,8,58.0,932,Reject
RES-2025-0846,Michael Brown,"GCP, Git, Redis, SQL",4,1.6,Bachelor,2,2 Certified,2,Full Stack Developer,3,3,79.8,847,Hire
RES-2025-0847,Alex Johnson,"PyTorch, React, Docker, C++, FastAPI, Git, Spark, AWS, OpenCV, TensorFlow, PostgreSQL, Redis, Flask, GCP, SQL, Python, NLP, Kubernetes",18,0.3,Bachelor,2,None,0,NLP Engineer,4,12,91.7,546,Hire
RES-2025-0848,Michael Brown,"Flask, Kubernetes, SQL, PyTorch, FastAPI, PostgreSQL, TensorFlow",7,15.0,Master,2,2 Certified,2,NLP Engineer,0,3,46.9,355,Hire
RES-2025-0849,Priya Sharma,"Docker, Redis, AWS, Python",4,2.1,Master,2,None,0,Full Stack Developer,0,11,54.3,322,Hire
RES-2025-0850,Alex Johnson,"C++, Git",2,2.7,Diploma,1,3 Certified,3,Full Stack Developer,2,14,34.5,326,Hire
RES-2025-0851,Anita Roy,"OpenCV, React, Docker, Spark",4,0.2,Bachelor,2,None,0,Data Scientist,4,3,87.9,873,Reject
RES-2025-0852,David Kim,"GCP, Python, PyTorch, FastAPI, AWS, C++, PostgreSQL",7,4.2,Master,2,None,0,Data Scientist,0,6,74.4,754,Hire
RES-2025-0853,Priya Sharma,"Flask, Kubernetes, GCP, PostgreSQL, Redis, AWS, OpenCV",7,0.7,Master,2,3 Certified,3,Cloud Architect,4,2,52.0,524,Hire
RES-2025-0854,Anita Roy,"C++, PyTorch, React, Python",4,6.8,Master,2,3 Certified,3,Cloud Architect,5,13,84.5,251,Hire
RES-2025-0855,Priya Sharma,"Kubernetes, Redis, C++, PostgreSQL, AWS, FastAPI, Docker",7,0.7,Bachelor,2,None,0,Backend Engineer,2,11,57.7,595,Hire
RES-2025-0856,Anita Roy,"Docker, Kubernetes",2,0.6,Bachelor,2,1 Certified,1,Data Scientist,3,13,80.1,939,Hire
RES-2025-0857,Alex Johnson,"PyTorch, OpenCV, TensorFlow, Flask, Git, React, Spark",7,0.1,Bachelor,2,1 Certified,1,Cloud Architect,0,9,31.8,460,Hire
RES-2025-0858,Emily Davis,"PyTorch, Spark, SQL, AWS, PostgreSQL, Kubernetes, React, Python, Docker, FastAPI, NLP, GCP, OpenCV, TensorFlow, C++, Flask, Git, Redis",18,1.9,Bachelor,2,1 Certified,1,Machine Learning Engineer,0,7,43.4,855,Hire
RES-2025-0859,Rahul Verma,"NLP, Kubernetes",2,2.5,PhD,3,4 Certified,4,Backend Engineer,2,14,56.1,309,Hire
RES-2025-0860,Sophia Chen,"AWS, Spark, Git, Docker, Kubernetes, React, Flask",7,0.2,Bachelor,2,None,0,NLP Engineer,3,5,84.8,344,Reject
RES-2025-0861,Anita Roy,"Python, C++, PyTorch, React",4,4.5,Master,2,None,0,Cloud Architect,1,2,71.4,268,Hire
RES-2025-0862,Anita Roy,"FastAPI, Kubernetes",2,1.8,Bachelor,2,2 Certified,2,Cloud Architect,5,12,55.9,699,Hire
RES-2025-0863,Rahul Verma,"Docker, C++",2,2.2,Master,2,3 Certified,3,Machine Learning Engineer,4,14,62.4,280,Hire
RES-2025-0864,Alex Johnson,"Docker, FastAPI, NLP, Python, Spark, OpenCV, TensorFlow",7,1.7,Diploma,1,1 Certified,1,Machine Learning Engineer,1,7,70.0,598,Reject
RES-2025-0865,Anita Roy,"PyTorch, Redis, OpenCV, C++, Docker, React, SQL",7,1.5,Diploma,1,None,0,Backend Engineer,2,14,91.8,329,Hire
RES-2025-0866,Sophia Chen,"PyTorch, C++, Redis, TensorFlow, Flask, AWS, FastAPI, Docker, GCP, Kubernetes, SQL, NLP, OpenCV, PostgreSQL, Python, React, Spark, Git",18,2.5,Bachelor,2,None,0,Backend Engineer,1,9,92.7,208,Hire
RES-2025-0867,Priya Sharma,"FastAPI, Python, SQL, React, PostgreSQL, Spark, Redis",7,0.5,Bachelor,2,None,0,Backend Engineer,0,7,30.2,209,Reject
RES-2025-0868,Priya Sharma,"PyTorch, TensorFlow, Python, Kubernetes, Spark, NLP, Git, GCP, OpenCV, Flask, React, Docker",12,0.6,Master,2,None,0,NLP Engineer,4,5,52.4,801,Hire
RES-2025-0869,David Kim,"React, NLP, Flask, PostgreSQL, Kubernetes, FastAPI, TensorFlow",7,5.9,PhD,3,None,0,Data Scientist,1,6,78.1,592,Hire
RES-2025-0870,David Kim,"Spark, NLP",2,8.8,PhD,3,None,0,Cloud Architect,2,4,91.2,581,Hire
RES-2025-0871,Anita Roy,"GCP, C++, FastAPI, SQL, PostgreSQL, Spark, Kubernetes, OpenCV, TensorFlow, AWS, Docker, PyTorch",12,1.4,Bachelor,2,None,0,Backend Engineer,6,12,72.9,783,Hire
RES-2025-0872,Anita Roy,"Spark, React, Git, Docker, OpenCV, TensorFlow, NLP",7,0.9,Bachelor,2,1 Certified,1,Data Scientist,6,13,86.6,572,Hire
RES-2025-0873,Sophia Chen,"SQL, C++, Spark, TensorFlow",4,3.1,Master,2,None,0,Backend Engineer,3,10,73.4,429,Reject
RES-2025-0874,David Kim,"OpenCV, Flask, Spark, SQL, NLP, Docker, React",7,1.6,Bachelor,2,3 Certified,3,Data Scientist,4,13,69.8,902,Hire
RES-2025-0875,Alex Johnson,"TensorFlow, FastAPI, Python, PostgreSQL, Spark, GCP, SQL",7,0.1,Master,2,None,0,Data Scientist,1,12,39.8,368,Hire
RES-2025-0876,Priya Sharma,"Kubernetes, GCP, PostgreSQL, SQL",4,0.5,Master,2,None,0,Machine Learning Engineer,6,9,40.4,305,Hire
RES-2025-0877,Priya Sharma,"Spark, SQL, PostgreSQL, React, Flask, GCP, Docker",7,3.8,PhD,3,1 Certified,1,Backend Engineer,3,2,79.1,288,Hire
RES-2025-0878,Anita Roy,"SQL, Python, React, GCP",4,3.2,Bachelor,2,1 Certified,1,NLP Engineer,0,8,91.5,730,Hire
RES-2025-0879,Emily Davis,"React, TensorFlow, SQL, Redis, Git, Flask, Kubernetes, OpenCV, GCP, PyTorch, Docker, PostgreSQL, Spark, FastAPI, Python, AWS, C++, NLP",18,0.1,Bachelor,2,1 Certified,1,Backend Engineer,2,14,46.4,675,Hire
RES-2025-0880,Alex Johnson,"SQL, PyTorch, NLP, React, Flask, Spark, PostgreSQL",7,0.8,PhD,3,None,0,Data Scientist,5,13,72.7,825,Hire
RES-2025-0881,Alex Johnson,"Python, FastAPI",2,0.8,Bachelor,2,None,0,NLP Engineer,3,7,32.3,838,Hire
RES-2025-0882,Michael Brown,"Redis, Spark, FastAPI, React",4,3.3,Bachelor,2,3 Certified,3,Cloud Architect,2,9,42.5,438,Hire
RES-2025-0883,Anita Roy,"TensorFlow, Kubernetes, Docker, Python, C++, FastAPI, PyTorch, PostgreSQL, React, Spark, SQL, GCP, Git, Flask, NLP, OpenCV, AWS, Redis",18,0.1,Master,2,2 Certified,2,Data Scientist,6,10,34.6,746,Hire
RES-2025-0884,Anita Roy,"Kubernetes, Docker, Redis, Python, React, TensorFlow, PostgreSQL",7,0.3,Master,2,3 Certified,3,Backend Engineer,0,12,91.8,153,Hire
RES-2025-0885,Sophia Chen,"TensorFlow, C++, Kubernetes, PostgreSQL",4,4.8,Bachelor,2,1 Certified,1,Backend Engineer,5,8,69.4,340,Hire
RES-2025-0886,Alex Johnson,"Redis, Python, TensorFlow, PostgreSQL, Docker, Flask, GCP",7,0.6,Master,2,1 Certified,1,Backend Engineer,5,2,75.7,227,Hire
RES-2025-0887,Emily Davis,"NLP, SQL, C++, Kubernetes, Spark, Git, Flask, PostgreSQL, OpenCV, AWS, React, PyTorch",12,3.2,Bachelor,2,2 Certified,2,Cloud Architect,1,9,30.5,849,Hire
RES-2025-0888,David Kim,"TensorFlow, PostgreSQL",2,0.8,Bachelor,2,2 Certified,2,Full Stack Developer,6,14,58.0,840,Hire
RES-2025-0889,Anita Roy,"TensorFlow, Kubernetes",2,0.3,Bachelor,2,3 Certified,3,Data Scientist,5,11,69.4,217,Hire
RES-2025-0890,Emily Davis,"PostgreSQL, React, FastAPI, Flask, C++, NLP, SQL",7,0.8,Bachelor,2,2 Certified,2,Backend Engineer,4,3,32.8,511,Hire
RES-2025-0891,Anita Roy,"C++, GCP, Redis, NLP",4,3.8,Bachelor,2,2 Certified,2,NLP Engineer,3,1,86.8,474,Hire
RES-2025-0892,David Kim,"Python, Spark, SQL, TensorFlow",4,5.8,Bachelor,2,None,0,Machine Learning Engineer,0,7,60.7,427,Hire
RES-2025-0893,Alex Johnson,"SQL, Git, AWS, Docker, GCP, NLP, Redis",7,5.3,Master,2,1 Certified,1,Backend Engineer,3,11,33.9,258,Hire
RES-2025-0894,Emily Davis,"Git, Flask, NLP, AWS, PostgreSQL, C++, Docker, OpenCV, Spark, Python, Redis, SQL",12,1.5,Bachelor,2,1 Certified,1,Cloud Architect,4,7,69.8,763,Hire
RES-2025-0895,Rahul Verma,"React, Flask, FastAPI, Git",4,3.3,PhD,3,None,0,NLP Engineer,2,7,46.0,484,Hire
RES-2025-0896,Emily Davis,"PostgreSQL, AWS, Kubernetes, Git, C++, SQL, React",7,0.7,Bachelor,2,None,0,Data Scientist,6,11,67.2,384,Hire
RES-2025-0897,Sophia Chen,"NLP, PostgreSQL, Redis, GCP, Python, SQL, AWS, PyTorch, OpenCV, TensorFlow, C++, Spark",12,1.0,Bachelor,2,1 Certified,1,Cloud Architect,2,2,59.2,946,Hire
RES-2025-0898,Rahul Verma,"React, PyTorch, PostgreSQL, Docker, GCP, Kubernetes, Python, SQL, C++, NLP, TensorFlow, OpenCV",12,6.8,Bachelor,2,None,0,Data Scientist,4,9,43.0,811,Hire
RES-2025-0899,Priya Sharma,"PyTorch, OpenCV, Git, Docker",4,0.0,Master,2,1 Certified,1,Machine Learning Engineer,2,5,43.3,453,Hire
RES-2025-0900,Michael Brown,"GCP, Flask",2,0.3,Bachelor,2,None,0,Backend Engineer,4,8,79.3,260,Reject
RES-2025-0901,Anita Roy,"GCP, Git, SQL, Redis",4,0.7,Bachelor,2,3 Certified,3,Machine Learning Engineer,0,14,51.2,638,Hire
RES-2025-0902,Emily Davis,"C++, Python, Spark, Kubernetes, SQL, OpenCV, TensorFlow, PostgreSQL, Git, Redis, Flask, React",12,0.1,Bachelor,2,1 Certified,1,Full Stack Developer,0,12,76.6,285,Hire
RES-2025-0903,Priya Sharma,"Docker, Redis",2,0.6,Bachelor,2,2 Certified,2,Machine Learning Engineer,6,6,93.2,496,Hire
RES-2025-0904,Emily Davis,"PostgreSQL, C++, PyTorch, AWS, OpenCV, Kubernetes, Spark, TensorFlow, GCP, FastAPI, Docker, NLP",12,2.6,Bachelor,2,2 Certified,2,Data Scientist,1,4,33.7,849,Hire
RES-2025-0905,Alex Johnson,"NLP, PostgreSQL, PyTorch, Python, Docker, C++, Spark",7,1.6,Master,2,3 Certified,3,Backend Engineer,4,6,51.0,924,Hire
RES-2025-0906,Michael Brown,"Git, PostgreSQL",2,6.7,Diploma,1,2 Certified,2,NLP Engineer,4,2,32.6,753,Hire
RES-2025-0907,Sophia Chen,"Python, React, TensorFlow, Git, SQL, AWS, PostgreSQL",7,5.1,Bachelor,2,None,0,Machine Learning Engineer,5,12,70.5,422,Hire
RES-2025-0908,Michael Brown,"OpenCV, AWS, Kubernetes, Docker",4,1.3,Bachelor,2,None,0,Machine Learning Engineer,5,5,59.4,606,Hire
RES-2025-0909,Michael Brown,"Docker, PyTorch, C++, PostgreSQL",4,0.9,Bachelor,2,3 Certified,3,Backend Engineer,1,13,67.1,915,Hire
RES-2025-0910,Sophia Chen,"Git, React, GCP, Python, Kubernetes, Spark, Docker, FastAPI, Flask, Redis, PostgreSQL, TensorFlow, NLP, PyTorch, C++, AWS, SQL, OpenCV",18,1.4,Master,2,None,0,Data Scientist,3,7,69.1,319,Hire
RES-2025-0911,Anita Roy,"Git, NLP, TensorFlow, FastAPI, PyTorch, Python, C++",7,2.7,Bachelor,2,2 Certified,2,Data Scientist,0,5,58.9,896,Hire
RES-2025-0912,David Kim,"React, OpenCV",2,0.9,Bachelor,2,4 Certified,4,Cloud Architect,2,2,48.2,819,Hire
RES-2025-0913,Alex Johnson,"Git, Flask, AWS, NLP, C++, Docker, PyTorch, Kubernetes, Python, GCP, TensorFlow, FastAPI, OpenCV, SQL, React, Spark, PostgreSQL, Redis",18,2.9,Diploma,1,1 Certified,1,Machine Learning Engineer,5,12,40.0,216,Hire
RES-2025-0914,Michael Brown,"PostgreSQL, Spark",2,1.6,Master,2,1 Certified,1,Machine Learning Engineer,4,1,72.7,938,Reject
RES-2025-0915,Rahul Verma,"OpenCV, AWS, Python, Kubernetes, Flask, Docker, C++, NLP, PostgreSQL, Git, FastAPI, Spark",12,2.4,PhD,3,1 Certified,1,Backend Engineer,5,14,78.3,443,Hire
RES-2025-0916,Emily Davis,"PostgreSQL, SQL, React, Kubernetes, Redis, FastAPI, AWS",7,1.7,Bachelor,2,None,0,Cloud Architect,2,7,41.3,561,Hire
RES-2025-0917,Emily Davis,"Flask, PostgreSQL, Spark, SQL, OpenCV, PyTorch, Git, FastAPI, TensorFlow, GCP, AWS, NLP",12,1.0,Bachelor,2,2 Certified,2,Cloud Architect,1,1,52.3,790,Hire
RES-2025-0918,Emily Davis,"SQL, Flask, OpenCV, Spark, React, PostgreSQL, PyTorch",7,8.9,Master,2,3 Certified,3,Full Stack Developer,4,1,63.8,739,Hire
RES-2025-0919,David Kim,"Kubernetes, PostgreSQL, Docker, SQL, React, C++, GCP, AWS, OpenCV, FastAPI, Git, PyTorch",12,4.3,Bachelor,2,2 Certified,2,Cloud Architect,6,2,44.7,809,Hire
RES-2025-0920,Sophia Chen,"Redis, Docker, PostgreSQL, TensorFlow, PyTorch, React, Flask, FastAPI, OpenCV, C++, Kubernetes, AWS",12,0.5,Bachelor,2,3 Certified,3,Backend Engineer,0,1,32.0,273,Hire
RES-2025-0921,Priya Sharma,"GCP, Docker",2,6.1,Bachelor,2,None,0,NLP Engineer,0,12,68.8,501,Hire
RES-2025-0922,Sophia Chen,"PostgreSQL, PyTorch, FastAPI, Python",4,2.0,Bachelor,2,None,0,Data Scientist,5,8,86.0,542,Hire
RES-2025-0923,Priya Sharma,"React, PostgreSQL, Python, OpenCV, Redis, NLP, PyTorch",7,6.7,Bachelor,2,1 Certified,1,Machine Learning Engineer,1,12,84.0,796,Hire
RES-2025-0924,Anita Roy,"Kubernetes, NLP, PostgreSQL, Python",4,4.8,Bachelor,2,1 Certified,1,Cloud Architect,6,8,44.1,570,Hire
RES-2025-0925,David Kim,"Python, Redis, GCP, PyTorch, AWS, TensorFlow, NLP",7,1.7,Bachelor,2,1 Certified,1,Full Stack Developer,5,12,33.2,749,Hire
RES-2025-0926,Anita Roy,"GCP, Git, SQL, Python",4,0.1,Bachelor,2,None,0,Machine Learning Engineer,5,3,93.0,228,Hire
RES-2025-0927,Anita Roy,"C++, SQL, FastAPI, Python",4,0.9,Bachelor,2,None,0,Cloud Architect,4,14,62.1,880,Hire
RES-2025-0928,Priya Sharma,"Flask, FastAPI",2,2.3,Master,2,3 Certified,3,Full Stack Developer,0,8,62.2,865,Hire
RES-2025-0929,Emily Davis,"Docker, Spark, PostgreSQL, Python, Flask, OpenCV, AWS",7,3.0,Master,2,None,0,Machine Learning Engineer,2,11,53.2,560,Hire
RES-2025-0930,Sophia Chen,"Flask, Docker, Python, TensorFlow, PyTorch, Git, GCP, Kubernetes, Redis, NLP, SQL, FastAPI, React, C++, PostgreSQL, AWS, OpenCV, Spark",18,0.9,Bachelor,2,None,0,Backend Engineer,1,5,38.7,868,Hire
RES-2025-0931,Emily Davis,"Python, Docker",2,0.5,Bachelor,2,None,0,Full Stack Developer,0,5,87.2,290,Hire
RES-2025-0932,Sophia Chen,"OpenCV, FastAPI, PostgreSQL, NLP, GCP, Docker, PyTorch, TensorFlow, Redis, AWS, React, Spark",12,5.4,Bachelor,2,2 Certified,2,Backend Engineer,6,13,34.4,675,Hire
RES-2025-0933,Priya Sharma,"NLP, Spark, React, Docker, Redis, Flask, OpenCV",7,12.5,Diploma,1,1 Certified,1,Data Scientist,6,7,31.8,837,Hire
RES-2025-0934,Emily Davis,"NLP, Flask, PostgreSQL, Git",4,2.2,Master,2,1 Certified,1,NLP Engineer,5,14,79.1,311,Hire
RES-2025-0935,Rahul Verma,"TensorFlow, Spark, Python, OpenCV, PyTorch, AWS, Redis",7,0.6,Master,2,2 Certified,2,Cloud Architect,0,6,48.0,437,Hire
RES-2025-0936,Emily Davis,"FastAPI, Kubernetes, Git, Spark",4,1.0,Master,2,1 Certified,1,NLP Engineer,6,14,84.6,753,Hire
RES-2025-0937,David Kim,"TensorFlow, PostgreSQL, Kubernetes, AWS, GCP, Git, Redis",7,0.1,Diploma,1,1 Certified,1,Data Scientist,6,5,68.6,383,Hire
RES-2025-0938,Emily Davis,"OpenCV, React, Git, Docker, Spark, SQL, AWS, Kubernetes, FastAPI, Flask, Redis, NLP, GCP, PyTorch, PostgreSQL, TensorFlow, C++, Python",18,7.4,Bachelor,2,None,0,Full Stack Developer,4,6,43.3,623,Hire
RES-2025-0939,David Kim,"Git, NLP",2,0.4,Bachelor,2,2 Certified,2,Data Scientist,1,11,82.6,533,Hire
RES-2025-0940,Anita Roy,"GCP, Kubernetes, Flask, PostgreSQL, Git, PyTorch, FastAPI, C++, OpenCV, AWS, Spark, Python",12,2.6,Diploma,1,2 Certified,2,Data Scientist,3,8,90.8,713,Hire
RES-2025-0941,Rahul Verma,"Spark, OpenCV, AWS, Python, Redis, Kubernetes, NLP",7,1.0,Bachelor,2,1 Certified,1,NLP Engineer,2,2,39.1,275,Hire
RES-2025-0942,Alex Johnson,"TensorFlow, AWS",2,2.4,Bachelor,2,1 Certified,1,Backend Engineer,6,2,90.2,853,Hire
RES-2025-0943,Alex Johnson,"PyTorch, Python, Docker, SQL, Git, React, Flask, C++, OpenCV, PostgreSQL, AWS, FastAPI, Kubernetes, GCP, TensorFlow, NLP, Spark, Redis",18,3.2,Bachelor,2,1 Certified,1,Data Scientist,6,4,41.2,542,Hire
RES-2025-0944,Alex Johnson,"TensorFlow, AWS, PostgreSQL, PyTorch, GCP, Docker, OpenCV, C++, Kubernetes, NLP, FastAPI, Spark, React, Redis, Python, Git, Flask, SQL",18,5.3,Bachelor,2,2 Certified,2,NLP Engineer,3,4,45.1,233,Hire
RES-2025-0945,Anita Roy,"C++, FastAPI, Python, AWS, Redis, Flask, Docker",7,0.7,Master,2,1 Certified,1,Full Stack Developer,2,6,31.3,669,Reject
RES-2025-0946,Anita Roy,"React, Flask, TensorFlow, Git, Spark, FastAPI, Kubernetes",7,0.0,Bachelor,2,2 Certified,2,Backend Engineer,1,6,53.0,430,Hire
RES-2025-0947,Rahul Verma,"C++, PostgreSQL, Python, Kubernetes, Git, Docker, GCP, PyTorch, NLP, Redis, OpenCV, Flask, TensorFlow, SQL, FastAPI, AWS, React, Spark",18,0.4,Master,2,3 Certified,3,Machine Learning Engineer,3,5,52.6,425,Hire
RES-2025-0948,Rahul Verma,"SQL, NLP, OpenCV, Spark, Python, PostgreSQL, FastAPI",7,6.9,Diploma,1,None,0,Cloud Architect,1,2,70.0,716,Hire
RES-2025-0949,Priya Sharma,"AWS, GCP, Flask, PostgreSQL, TensorFlow, OpenCV, Redis",7,6.2,Master,2,None,0,NLP Engineer,2,3,63.8,387,Hire
RES-2025-0950,Alex Johnson,"SQL, Git, PostgreSQL, OpenCV, TensorFlow, Docker, Python",7,2.7,Master,2,None,0,Cloud Architect,0,2,80.2,425,Reject
RES-2025-0951,David Kim,"GCP, React, SQL, TensorFlow, AWS, FastAPI, Docker",7,2.8,Master,2,None,0,Backend Engineer,6,5,63.4,171,Hire
RES-2025-0952,Alex Johnson,"SQL, PyTorch, PostgreSQL, TensorFlow",4,3.3,Master,2,None,0,Full Stack Developer,6,6,67.3,435,Hire
RES-2025-0953,Anita Roy,"Docker, NLP, SQL, Kubernetes",4,0.6,Bachelor,2,None,0,NLP Engineer,1,1,48.7,691,Reject
RES-2025-0954,Michael Brown,"C++, Redis, GCP, Kubernetes, AWS, SQL, Git",7,7.4,Bachelor,2,2 Certified,2,NLP Engineer,6,5,64.0,567,Hire
RES-2025-0955,Anita Roy,"PyTorch, OpenCV",2,1.6,Diploma,1,4 Certified,4,Data Scientist,0,10,88.8,541,Hire
RES-2025-0956,Emily Davis,"PostgreSQL, OpenCV",2,1.4,Master,2,None,0,Cloud Architect,6,3,59.2,754,Reject
RES-2025-0957,David Kim,"Git, C++, NLP, TensorFlow, Python, Docker, PostgreSQL",7,2.2,Bachelor,2,None,0,Cloud Architect,3,6,87.4,624,Hire
RES-2025-0958,Alex Johnson,"Flask, Docker, Git, SQL",4,0.1,Diploma,1,1 Certified,1,NLP Engineer,5,14,58.2,762,Hire
RES-2025-0959,Anita Roy,"PostgreSQL, TensorFlow",2,0.5,Bachelor,2,None,0,Full Stack Developer,1,1,94.5,299,Reject
RES-2025-0960,Rahul Verma,"Redis, OpenCV",2,4.0,Bachelor,2,None,0,NLP Engineer,3,6,81.9,621,Hire
RES-2025-0961,Emily Davis,"PyTorch, Redis, Docker, GCP",4,0.3,Bachelor,2,1 Certified,1,Full Stack Developer,0,11,80.7,896,Reject
RES-2025-0962,Priya Sharma,"Flask, C++, Kubernetes, PostgreSQL, React, NLP, Spark, GCP, FastAPI, TensorFlow, AWS, OpenCV, PyTorch, Python, Docker, SQL, Redis, Git",18,2.8,Diploma,1,None,0,Backend Engineer,1,7,67.0,577,Hire
RES-2025-0963,David Kim,"AWS, OpenCV, Python, PyTorch, TensorFlow, PostgreSQL, Flask",7,0.8,Master,2,2 Certified,2,Backend Engineer,3,3,90.1,655,Hire
RES-2025-0964,Anita Roy,"Kubernetes, React, PostgreSQL, Flask, Git, AWS, C++, SQL, FastAPI, Redis, TensorFlow, Spark",12,1.5,Bachelor,2,2 Certified,2,Full Stack Developer,5,5,82.4,946,Hire
RES-2025-0965,Sophia Chen,"Spark, PostgreSQL, AWS, SQL, Redis, Flask, NLP, OpenCV, Python, C++, FastAPI, Git",12,1.0,Master,2,1 Certified,1,Backend Engineer,1,8,88.8,250,Hire
RES-2025-0966,Emily Davis,"C++, Spark, Kubernetes, Flask, PyTorch, Docker, TensorFlow",7,1.3,Bachelor,2,3 Certified,3,Cloud Architect,0,13,50.4,208,Hire
RES-2025-0967,Michael Brown,"PostgreSQL, Python, Kubernetes, SQL",4,3.8,Bachelor,2,None,0,NLP Engineer,3,10,43.9,590,Reject
RES-2025-0968,Rahul Verma,"SQL, Kubernetes, FastAPI, Git",4,1.1,Bachelor,2,None,0,Machine Learning Engineer,0,2,35.4,905,Hire
RES-2025-0969,Michael Brown,"TensorFlow, Flask, PyTorch, Python, NLP, FastAPI, GCP",7,2.5,Bachelor,2,4 Certified,4,Data Scientist,5,11,89.7,866,Hire
RES-2025-0970,Priya Sharma,"Git, Kubernetes",2,1.9,Diploma,1,4 Certified,4,Machine Learning Engineer,0,10,30.0,346,Reject
RES-2025-0971,Michael Brown,"PostgreSQL, Docker, AWS, Git, Flask, GCP, FastAPI, PyTorch, C++, Spark, TensorFlow, Python",12,3.3,Bachelor,2,2 Certified,2,Backend Engineer,5,13,75.5,248,Hire
RES-2025-0972,Sophia Chen,"PyTorch, C++, Kubernetes, PostgreSQL, TensorFlow, React, NLP",7,8.3,Master,2,None,0,Full Stack Developer,2,5,72.5,560,Hire
RES-2025-0973,Sophia Chen,"Git, Kubernetes, OpenCV, Docker, NLP, TensorFlow, React, C++, Python, PyTorch, FastAPI, Flask",12,4.0,Master,2,None,0,NLP Engineer,1,3,77.0,439,Hire
RES-2025-0974,Emily Davis,"PostgreSQL, Spark, Redis, PyTorch, Kubernetes, FastAPI, C++",7,0.7,Bachelor,2,1 Certified,1,Cloud Architect,1,8,72.7,522,Hire
RES-2025-0975,Sophia Chen,"PyTorch, FastAPI, AWS, OpenCV",4,0.1,Bachelor,2,1 Certified,1,Cloud Architect,3,13,76.1,481,Hire
RES-2025-0976,Emily Davis,"Spark, Kubernetes, SQL, Python, FastAPI, C++, TensorFlow, Flask, OpenCV, PyTorch, NLP, React",12,0.9,Bachelor,2,3 Certified,3,Backend Engineer,4,10,62.2,434,Hire
RES-2025-0977,David Kim,"Python, React, Kubernetes, C++, Git, SQL, GCP",7,2.7,Diploma,1,1 Certified,1,Full Stack Developer,1,4,39.6,846,Reject
RES-2025-0978,Rahul Verma,"Redis, OpenCV, Spark, C++, React, GCP, Python",7,0.2,Bachelor,2,2 Certified,2,Full Stack Developer,2,9,94.8,617,Hire
RES-2025-0979,Emily Davis,"TensorFlow, PostgreSQL",2,2.1,Master,2,1 Certified,1,NLP Engineer,4,10,45.0,472,Reject
RES-2025-0980,Sophia Chen,"Git, PyTorch, NLP, Kubernetes, FastAPI, Flask, OpenCV",7,2.7,Bachelor,2,1 Certified,1,Machine Learning Engineer,1,14,59.2,556,Hire
RES-2025-0981,Alex Johnson,"AWS, Spark, Python, FastAPI, Redis, React, Kubernetes, Flask, Git, PostgreSQL, NLP, C++, PyTorch, OpenCV, TensorFlow, GCP, Docker, SQL",18,1.2,Bachelor,2,None,0,Full Stack Developer,5,4,30.9,589,Hire
RES-2025-0982,Sophia Chen,"Python, Docker, Flask, GCP, React, Spark, PostgreSQL, TensorFlow, C++, Git, OpenCV, PyTorch, Redis, NLP, AWS, SQL, FastAPI, Kubernetes",18,4.4,Bachelor,2,1 Certified,1,Full Stack Developer,5,2,35.0,309,Hire
RES-2025-0983,Alex Johnson,"TensorFlow, AWS, SQL, PyTorch, C++, NLP, PostgreSQL, GCP, Redis, Git, Spark, Flask, Python, Docker, FastAPI, React, Kubernetes, OpenCV",18,0.3,Bachelor,2,None,0,Backend Engineer,4,5,77.1,785,Hire
RES-2025-0984,Priya Sharma,"SQL, Flask, Kubernetes, TensorFlow, AWS, React, Spark, Docker, NLP, FastAPI, Python, GCP, PostgreSQL, C++, Git, OpenCV, PyTorch, Redis",18,0.2,Bachelor,2,1 Certified,1,NLP Engineer,6,10,78.6,218,Hire
RES-2025-0985,Sophia Chen,"PostgreSQL, GCP, C++, SQL, Kubernetes, Redis, Docker, Python, Spark, NLP, React, Git",12,3.9,Bachelor,2,None,0,Cloud Architect,2,11,52.0,917,Hire
RES-2025-0986,Emily Davis,"TensorFlow, Flask, Docker, Git, AWS, Spark, PyTorch, GCP, FastAPI, NLP, C++, Redis",12,2.1,PhD,3,2 Certified,2,Data Scientist,0,10,82.7,803,Hire
RES-2025-0987,Rahul Verma,"Spark, Git, PyTorch, FastAPI, PostgreSQL, Python, Flask",7,3.5,Bachelor,2,4 Certified,4,Cloud Architect,2,14,54.7,306,Hire
RES-2025-0988,Michael Brown,"Redis, React, TensorFlow, NLP, Flask, FastAPI, Spark, OpenCV, Python, Git, C++, PostgreSQL, PyTorch, AWS, SQL, Kubernetes, GCP, Docker",18,1.7,Bachelor,2,4 Certified,4,Data Scientist,2,2,41.9,367,Hire
RES-2025-0989,Priya Sharma,"AWS, Git, TensorFlow, C++",4,0.8,Master,2,3 Certified,3,Cloud Architect,4,5,88.9,823,Hire
RES-2025-0990,Michael Brown,"PyTorch, Git, Spark, FastAPI, Kubernetes, SQL, Flask, Python, TensorFlow, GCP, AWS, React",12,5.1,Diploma,1,3 Certified,3,Machine Learning Engineer,3,13,53.5,704,Hire
RES-2025-0991,David Kim,"FastAPI, NLP, TensorFlow, SQL, PostgreSQL, Spark, Kubernetes",7,4.8,Master,2,2 Certified,2,Machine Learning Engineer,5,13,31.1,373,Hire
RES-2025-0992,David Kim,"Redis, NLP, Spark, Python",4,3.6,Bachelor,2,2 Certified,2,Full Stack Developer,6,12,80.5,342,Hire
RES-2025-0993,Sophia Chen,"OpenCV, C++",2,1.0,Bachelor,2,1 Certified,1,Data Scientist,1,7,93.3,571,Reject
RES-2025-0994,Rahul Verma,"Docker, Spark, AWS, Kubernetes",4,2.7,Bachelor,2,None,0,Machine Learning Engineer,3,10,42.4,409,Hire
RES-2025-0995,David Kim,"Docker, NLP, Flask, React, Python, FastAPI, C++, Spark, PyTorch, OpenCV, TensorFlow, Git",12,1.3,Bachelor,2,None,0,Machine Learning Engineer,5,4,76.6,862,Hire
RES-2025-0996,Priya Sharma,"GCP, Flask, Redis, React",4,0.3,Bachelor,2,None,0,Data Scientist,2,7,54.6,681,Reject
RES-2025-0997,Anita Roy,"Flask, OpenCV, C++, SQL, Docker, Kubernetes, PostgreSQL",7,7.5,Bachelor,2,1 Certified,1,Data Scientist,3,1,46.4,593,Hire
RES-2025-0998,Alex Johnson,"PyTorch, GCP, Git, Docker, OpenCV, FastAPI, Flask, TensorFlow, React, PostgreSQL, Kubernetes, Redis",12,0.4,Master,2,1 Certified,1,Full Stack Developer,0,10,59.5,460,Hire
RES-2025-0999,Anita Roy,"AWS, PostgreSQL, C++, Flask",4,9.0,Bachelor,2,None,0,Backend Engineer,0,13,45.2,647,Hire
RES-2025-1000,David Kim,"React, Redis",2,1.8,Bachelor,2,None,0,Cloud Architect,4,13,50.2,563,Hire
RES-2025-1001,Priya Sharma,"Git, AWS, NLP, C++",4,0.6,PhD,3,3 Certified,3,Full Stack Developer,4,13,90.1,337,Hire
RES-2025-1002,Alex Johnson,"Python, Kubernetes",2,2.3,Master,2,2 Certified,2,NLP Engineer,4,6,30.1,348,Hire
RES-2025-1003,Rahul Verma,"Spark, AWS, Redis, Git, Docker, Kubernetes, OpenCV, C++, GCP, SQL, PyTorch, FastAPI",12,6.2,Bachelor,2,None,0,Backend Engineer,2,1,85.8,515,Hire
RES-2025-1004,Sophia Chen,"PostgreSQL, NLP, Spark, AWS, Python, React, PyTorch",7,4.0,Bachelor,2,3 Certified,3,Backend Engineer,3,14,32.9,628,Hire
RES-2025-1005,Priya Sharma,"FastAPI, GCP",2,4.9,Master,2,None,0,Backend Engineer,1,6,36.3,412,Hire
RES-2025-1006,Michael Brown,"AWS, GCP",2,3.2,Master,2,None,0,Backend Engineer,4,2,36.1,406,Reject
RES-2025-1007,Sophia Chen,"AWS, SQL",2,3.5,Bachelor,2,1 Certified,1,Machine Learning Engineer,6,8,83.1,371,Hire
RES-2025-1008,Emily Davis,"Redis, NLP",2,5.7,Master,2,None,0,NLP Engineer,5,6,90.8,921,Hire
RES-2025-1009,David Kim,"Docker, Python",2,0.9,Bachelor,2,None,0,Backend Engineer,1,12,32.9,333,Hire
RES-2025-1010,Sophia Chen,"Git, GCP, PyTorch, Kubernetes",4,2.0,Bachelor,2,1 Certified,1,Machine Learning Engineer,0,12,89.3,359,Hire
RES-2025-1011,Rahul Verma,"Spark, Flask, TensorFlow, FastAPI, PostgreSQL, NLP, OpenCV, Python, GCP, SQL, Kubernetes, Redis",12,0.8,Bachelor,2,2 Certified,2,NLP Engineer,0,2,79.7,366,Hire
RES-2025-1012,Michael Brown,"NLP, SQL",2,13.2,Bachelor,2,1 Certified,1,Full Stack Developer,5,9,91.7,755,Hire
RES-2025-1013,Emily Davis,"SQL, OpenCV, GCP, Redis, TensorFlow, Git, NLP, Flask, FastAPI, Kubernetes, Docker, C++, Python, PyTorch, React, AWS, Spark, PostgreSQL",18,8.7,Master,2,2 Certified,2,Machine Learning Engineer,6,12,38.2,205,Hire
RES-2025-1014,Priya Sharma,"C++, Flask, PyTorch, AWS, TensorFlow, GCP, Docker",7,0.1,Master,2,None,0,Machine Learning Engineer,4,14,69.4,225,Hire
RES-2025-1015,Priya Sharma,"FastAPI, TensorFlow, AWS, Flask",4,3.7,Bachelor,2,None,0,Backend Engineer,0,7,61.9,360,Hire
RES-2025-1016,Sophia Chen,"TensorFlow, Redis, Flask, Git, NLP, PyTorch, OpenCV",7,7.8,Master,2,1 Certified,1,Cloud Architect,6,6,60.0,847,Hire
RES-2025-1017,Emily Davis,"Python, FastAPI",2,0.6,Master,2,1 Certified,1,Cloud Architect,0,2,51.0,925,Reject
RES-2025-1018,Priya Sharma,"OpenCV, PostgreSQL",2,2.5,PhD,3,None,0,Full Stack Developer,5,6,33.7,795,Hire
RES-2025-1019,Alex Johnson,"React, Kubernetes, C++, Redis, PyTorch, PostgreSQL, AWS, GCP, Flask, Git, FastAPI, Spark",12,7.4,Diploma,1,2 Certified,2,Full Stack Developer,5,10,65.1,444,Hire
RES-2025-1020,Priya Sharma,"Git, Redis, PyTorch, SQL",4,0.1,Bachelor,2,None,0,NLP Engineer,3,1,32.9,200,Hire
RES-2025-1021,Rahul Verma,"C++, React, Kubernetes, PyTorch, SQL, Redis, AWS, Flask, FastAPI, TensorFlow, OpenCV, Docker, PostgreSQL, Python, GCP, NLP, Spark, Git",18,3.6,Bachelor,2,4 Certified,4,Data Scientist,5,1,53.8,324,Hire
RES-2025-1022,Michael Brown,"FastAPI, PyTorch, PostgreSQL, Python, OpenCV, Docker, C++, Spark, Git, AWS, NLP, Flask",12,1.1,Bachelor,2,4 Certified,4,Full Stack Developer,6,11,92.0,688,Hire
RES-2025-1023,Priya Sharma,"PyTorch, Docker",2,7.7,Master,2,None,0,Full Stack Developer,0,9,89.5,906,Hire
RES-2025-1024,Rahul Verma,"SQL, PostgreSQL, Redis, GCP, Docker, AWS, Spark, OpenCV, React, C++, PyTorch, Git, TensorFlow, NLP, Flask, FastAPI, Python, Kubernetes",18,10.6,Bachelor,2,1 Certified,1,Data Scientist,5,3,63.9,810,Hire
RES-2025-1025,Rahul Verma,"SQL, Python, NLP, GCP, OpenCV, C++, React",7,8.7,Bachelor,2,2 Certified,2,Full Stack Developer,3,4,36.8,946,Hire
RES-2025-1026,Anita Roy,"C++, Git, FastAPI, TensorFlow, SQL, PostgreSQL, Spark, Flask, Python, GCP, OpenCV, NLP",12,1.9,Bachelor,2,1 Certified,1,Data Scientist,4,11,42.2,346,Hire
RES-2025-1027,Alex Johnson,"PostgreSQL, C++, Git, OpenCV, Redis, Flask, Spark",7,5.9,Bachelor,2,3 Certified,3,Full Stack Developer,4,1,80.2,898,Hire
RES-2025-1028,Sophia Chen,"Redis, FastAPI, SQL, Spark, Flask, PostgreSQL, React",7,5.6,PhD,3,1 Certified,1,Cloud Architect,0,11,74.7,188,Hire
RES-2025-1029,Alex Johnson,"Git, NLP, OpenCV, GCP, Docker, Spark, SQL, C++, AWS, Flask, React, Redis, Python, Kubernetes, PyTorch, PostgreSQL, TensorFlow, FastAPI",18,1.2,Diploma,1,1 Certified,1,Full Stack Developer,3,12,87.1,276,Hire
RES-2025-1030,Sophia Chen,"TensorFlow, OpenCV, PostgreSQL, Docker",4,5.3,Bachelor,2,1 Certified,1,Backend Engineer,0,7,85.6,890,Hire
RES-2025-1031,Priya Sharma,"Redis, PostgreSQL, Kubernetes, OpenCV, PyTorch, NLP, AWS, GCP, React, Git, Python, C++, Spark, SQL, FastAPI, Docker, TensorFlow, Flask",18,0.1,Master,2,None,0,Backend Engineer,6,10,64.1,163,Hire
RES-2025-1032,Michael Brown,"PostgreSQL, AWS, Git, Spark",4,2.7,PhD,3,None,0,Cloud Architect,3,1,87.3,846,Hire
RES-2025-1033,Emily Davis,"React, Flask, PyTorch, PostgreSQL, Redis, Git, GCP",7,0.8,Master,2,2 Certified,2,Cloud Architect,6,10,48.6,702,Hire
RES-2025-1034,Sophia Chen,"PostgreSQL, Kubernetes, Python, Git",4,0.4,Bachelor,2,4 Certified,4,Backend Engineer,1,14,77.0,370,Hire
RES-2025-1035,David Kim,"GCP, AWS",2,0.2,Bachelor,2,1 Certified,1,Machine Learning Engineer,2,1,75.2,898,Hire
RES-2025-1036,Michael Brown,"PyTorch, React, Python, C++, GCP, SQL, Docker, NLP, OpenCV, Git, AWS, Kubernetes, Spark, PostgreSQL, Flask, Redis, TensorFlow, FastAPI",18,3.6,Master,2,None,0,Machine Learning Engineer,1,14,94.4,682,Hire
RES-2025-1037,Emily Davis,"TensorFlow, Python, C++, FastAPI",4,1.2,Bachelor,2,None,0,Cloud Architect,1,2,91.9,936,Hire
RES-2025-1038,Emily Davis,"Spark, Redis, SQL, OpenCV",4,3.9,Bachelor,2,1 Certified,1,NLP Engineer,3,13,66.5,296,Hire
RES-2025-1039,Rahul Verma,"PyTorch, Docker, NLP, Flask",4,0.2,Master,2,None,0,Full Stack Developer,3,13,42.6,455,Hire
RES-2025-1040,David Kim,"OpenCV, NLP, React, Git, PostgreSQL, PyTorch, Python",7,1.1,Bachelor,2,None,0,Cloud Architect,5,1,69.4,198,Hire
RES-2025-1041,Priya Sharma,"Git, SQL, Python, React, NLP, Flask, FastAPI, TensorFlow, OpenCV, GCP, AWS, Spark",12,2.3,Master,2,None,0,Full Stack Developer,5,10,79.4,913,Hire
RES-2025-1042,Anita Roy,"Redis, Git",2,4.7,Bachelor,2,2 Certified,2,Full Stack Developer,3,11,91.9,404,Hire
RES-2025-1043,Priya Sharma,"Redis, Git, OpenCV, TensorFlow",4,1.2,Master,2,None,0,Backend Engineer,2,13,39.2,590,Hire
RES-2025-1044,Alex Johnson,"Python, PostgreSQL, Flask, OpenCV, Kubernetes, PyTorch, NLP",7,2.9,Master,2,4 Certified,4,Machine Learning Engineer,5,8,41.3,371,Hire
RES-2025-1045,Sophia Chen,"NLP, Kubernetes, React, Redis, Docker, AWS, TensorFlow",7,6.5,Bachelor,2,1 Certified,1,Machine Learning Engineer,6,14,93.8,153,Hire
RES-2025-1046,Michael Brown,"Docker, Flask, Spark, SQL, Python, AWS, TensorFlow, OpenCV, Git, GCP, React, FastAPI, C++, NLP, PostgreSQL, Redis, PyTorch, Kubernetes",18,2.9,Bachelor,2,1 Certified,1,Backend Engineer,0,9,61.3,586,Hire
RES-2025-1047,David Kim,"Redis, Kubernetes, FastAPI, GCP, C++, PyTorch, Flask, Docker, React, OpenCV, TensorFlow, Spark",12,0.8,Bachelor,2,2 Certified,2,Full Stack Developer,2,11,88.4,180,Hire
RES-2025-1048,David Kim,"NLP, Python, Redis, Kubernetes, Spark, AWS, OpenCV",7,0.1,Bachelor,2,3 Certified,3,NLP Engineer,0,1,37.6,931,Reject
RES-2025-1049,Sophia Chen,"OpenCV, Kubernetes",2,6.1,Master,2,2 Certified,2,Machine Learning Engineer,0,2,54.4,207,Hire
RES-2025-1050,Rahul Verma,"TensorFlow, Kubernetes",2,0.1,Diploma,1,1 Certified,1,Backend Engineer,6,11,63.9,746,Reject
RES-2025-1051,Michael Brown,"PyTorch, React, NLP, Kubernetes, Flask, Spark, Python",7,6.2,Master,2,1 Certified,1,Full Stack Developer,2,7,40.6,881,Reject
RES-2025-1052,David Kim,"Spark, Flask, Redis, SQL, Python, AWS, PyTorch, NLP, Kubernetes, OpenCV, FastAPI, React",12,2.3,Bachelor,2,3 Certified,3,Machine Learning Engineer,6,13,47.1,556,Hire
RES-2025-1053,Rahul Verma,"OpenCV, FastAPI",2,8.4,Bachelor,2,None,0,Backend Engineer,2,6,76.5,325,Hire
RES-2025-1054,Michael Brown,"FastAPI, TensorFlow",2,4.8,Bachelor,2,None,0,Backend Engineer,5,2,35.1,317,Hire
RES-2025-1055,Priya Sharma,"Spark, NLP, Kubernetes, TensorFlow",4,15.0,Bachelor,2,1 Certified,1,Data Scientist,3,2,42.4,608,Hire
RES-2025-1056,Rahul Verma,"PyTorch, SQL, Kubernetes, Python",4,1.3,Bachelor,2,None,0,Full Stack Developer,0,14,36.1,432,Hire
RES-2025-1057,Alex Johnson,"OpenCV, AWS, Docker, FastAPI",4,4.4,Bachelor,2,None,0,Backend Engineer,3,12,81.4,833,Hire
RES-2025-1058,David Kim,"SQL, TensorFlow",2,1.5,Master,2,3 Certified,3,Full Stack Developer,4,14,41.9,793,Hire
RES-2025-1059,Michael Brown,"FastAPI, Kubernetes, PostgreSQL, C++",4,2.0,Master,2,1 Certified,1,Backend Engineer,6,7,86.3,387,Hire
RES-2025-1060,Sophia Chen,"Redis, SQL, Kubernetes, OpenCV, Python, FastAPI, Docker, Git, NLP, Spark, PostgreSQL, GCP",12,3.0,Master,2,1 Certified,1,Cloud Architect,3,7,74.2,271,Hire
RES-2025-1061,Alex Johnson,"PostgreSQL, NLP, C++, AWS, FastAPI, Spark, TensorFlow",7,6.2,Master,2,None,0,Machine Learning Engineer,3,9,39.3,824,Hire
RES-2025-1062,David Kim,"React, Kubernetes, SQL, PyTorch",4,12.4,PhD,3,1 Certified,1,Cloud Architect,2,1,80.5,702,Hire
RES-2025-1063,Priya Sharma,"C++, Flask, TensorFlow, AWS, Kubernetes, FastAPI, PostgreSQL",7,4.4,Diploma,1,1 Certified,1,Data Scientist,4,7,93.0,923,Hire
RES-2025-1064,Alex Johnson,"FastAPI, AWS, NLP, OpenCV, Git, Spark, Redis",7,1.6,Bachelor,2,1 Certified,1,Machine Learning Engineer,1,3,88.0,188,Reject
RES-2025-1065,Alex Johnson,"NLP, Spark, AWS, PostgreSQL, Flask, Kubernetes, TensorFlow, Redis, Git, SQL, PyTorch, GCP, Python, React, C++, FastAPI, Docker, OpenCV",18,1.6,Bachelor,2,1 Certified,1,Data Scientist,1,4,88.2,561,Hire
RES-2025-1066,Anita Roy,"SQL, Python, GCP, Flask",4,4.0,Bachelor,2,None,0,Full Stack Developer,0,12,70.8,622,Hire
RES-2025-1067,Anita Roy,"Flask, Spark, PostgreSQL, React",4,0.8,Master,2,2 Certified,2,Backend Engineer,2,9,67.5,655,Reject
RES-2025-1068,Alex Johnson,"FastAPI, Kubernetes, Python, OpenCV, Redis, TensorFlow, Spark, React, Docker, SQL, PostgreSQL, AWS",12,0.4,Bachelor,2,None,0,Data Scientist,6,7,54.8,784,Hire
RES-2025-1069,Anita Roy,"Python, Docker, SQL, Flask, AWS, TensorFlow, React",7,1.3,Bachelor,2,None,0,Data Scientist,1,9,55.6,757,Hire
RES-2025-1070,David Kim,"Git, SQL, NLP, Kubernetes",4,1.0,PhD,3,1 Certified,1,Cloud Architect,4,14,47.5,550,Hire
RES-2025-1071,Sophia Chen,"OpenCV, Docker, Kubernetes, FastAPI, TensorFlow, Flask, PyTorch, PostgreSQL, SQL, Spark, Git, NLP",12,1.1,PhD,3,1 Certified,1,Data Scientist,3,3,93.0,325,Hire
RES-2025-1072,Sophia Chen,"NLP, Kubernetes, React, PyTorch, Docker, AWS, GCP, C++, OpenCV, SQL, Redis, Python",12,0.8,PhD,3,1 Certified,1,Data Scientist,3,14,66.3,166,Hire
RES-2025-1073,Anita Roy,"Git, AWS, NLP, Python, Docker, Flask, Kubernetes, FastAPI, PyTorch, Redis, React, OpenCV",12,0.1,Bachelor,2,1 Certified,1,NLP Engineer,1,1,42.9,871,Hire
RES-2025-1074,Sophia Chen,"PyTorch, TensorFlow, React, Docker",4,0.1,Bachelor,2,None,0,Data Scientist,3,2,51.2,485,Hire
RES-2025-1075,Sophia Chen,"React, OpenCV, Spark, NLP, FastAPI, AWS, PyTorch, Docker, Redis, GCP, SQL, Python",12,13.2,Diploma,1,1 Certified,1,Backend Engineer,5,14,71.8,261,Hire
RES-2025-1076,Priya Sharma,"React, SQL",2,1.7,Bachelor,2,1 Certified,1,Machine Learning Engineer,5,10,64.0,724,Hire
RES-2025-1077,David Kim,"Python, AWS, React, TensorFlow, Docker, Redis, C++, PostgreSQL, SQL, OpenCV, GCP, PyTorch",12,1.5,Master,2,1 Certified,1,NLP Engineer,3,1,92.1,941,Hire
RES-2025-1078,Michael Brown,"GCP, FastAPI, AWS, Flask, Spark, TensorFlow, C++, NLP, SQL, PostgreSQL, Git, Kubernetes",12,3.4,Master,2,None,0,Cloud Architect,2,12,68.2,522,Hire
RES-2025-1079,Emily Davis,"Git, SQL, Flask, PostgreSQL, FastAPI, PyTorch, C++, OpenCV, Redis, Python, TensorFlow, Kubernetes",12,0.7,Diploma,1,None,0,Backend Engineer,6,5,54.2,385,Hire
RES-2025-1080,Sophia Chen,"NLP, Flask",2,9.0,Bachelor,2,2 Certified,2,Machine Learning Engineer,6,6,86.5,220,Hire
RES-2025-1081,Emily Davis,"PyTorch, Redis, OpenCV, Kubernetes",4,4.6,Bachelor,2,1 Certified,1,Backend Engineer,5,2,48.5,441,Hire
RES-2025-1082,Michael Brown,"PostgreSQL, Flask, FastAPI, Spark",4,0.3,Bachelor,2,3 Certified,3,NLP Engineer,3,11,81.3,886,Reject
RES-2025-1083,Michael Brown,"Python, Flask",2,1.6,Bachelor,2,1 Certified,1,Cloud Architect,5,3,89.8,444,Hire
RES-2025-1084,Priya Sharma,"SQL, Docker, Flask, Redis, Spark, PyTorch, TensorFlow",7,6.3,Bachelor,2,None,0,Cloud Architect,0,11,49.8,244,Hire
RES-2025-1085,Alex Johnson,"Redis, NLP, Spark, Flask, FastAPI, TensorFlow, Docker, AWS, PostgreSQL, SQL, Python, GCP, PyTorch, React, OpenCV, C++, Git, Kubernetes",18,8.7,Bachelor,2,None,0,Data Scientist,3,8,50.9,914,Hire
RES-2025-1086,Rahul Verma,"C++, Flask, PyTorch, SQL, TensorFlow, Git, PostgreSQL",7,1.9,Bachelor,2,2 Certified,2,Cloud Architect,5,8,54.9,823,Hire
RES-2025-1087,Priya Sharma,"FastAPI, SQL, GCP, PyTorch",4,2.9,Bachelor,2,None,0,NLP Engineer,5,4,42.9,884,Hire
RES-2025-1088,David Kim,"Python, Kubernetes, SQL, TensorFlow, GCP, Git, C++, React, Docker, OpenCV, Spark, FastAPI, PostgreSQL, Redis, NLP, Flask, AWS, PyTorch",18,0.5,Bachelor,2,1 Certified,1,Backend Engineer,1,6,72.5,869,Hire
RES-2025-1089,Sophia Chen,"Git, AWS, Spark, PyTorch",4,14.2,Bachelor,2,1 Certified,1,Cloud Architect,5,8,44.2,552,Hire
RES-2025-1090,Alex Johnson,"AWS, FastAPI, PostgreSQL, Git, React, Spark, PyTorch",7,0.8,Bachelor,2,1 Certified,1,Full Stack Developer,3,1,42.1,328,Hire
RES-2025-1091,David Kim,"NLP, GCP",2,8.6,Master,2,3 Certified,3,Cloud Architect,0,4,61.9,484,Hire
RES-2025-1092,Sophia Chen,"Python, Docker",2,3.1,Bachelor,2,None,0,Cloud Architect,6,12,86.1,711,Hire
RES-2025-1093,Alex Johnson,"AWS, PostgreSQL, GCP, FastAPI, Redis, Spark, Git, NLP, SQL, Docker, React, Kubernetes, Flask, TensorFlow, PyTorch, Python, C++, OpenCV",18,2.8,Master,2,3 Certified,3,Machine Learning Engineer,1,1,48.1,459,Hire
RES-2025-1094,Michael Brown,"Kubernetes, Docker, GCP, PyTorch, SQL, TensorFlow, Redis",7,2.2,Master,2,1 Certified,1,Machine Learning Engineer,0,13,39.7,741,Hire
RES-2025-1095,Emily Davis,"TensorFlow, Git, OpenCV, NLP, Flask, Kubernetes, React",7,0.8,Bachelor,2,None,0,Backend Engineer,0,10,57.0,631,Hire
RES-2025-1096,Anita Roy,"Docker, Flask",2,0.6,Bachelor,2,1 Certified,1,Cloud Architect,1,2,43.5,270,Reject
RES-2025-1097,Anita Roy,"Flask, PyTorch, Docker, Git, C++, React, Kubernetes",7,0.7,Diploma,1,None,0,NLP Engineer,0,3,89.4,192,Hire
RES-2025-1098,Alex Johnson,"Kubernetes, Redis, GCP, PostgreSQL, Docker, Spark, Git",7,0.6,Master,2,None,0,Data Scientist,4,4,58.0,495,Hire
RES-2025-1099,Alex Johnson,"GCP, Git, Docker, TensorFlow, C++, Spark, Flask",7,4.5,Bachelor,2,None,0,Machine Learning Engineer,6,9,74.4,790,Hire
RES-2025-1100,Emily Davis,"Kubernetes, Flask, Redis, Git, PostgreSQL, OpenCV, TensorFlow, Python, GCP, Docker, SQL, React",12,1.3,Master,2,2 Certified,2,Machine Learning Engineer,6,12,77.8,151,Hire
RES-2025-1101,Sophia Chen,"React, Flask, PostgreSQL, Spark, Python, C++, PyTorch, Docker, NLP, FastAPI, TensorFlow, Git",12,0.2,Bachelor,2,3 Certified,3,Full Stack Developer,2,9,53.8,464,Hire
RES-2025-1102,David Kim,"Python, AWS, TensorFlow, GCP",4,10.4,Master,2,None,0,Backend Engineer,3,1,57.5,520,Hire
RES-2025-1103,Anita Roy,"PostgreSQL, AWS, PyTorch, TensorFlow",4,6.5,Bachelor,2,None,0,Cloud Architect,5,2,58.0,754,Hire
RES-2025-1104,Sophia Chen,"Git, Redis",2,7.9,Bachelor,2,3 Certified,3,Data Scientist,2,5,91.9,312,Hire
RES-2025-1105,Alex Johnson,"Git, PyTorch, NLP, Python",4,15.0,Bachelor,2,1 Certified,1,NLP Engineer,3,10,89.4,805,Hire
RES-2025-1106,Michael Brown,"Git, TensorFlow, React, NLP, FastAPI, Kubernetes, SQL, PostgreSQL, Flask, OpenCV, Redis, PyTorch, GCP, Docker, Python, Spark, AWS, C++",18,0.6,Bachelor,2,None,0,Full Stack Developer,0,13,37.7,676,Hire
RES-2025-1107,Sophia Chen,"Spark, NLP",2,1.5,Bachelor,2,None,0,Machine Learning Engineer,3,3,57.5,193,Reject
RES-2025-1108,Priya Sharma,"React, GCP, Docker, TensorFlow, Git, Python, FastAPI, PyTorch, SQL, C++, NLP, AWS",12,4.3,Bachelor,2,None,0,NLP Engineer,0,4,33.5,879,Hire
RES-2025-1109,Priya Sharma,"Git, React, AWS, NLP, Flask, Docker, OpenCV, TensorFlow, PyTorch, C++, Python, GCP, Spark, PostgreSQL, FastAPI, SQL, Kubernetes, Redis",18,3.6,Bachelor,2,1 Certified,1,Data Scientist,3,1,43.3,724,Hire
RES-2025-1110,Sophia Chen,"OpenCV, C++, SQL, Spark, Redis, NLP, Flask, FastAPI, Kubernetes, Git, TensorFlow, Python, GCP, React, AWS, PostgreSQL, Docker, PyTorch",18,0.5,Bachelor,2,1 Certified,1,Machine Learning Engineer,0,5,56.2,585,Hire
RES-2025-1111,Emily Davis,"Python, TensorFlow, Docker, FastAPI, NLP, Git, Spark",7,5.1,Bachelor,2,None,0,Data Scientist,0,1,78.7,418,Hire
RES-2025-1112,Priya Sharma,"AWS, Python, Kubernetes, Docker, PostgreSQL, React, PyTorch, SQL, TensorFlow, Redis, Flask, NLP",12,0.8,Bachelor,2,None,0,Full Stack Developer,2,11,84.0,658,Hire
RES-2025-1113,Michael Brown,"Redis, PostgreSQL, NLP, Kubernetes, PyTorch, Docker, FastAPI, Git, React, Spark, OpenCV, C++",12,0.8,Bachelor,2,2 Certified,2,Machine Learning Engineer,3,7,92.1,302,Hire
RES-2025-1114,Rahul Verma,"PostgreSQL, FastAPI, AWS, Docker, GCP, TensorFlow, SQL, OpenCV, C++, Spark, Flask, NLP, Kubernetes, Python, Redis, React, Git, PyTorch",18,2.3,Bachelor,2,1 Certified,1,Cloud Architect,1,1,43.9,202,Hire
RES-2025-1115,David Kim,"Spark, PyTorch",2,2.7,Master,2,1 Certified,1,Cloud Architect,0,11,82.2,792,Hire
RES-2025-1116,Priya Sharma,"Redis, FastAPI, GCP, PostgreSQL",4,2.6,Bachelor,2,None,0,NLP Engineer,0,12,84.4,665,Hire
RES-2025-1117,Rahul Verma,"Redis, Python, TensorFlow, AWS, OpenCV, Flask, C++, GCP, PostgreSQL, Git, PyTorch, Docker, Kubernetes, React, NLP, SQL, Spark, FastAPI",18,0.3,Bachelor,2,None,0,Backend Engineer,0,13,31.7,703,Hire
RES-2025-1118,Anita Roy,"TensorFlow, SQL, OpenCV, PostgreSQL",4,6.3,Bachelor,2,None,0,NLP Engineer,0,13,72.1,236,Hire
RES-2025-1119,Anita Roy,"AWS, SQL, Spark, FastAPI, GCP, TensorFlow, NLP",7,0.9,Master,2,None,0,Cloud Architect,6,8,73.2,201,Hire
RES-2025-1120,Emily Davis,"Docker, AWS, TensorFlow, C++",4,0.4,Bachelor,2,None,0,NLP Engineer,0,8,88.5,807,Hire
RES-2025-1121,Anita Roy,"FastAPI, NLP, Kubernetes, React",4,6.6,Bachelor,2,None,0,NLP Engineer,4,13,85.8,824,Hire
RES-2025-1122,Michael Brown,"PyTorch, Spark, Git, Redis",4,9.3,Bachelor,2,None,0,Backend Engineer,5,5,90.8,589,Hire
RES-2025-1123,Anita Roy,"Flask, TensorFlow, GCP, Python, Redis, AWS, SQL",7,5.9,Bachelor,2,None,0,Data Scientist,4,13,45.8,795,Hire
RES-2025-1124,David Kim,"NLP, AWS",2,5.0,Bachelor,2,1 Certified,1,Full Stack Developer,1,10,32.7,596,Hire
RES-2025-1125,Rahul Verma,"Flask, Redis, GCP, Git",4,3.2,Bachelor,2,1 Certified,1,Full Stack Developer,6,2,35.8,225,Hire
RES-2025-1126,Priya Sharma,"NLP, React, SQL, Spark, GCP, Docker, Redis",7,2.4,Bachelor,2,None,0,NLP Engineer,5,7,88.1,499,Hire
RES-2025-1127,Sophia Chen,"AWS, Kubernetes",2,0.3,Bachelor,2,None,0,Data Scientist,6,14,75.5,319,Hire
RES-2025-1128,Rahul Verma,"PostgreSQL, Flask, AWS, PyTorch, Git, GCP, OpenCV, SQL, Python, Docker, Redis, TensorFlow",12,1.6,Diploma,1,1 Certified,1,NLP Engineer,6,2,60.6,908,Hire
RES-2025-1129,Priya Sharma,"Flask, AWS, PyTorch, Redis, GCP, React, Python, OpenCV, NLP, Spark, TensorFlow, C++",12,1.4,Bachelor,2,1 Certified,1,NLP Engineer,4,14,94.7,381,Hire
RES-2025-1130,David Kim,"C++, AWS, Spark, Git, Kubernetes, Redis, GCP, Docker, React, OpenCV, NLP, TensorFlow, Flask, PostgreSQL, FastAPI, SQL, Python, PyTorch",18,0.9,Bachelor,2,None,0,Data Scientist,6,11,33.2,277,Hire
RES-2025-1131,David Kim,"PostgreSQL, React",2,3.9,Bachelor,2,3 Certified,3,Cloud Architect,0,6,37.4,635,Hire
RES-2025-1132,Alex Johnson,"FastAPI, C++, OpenCV, PostgreSQL",4,2.1,Bachelor,2,1 Certified,1,Cloud Architect,5,3,36.5,743,Hire
RES-2025-1133,Emily Davis,"C++, PostgreSQL, Python, Redis, GCP, Git, Kubernetes",7,0.3,Bachelor,2,None,0,Backend Engineer,2,9,93.1,406,Hire
RES-2025-1134,Rahul Verma,"C++, AWS, Spark, OpenCV, NLP, GCP, Python, SQL, FastAPI, Flask, TensorFlow, React, PostgreSQL, Kubernetes, Docker, PyTorch, Redis, Git",18,0.7,Bachelor,2,3 Certified,3,Full Stack Developer,3,13,91.9,936,Hire
RES-2025-1135,Sophia Chen,"Redis, Python, Spark, TensorFlow",4,3.4,Bachelor,2,2 Certified,2,Data Scientist,6,7,86.9,283,Hire
RES-2025-1136,David Kim,"Kubernetes, Git, PyTorch, PostgreSQL, OpenCV, FastAPI, SQL, Redis, C++, React, Docker, Python",12,0.2,Diploma,1,3 Certified,3,NLP Engineer,1,14,42.1,329,Hire
RES-2025-1137,David Kim,"GCP, Spark, PostgreSQL, React, Kubernetes, NLP, Flask, OpenCV, TensorFlow, SQL, PyTorch, Docker, Python, AWS, FastAPI, Redis, C++, Git",18,5.7,Diploma,1,3 Certified,3,Full Stack Developer,6,5,64.7,679,Hire
RES-2025-1138,Alex Johnson,"FastAPI, Python",2,2.1,Bachelor,2,1 Certified,1,NLP Engineer,3,12,62.1,722,Hire
RES-2025-1139,Priya Sharma,"React, GCP, Python, Redis",4,2.0,Master,2,1 Certified,1,Cloud Architect,3,13,47.1,318,Hire
RES-2025-1140,Michael Brown,"Docker, SQL",2,2.7,Diploma,1,1 Certified,1,Backend Engineer,5,13,87.5,500,Hire
RES-2025-1141,Emily Davis,"C++, PyTorch, GCP, AWS, SQL, Kubernetes, TensorFlow",7,5.2,Bachelor,2,None,0,Full Stack Developer,1,5,38.3,837,Hire
RES-2025-1142,Sophia Chen,"AWS, React, FastAPI, Python, GCP, Kubernetes, OpenCV",7,1.3,Bachelor,2,1 Certified,1,Data Scientist,5,8,52.0,299,Hire
RES-2025-1143,Priya Sharma,"OpenCV, Flask",2,3.4,Master,2,4 Certified,4,Data Scientist,6,9,70.0,904,Hire
RES-2025-1144,Anita Roy,"TensorFlow, GCP, Redis, PostgreSQL, C++, OpenCV, Docker",7,2.5,Bachelor,2,None,0,Cloud Architect,5,12,40.8,323,Hire
RES-2025-1145,Michael Brown,"TensorFlow, PostgreSQL, React, Redis, Python, Kubernetes, AWS",7,0.9,Diploma,1,2 Certified,2,Full Stack Developer,6,7,92.6,192,Hire
RES-2025-1146,Sophia Chen,"NLP, Kubernetes",2,6.3,Master,2,1 Certified,1,Backend Engineer,2,10,88.1,488,Hire
RES-2025-1147,Rahul Verma,"Docker, Redis",2,4.8,Diploma,1,2 Certified,2,NLP Engineer,3,9,48.6,218,Reject
RES-2025-1148,Emily Davis,"AWS, FastAPI, Redis, GCP, Kubernetes, SQL, Flask, React, OpenCV, Python, Docker, Git, Spark, TensorFlow, PostgreSQL, PyTorch, NLP, C++",18,3.2,Master,2,1 Certified,1,Machine Learning Engineer,5,11,72.3,893,Hire
RES-2025-1149,Sophia Chen,"Docker, Flask, GCP, AWS, PostgreSQL, Kubernetes, Redis",7,5.7,Master,2,2 Certified,2,Full Stack Developer,4,10,57.7,750,Hire
RES-2025-1150,David Kim,"PyTorch, Git, Kubernetes, NLP, Redis, React, TensorFlow, GCP, FastAPI, Flask, PostgreSQL, SQL, Spark, C++, Docker, Python, AWS, OpenCV",18,6.1,Master,2,4 Certified,4,Full Stack Developer,5,7,76.2,329,Hire
RES-2025-1151,Sophia Chen,"NLP, GCP, SQL, AWS, Docker, Spark, Git, PyTorch, TensorFlow, Kubernetes, FastAPI, Python",12,3.7,Bachelor,2,2 Certified,2,Full Stack Developer,1,3,63.6,677,Hire
RES-2025-1152,Sophia Chen,"Docker, PyTorch, FastAPI, Python",4,5.4,Bachelor,2,None,0,Machine Learning Engineer,0,2,75.0,545,Hire
RES-2025-1153,Michael Brown,"Python, Redis",2,3.6,Master,2,1 Certified,1,Full Stack Developer,6,11,61.3,545,Hire
RES-2025-1154,Priya Sharma,"OpenCV, React, C++, PostgreSQL, PyTorch, Flask, Python, Docker, AWS, GCP, SQL, NLP",12,3.4,Bachelor,2,3 Certified,3,Full Stack Developer,4,13,33.1,644,Hire
RES-2025-1155,David Kim,"Git, Spark, Kubernetes, Redis",4,2.9,Bachelor,2,None,0,Machine Learning Engineer,1,12,80.3,167,Hire
RES-2025-1156,Michael Brown,"Python, React, AWS, SQL, Redis, Git, OpenCV, NLP, PyTorch, GCP, FastAPI, PostgreSQL, Kubernetes, Docker, Flask, TensorFlow, C++, Spark",18,4.2,Bachelor,2,None,0,Cloud Architect,3,6,49.4,238,Hire
RES-2025-1157,Sophia Chen,"Python, GCP, Kubernetes, PyTorch, OpenCV, Git, C++, Flask, React, NLP, FastAPI, PostgreSQL, Spark, AWS, TensorFlow, Docker, SQL, Redis",18,0.5,Bachelor,2,None,0,Full Stack Developer,1,7,64.7,731,Hire
RES-2025-1158,Michael Brown,"GCP, Python, NLP, AWS",4,6.4,Bachelor,2,1 Certified,1,Cloud Architect,4,2,60.7,848,Hire
RES-2025-1159,Anita Roy,"TensorFlow, React, Python, SQL, C++, Git, OpenCV, FastAPI, GCP, NLP, PyTorch, Flask",12,6.2,Bachelor,2,None,0,Cloud Architect,4,4,38.2,239,Hire
RES-2025-1160,Emily Davis,"Redis, SQL, C++, Python, Flask, PyTorch, AWS",7,0.1,Master,2,2 Certified,2,Full Stack Developer,2,3,91.1,622,Hire
RES-2025-1161,Emily Davis,"Docker, GCP, PostgreSQL, NLP, Flask, React, PyTorch, Kubernetes, TensorFlow, Redis, Spark, FastAPI, AWS, C++, Python, OpenCV, Git, SQL",18,5.2,Diploma,1,2 Certified,2,NLP Engineer,1,7,47.3,316,Hire
RES-2025-1162,Anita Roy,"TensorFlow, GCP, PyTorch, C++",4,0.4,Master,2,4 Certified,4,Data Scientist,5,12,53.8,285,Hire
RES-2025-1163,Emily Davis,"React, PostgreSQL, PyTorch, SQL, OpenCV, C++, AWS",7,1.2,Bachelor,2,2 Certified,2,Backend Engineer,1,14,86.5,658,Hire
RES-2025-1164,Alex Johnson,"PyTorch, TensorFlow, C++, Docker, React, SQL, OpenCV, Flask, Python, NLP, Redis, FastAPI, Spark, AWS, GCP, Git, Kubernetes, PostgreSQL",18,4.1,Master,2,3 Certified,3,Data Scientist,0,1,35.8,682,Hire
RES-2025-1165,David Kim,"AWS, GCP, NLP, PyTorch",4,0.5,Bachelor,2,1 Certified,1,NLP Engineer,4,13,80.2,156,Hire
RES-2025-1166,Alex Johnson,"FastAPI, PyTorch, TensorFlow, Redis, Git, SQL, Python, Spark, PostgreSQL, NLP, GCP, OpenCV",12,5.1,Bachelor,2,None,0,NLP Engineer,0,12,87.2,911,Hire
RES-2025-1167,Anita Roy,"Flask, OpenCV",2,5.4,Diploma,1,1 Certified,1,NLP Engineer,4,6,74.2,154,Reject
RES-2025-1168,Rahul Verma,"TensorFlow, Redis, Git, AWS, React, SQL, Spark, Flask, Docker, FastAPI, NLP, PostgreSQL, Kubernetes, C++, PyTorch, OpenCV, GCP, Python",18,2.1,Bachelor,2,None,0,NLP Engineer,6,2,56.9,900,Hire
RES-2025-1169,David Kim,"OpenCV, Git, TensorFlow, Docker, C++, React, PyTorch, Python, Flask, SQL, Kubernetes, Spark, PostgreSQL, Redis, GCP, NLP, AWS, FastAPI",18,0.0,Bachelor,2,None,0,Cloud Architect,2,8,46.6,932,Hire
RES-2025-1170,Sophia Chen,"Flask, Spark, PyTorch, OpenCV",4,1.0,Master,2,4 Certified,4,NLP Engineer,0,12,57.9,348,Hire
RES-2025-1171,Sophia Chen,"AWS, Git, OpenCV, FastAPI, Flask, TensorFlow, SQL, Docker, PostgreSQL, Spark, Redis, PyTorch, GCP, Python, C++, NLP, React, Kubernetes",18,2.9,Master,2,3 Certified,3,Cloud Architect,0,7,53.4,784,Hire
RES-2025-1172,Priya Sharma,"C++, SQL, OpenCV, Git",4,11.9,Bachelor,2,2 Certified,2,Full Stack Developer,0,9,90.9,934,Hire
RES-2025-1173,Alex Johnson,"Git, Python, Docker, GCP, PostgreSQL, PyTorch, C++",7,3.0,PhD,3,1 Certified,1,Full Stack Developer,3,2,69.1,853,Hire
RES-2025-1174,Emily Davis,"GCP, C++, PyTorch, Kubernetes, React, TensorFlow, Redis, FastAPI, Python, OpenCV, SQL, PostgreSQL",12,0.9,Bachelor,2,3 Certified,3,Data Scientist,5,2,74.4,150,Hire
RES-2025-1175,David Kim,"Kubernetes, React, PyTorch, Python",4,3.0,Bachelor,2,1 Certified,1,Cloud Architect,0,2,50.8,495,Hire
RES-2025-1176,David Kim,"React, AWS, GCP, Kubernetes, Git, SQL, Python, NLP, Flask, FastAPI, PostgreSQL, Redis, Docker, PyTorch, Spark, C++, OpenCV, TensorFlow",18,2.3,Master,2,1 Certified,1,Data Scientist,5,1,89.4,832,Hire
RES-2025-1177,Priya Sharma,"C++, Git",2,4.5,PhD,3,1 Certified,1,Data Scientist,6,12,30.8,856,Hire
RES-2025-1178,Priya Sharma,"React, Flask",2,0.3,Master,2,2 Certified,2,NLP Engineer,0,9,69.8,928,Hire
RES-2025-1179,Priya Sharma,"Docker, NLP, Kubernetes, GCP, Git, Spark, TensorFlow",7,4.3,PhD,3,None,0,Backend Engineer,2,11,66.9,300,Hire
RES-2025-1180,Michael Brown,"PyTorch, Spark",2,2.3,PhD,3,1 Certified,1,Full Stack Developer,0,11,31.2,734,Hire
RES-2025-1181,Alex Johnson,"C++, GCP",2,9.9,Bachelor,2,None,0,Cloud Architect,1,8,62.6,861,Hire
RES-2025-1182,Sophia Chen,"Git, FastAPI, React, Spark, Docker, Python, C++",7,1.3,Bachelor,2,1 Certified,1,Backend Engineer,2,6,30.5,314,Reject
RES-2025-1183,Alex Johnson,"OpenCV, C++",2,3.0,Bachelor,2,None,0,NLP Engineer,1,5,36.9,700,Hire
RES-2025-1184,Alex Johnson,"Flask, NLP, Redis, FastAPI, SQL, PyTorch, C++",7,8.1,Diploma,1,2 Certified,2,Full Stack Developer,0,11,88.2,581,Hire
RES-2025-1185,Alex Johnson,"Python, Spark, AWS, Docker",4,0.3,Diploma,1,3 Certified,3,Machine Learning Engineer,0,7,55.5,375,Reject
RES-2025-1186,Alex Johnson,"Kubernetes, GCP, FastAPI, C++",4,8.3,Master,2,1 Certified,1,Full Stack Developer,3,6,85.7,340,Hire
RES-2025-1187,Michael Brown,"C++, PyTorch, NLP, Spark",4,3.5,Bachelor,2,1 Certified,1,Backend Engineer,6,1,87.5,294,Hire
RES-2025-1188,Emily Davis,"TensorFlow, AWS, GCP, NLP, Python, React, Git",7,0.2,Bachelor,2,3 Certified,3,Machine Learning Engineer,0,13,52.4,315,Hire
RES-2025-1189,Alex Johnson,"Spark, SQL, Docker, Kubernetes",4,1.1,Master,2,2 Certified,2,Backend Engineer,0,6,88.9,687,Reject
RES-2025-1190,Anita Roy,"React, Docker, Spark, PyTorch, C++, GCP, AWS, OpenCV, Redis, FastAPI, SQL, TensorFlow",12,3.7,Bachelor,2,None,0,Full Stack Developer,2,10,78.7,856,Hire
RES-2025-1191,David Kim,"Docker, C++, PyTorch, React, Python, Redis, SQL, FastAPI, NLP, AWS, Kubernetes, Spark",12,0.2,Bachelor,2,None,0,Backend Engineer,4,10,61.2,326,Hire
RES-2025-1192,Rahul Verma,"Git, PyTorch, Docker, AWS",4,2.6,Bachelor,2,2 Certified,2,NLP Engineer,1,1,33.5,714,Hire
RES-2025-1193,Rahul Verma,"NLP, Flask, Redis, Python, PostgreSQL, PyTorch, Spark",7,1.3,Bachelor,2,4 Certified,4,Cloud Architect,1,12,38.6,917,Hire
RES-2025-1194,Priya Sharma,"React, OpenCV",2,2.9,Master,2,1 Certified,1,Cloud Architect,5,12,30.8,186,Hire
RES-2025-1195,Alex Johnson,"Flask, NLP, FastAPI, TensorFlow",4,0.1,Master,2,1 Certified,1,Backend Engineer,5,2,45.8,885,Hire
RES-2025-1196,David Kim,"Spark, Kubernetes, PyTorch, OpenCV, Flask, GCP, Docker",7,6.2,Diploma,1,4 Certified,4,Machine Learning Engineer,2,12,81.5,386,Hire
RES-2025-1197,Anita Roy,"React, C++, Docker, Git, AWS, PostgreSQL, TensorFlow",7,10.9,Master,2,1 Certified,1,Cloud Architect,1,10,35.8,849,Hire
RES-2025-1198,Priya Sharma,"C++, PyTorch, SQL, Git, React, AWS, Docker",7,10.4,Bachelor,2,2 Certified,2,Data Scientist,1,14,92.7,704,Hire
RES-2025-1199,Priya Sharma,"C++, SQL, Flask, Git, PyTorch, FastAPI, Docker",7,4.2,Master,2,1 Certified,1,Machine Learning Engineer,4,1,53.8,720,Hire
RES-2025-1200,Michael Brown,"C++, GCP, PyTorch, OpenCV, Docker, React, Redis, TensorFlow, PostgreSQL, AWS, FastAPI, Kubernetes",12,0.4,Bachelor,2,None,0,Data Scientist,6,13,80.9,457,Hire
RES-2025-1201,Anita Roy,"C++, OpenCV, Git, PostgreSQL, FastAPI, Docker, React, Spark, GCP, Redis, SQL, Python, TensorFlow, Flask, Kubernetes, AWS, PyTorch, NLP",18,4.3,Bachelor,2,None,0,Backend Engineer,3,14,37.6,452,Hire
RES-2025-1202,Rahul Verma,"Spark, Flask, Kubernetes, PostgreSQL",4,0.1,Bachelor,2,None,0,Cloud Architect,1,2,74.1,675,Reject
RES-2025-1203,Alex Johnson,"PostgreSQL, Docker, Spark, TensorFlow, Kubernetes, Redis, React",7,0.1,Bachelor,2,2 Certified,2,Machine Learning Engineer,5,10,67.1,539,Hire
RES-2025-1204,Sophia Chen,"NLP, Flask, Git, FastAPI, TensorFlow, SQL, Kubernetes",7,1.2,Diploma,1,1 Certified,1,Backend Engineer,1,5,91.7,185,Reject
RES-2025-1205,Sophia Chen,"React, Redis",2,2.0,Bachelor,2,None,0,Cloud Architect,2,6,86.1,947,Reject
RES-2025-1206,Rahul Verma,"GCP, C++, AWS, React, Redis, Kubernetes, SQL",7,4.4,Master,2,None,0,Backend Engineer,3,6,66.7,427,Hire
RES-2025-1207,Michael Brown,"TensorFlow, Spark, OpenCV, GCP, Flask, FastAPI, PyTorch, C++, SQL, Redis, Git, Python, AWS, PostgreSQL, Kubernetes, Docker, React, NLP",18,3.4,Master,2,None,0,NLP Engineer,4,3,51.0,530,Hire
RES-2025-1208,Michael Brown,"GCP, SQL, Docker, Spark",4,1.8,Master,2,None,0,Data Scientist,1,4,53.9,884,Reject
RES-2025-1209,Priya Sharma,"C++, Docker, Git, Python",4,1.0,PhD,3,3 Certified,3,Cloud Architect,4,10,42.7,311,Hire
RES-2025-1210,Priya Sharma,"Kubernetes, Git, OpenCV, React",4,15.0,Master,2,1 Certified,1,NLP Engineer,1,11,80.1,381,Hire
RES-2025-1211,Alex Johnson,"Docker, PostgreSQL",2,1.7,Master,2,2 Certified,2,Backend Engineer,1,2,35.2,897,Reject
RES-2025-1212,Priya Sharma,"FastAPI, AWS, Kubernetes, TensorFlow, Docker, SQL, PostgreSQL, Flask, GCP, OpenCV, NLP, Git, Redis, Spark, Python, React, PyTorch, C++",18,1.8,Bachelor,2,None,0,Cloud Architect,6,11,31.6,691,Hire
RES-2025-1213,Emily Davis,"Flask, NLP, GCP, Redis, PostgreSQL, TensorFlow, Git, OpenCV, Kubernetes, SQL, React, PyTorch",12,0.5,Bachelor,2,None,0,Data Scientist,0,11,83.8,931,Hire
RES-2025-1214,Emily Davis,"GCP, TensorFlow, Python, FastAPI, SQL, Spark, Kubernetes, AWS, PostgreSQL, Git, React, PyTorch",12,4.8,Bachelor,2,1 Certified,1,Cloud Architect,1,2,50.1,477,Hire
RES-2025-1215,Sophia Chen,"Python, Git",2,3.5,Bachelor,2,1 Certified,1,Machine Learning Engineer,6,4,79.6,691,Hire
RES-2025-1216,Priya Sharma,"SQL, PyTorch, OpenCV, Redis, Docker, PostgreSQL, Git",7,0.7,Bachelor,2,2 Certified,2,Full Stack Developer,6,7,41.4,888,Hire
RES-2025-1217,David Kim,"PostgreSQL, NLP, React, TensorFlow, FastAPI, SQL, Git",7,0.3,Bachelor,2,3 Certified,3,Cloud Architect,5,4,89.1,301,Hire
RES-2025-1218,Anita Roy,"OpenCV, Redis, SQL, Python",4,3.4,Bachelor,2,2 Certified,2,Cloud Architect,5,14,88.1,377,Hire
RES-2025-1219,Sophia Chen,"Spark, FastAPI",2,3.2,Diploma,1,None,0,Machine Learning Engineer,3,7,36.0,200,Reject
RES-2025-1220,Anita Roy,"SQL, C++",2,1.0,Bachelor,2,2 Certified,2,Machine Learning Engineer,6,9,82.5,354,Hire
RES-2025-1221,Priya Sharma,"Docker, Flask",2,9.0,Bachelor,2,None,0,Full Stack Developer,1,9,74.1,797,Hire
RES-2025-1222,Priya Sharma,"PostgreSQL, Spark, AWS, FastAPI, Redis, Flask, OpenCV, NLP, Docker, SQL, Kubernetes, React, TensorFlow, PyTorch, C++, Python, GCP, Git",18,0.5,Bachelor,2,None,0,Cloud Architect,4,1,71.3,922,Hire
RES-2025-1223,Rahul Verma,"React, Flask, SQL, TensorFlow, FastAPI, PostgreSQL, OpenCV, Python, Spark, GCP, C++, PyTorch, AWS, Kubernetes, Docker, Redis, Git, NLP",18,1.7,Diploma,1,1 Certified,1,Full Stack Developer,0,5,55.8,653,Hire
RES-2025-1224,Sophia Chen,"Kubernetes, NLP",2,8.6,Master,2,3 Certified,3,Machine Learning Engineer,5,9,51.1,163,Hire
RES-2025-1225,Priya Sharma,"C++, SQL, FastAPI, Kubernetes",4,1.6,Diploma,1,2 Certified,2,Cloud Architect,3,4,67.1,887,Hire
RES-2025-1226,Emily Davis,"Kubernetes, AWS, PostgreSQL, Python",4,3.1,Bachelor,2,None,0,Machine Learning Engineer,6,3,90.9,825,Hire
RES-2025-1227,Priya Sharma,"AWS, TensorFlow, Redis, Git, C++, Kubernetes, SQL",7,1.5,Bachelor,2,None,0,Full Stack Developer,5,2,67.5,534,Hire
RES-2025-1228,Sophia Chen,"GCP, PostgreSQL, React, C++, TensorFlow, Python, NLP",7,1.0,Master,2,2 Certified,2,Machine Learning Engineer,2,3,58.2,312,Hire
RES-2025-1229,Priya Sharma,"PostgreSQL, Docker, Flask, React, Kubernetes, PyTorch, TensorFlow",7,12.4,Bachelor,2,3 Certified,3,Full Stack Developer,1,13,76.6,785,Hire
RES-2025-1230,Anita Roy,"Redis, PostgreSQL, OpenCV, PyTorch, TensorFlow, FastAPI, NLP",7,1.6,Master,2,None,0,Full Stack Developer,6,3,38.6,817,Hire
RES-2025-1231,Alex Johnson,"Kubernetes, Redis, PostgreSQL, FastAPI, AWS, OpenCV, SQL",7,6.7,Bachelor,2,1 Certified,1,Backend Engineer,5,11,67.2,865,Hire
RES-2025-1232,Sophia Chen,"TensorFlow, C++",2,0.8,Bachelor,2,None,0,Full Stack Developer,5,12,81.1,802,Hire
RES-2025-1233,Sophia Chen,"PyTorch, SQL",2,0.7,Bachelor,2,None,0,Machine Learning Engineer,6,6,61.6,537,Hire
RES-2025-1234,Rahul Verma,"GCP, Git, PostgreSQL, Python, React, FastAPI, C++",7,0.1,Bachelor,2,4 Certified,4,NLP Engineer,3,5,50.1,831,Hire
RES-2025-1235,Anita Roy,"GCP, FastAPI, Git, Redis, PyTorch, OpenCV, Docker",7,3.2,Bachelor,2,None,0,Cloud Architect,0,5,85.8,183,Hire
RES-2025-1236,Sophia Chen,"NLP, PostgreSQL, OpenCV, Python",4,1.4,Bachelor,2,None,0,Data Scientist,4,7,70.1,625,Hire
RES-2025-1237,Priya Sharma,"React, Flask, C++, Docker, SQL, GCP, Python, Spark, Git, NLP, FastAPI, PyTorch, TensorFlow, Kubernetes, AWS, PostgreSQL, Redis, OpenCV",18,6.0,Bachelor,2,None,0,Data Scientist,1,2,85.5,778,Hire
RES-2025-1238,Emily Davis,"React, Git, Spark, Kubernetes, OpenCV, Docker, Flask",7,1.9,PhD,3,2 Certified,2,Data Scientist,5,4,50.0,413,Hire
RES-2025-1239,Rahul Verma,"C++, NLP, Redis, Spark, React, Flask, FastAPI",7,10.3,Bachelor,2,None,0,Full Stack Developer,2,7,47.1,688,Hire
RES-2025-1240,David Kim,"PyTorch, Kubernetes",2,0.6,Bachelor,2,None,0,Cloud Architect,3,12,90.8,739,Hire
RES-2025-1241,Rahul Verma,"SQL, Docker",2,6.1,PhD,3,4 Certified,4,Full Stack Developer,3,3,34.0,327,Hire
RES-2025-1242,Anita Roy,"PostgreSQL, Kubernetes, Git, GCP, Spark, AWS, SQL, Docker, Flask, OpenCV, React, TensorFlow",12,4.5,Bachelor,2,1 Certified,1,Backend Engineer,0,4,30.7,459,Hire
RES-2025-1243,Michael Brown,"C++, TensorFlow, Flask, React, Git, Docker, Spark, Python, Kubernetes, Redis, SQL, GCP",12,4.4,Bachelor,2,None,0,Cloud Architect,6,8,51.7,552,Hire
RES-2025-1244,Michael Brown,"Kubernetes, PostgreSQL, Python, AWS",4,5.6,Master,2,4 Certified,4,Machine Learning Engineer,4,10,44.2,220,Hire
RES-2025-1245,Emily Davis,"OpenCV, AWS, Kubernetes, FastAPI, GCP, Docker, PyTorch",7,4.3,Diploma,1,3 Certified,3,Full Stack Developer,2,1,87.5,453,Hire
RES-2025-1246,Sophia Chen,"SQL, Flask, PyTorch, Spark, Docker, GCP, Redis, NLP, React, TensorFlow, Git, C++",12,3.0,Bachelor,2,None,0,Data Scientist,1,11,59.3,743,Hire
RES-2025-1247,Michael Brown,"FastAPI, Python, PyTorch, AWS, C++, Kubernetes, SQL, TensorFlow, Git, Flask, OpenCV, NLP",12,0.4,Bachelor,2,None,0,Cloud Architect,0,11,73.1,648,Hire
RES-2025-1248,Rahul Verma,"AWS, OpenCV",2,0.1,PhD,3,None,0,Data Scientist,0,3,44.8,525,Reject
RES-2025-1249,David Kim,"FastAPI, AWS, Spark, OpenCV",4,7.6,Bachelor,2,1 Certified,1,Data Scientist,5,14,79.0,926,Hire
RES-2025-1250,Sophia Chen,"Flask, NLP",2,2.9,Diploma,1,None,0,Data Scientist,3,10,94.4,370,Hire
RES-2025-1251,Alex Johnson,"NLP, OpenCV, AWS, Redis",4,4.8,Bachelor,2,None,0,Cloud Architect,0,11,88.6,617,Hire
RES-2025-1252,Alex Johnson,"Spark, Flask, PostgreSQL, Git, GCP, SQL, C++",7,2.0,Bachelor,2,2 Certified,2,Backend Engineer,2,11,54.1,207,Hire
RES-2025-1253,David Kim,"FastAPI, AWS, PostgreSQL, TensorFlow, Docker, Python, Spark, Flask, GCP, C++, Git, Kubernetes, NLP, React, Redis, SQL, OpenCV, PyTorch",18,0.4,Bachelor,2,None,0,Backend Engineer,5,13,38.6,203,Hire
RES-2025-1254,Alex Johnson,"Spark, AWS, GCP, React, C++, PyTorch, NLP",7,0.4,Bachelor,2,1 Certified,1,Data Scientist,6,5,56.9,787,Hire
RES-2025-1255,David Kim,"PyTorch, C++, React, Kubernetes, AWS, Docker, Spark, NLP, TensorFlow, GCP, Git, PostgreSQL, Flask, Python, FastAPI, SQL, Redis, OpenCV",18,3.5,Master,2,1 Certified,1,Cloud Architect,2,7,55.6,696,Hire
RES-2025-1256,Rahul Verma,"Flask, NLP, PostgreSQL, Docker, Kubernetes, GCP, Redis, Git, PyTorch, TensorFlow, Spark, React, Python, SQL, FastAPI, C++, OpenCV, AWS",18,1.7,Bachelor,2,None,0,Cloud Architect,4,7,82.5,910,Hire
RES-2025-1257,Priya Sharma,"PyTorch, PostgreSQL, Git, React, Python, C++, Kubernetes",7,0.7,Master,2,1 Certified,1,Data Scientist,0,10,93.2,782,Hire
RES-2025-1258,Emily Davis,"Kubernetes, Docker, PostgreSQL, PyTorch",4,2.0,Bachelor,2,None,0,NLP Engineer,3,12,46.5,375,Hire
RES-2025-1259,David Kim,"React, Git, Flask, TensorFlow",4,0.2,Bachelor,2,None,0,Cloud Architect,2,11,82.7,755,Reject
RES-2025-1260,Michael Brown,"OpenCV, FastAPI, Python, React, AWS, Docker, C++, Flask, Kubernetes, Git, NLP, Redis",12,2.6,Diploma,1,1 Certified,1,Full Stack Developer,3,9,68.9,488,Hire
RES-2025-1261,Anita Roy,"SQL, Python",2,0.9,Master,2,1 Certified,1,NLP Engineer,6,9,74.5,223,Hire
RES-2025-1262,Emily Davis,"GCP, PostgreSQL, AWS, Git",4,4.8,Master,2,None,0,NLP Engineer,5,11,43.6,762,Hire
RES-2025-1263,Michael Brown,"SQL, GCP, PostgreSQL, NLP",4,1.1,Bachelor,2,None,0,Data Scientist,4,3,31.1,232,Reject
RES-2025-1264,Emily Davis,"Flask, FastAPI, Python, Kubernetes, SQL, Git, React",7,1.8,Master,2,None,0,Data Scientist,0,2,51.0,937,Reject
RES-2025-1265,Alex Johnson,"Kubernetes, FastAPI, C++, Docker",4,0.0,Bachelor,2,1 Certified,1,Cloud Architect,6,3,72.0,326,Reject
RES-2025-1266,Rahul Verma,"SQL, PyTorch, Spark, OpenCV, Redis, FastAPI, Kubernetes",7,0.2,Bachelor,2,1 Certified,1,Cloud Architect,5,9,52.1,349,Hire
RES-2025-1267,Priya Sharma,"FastAPI, PyTorch, Redis, Flask",4,1.5,Bachelor,2,2 Certified,2,Backend Engineer,5,14,40.2,807,Hire
RES-2025-1268,David Kim,"SQL, TensorFlow",2,2.0,Bachelor,2,None,0,Cloud Architect,0,12,54.2,307,Reject
RES-2025-1269,Michael Brown,"C++, Git, Python, PyTorch, FastAPI, Redis, GCP",7,2.7,Bachelor,2,None,0,Full Stack Developer,0,7,50.1,462,Reject
RES-2025-1270,Alex Johnson,"C++, SQL",2,1.0,Bachelor,2,1 Certified,1,NLP Engineer,3,11,64.1,400,Reject
RES-2025-1271,Emily Davis,"C++, FastAPI, Git, Spark, OpenCV, React, Flask, PyTorch, PostgreSQL, GCP, TensorFlow, Kubernetes",12,3.6,Bachelor,2,None,0,Full Stack Developer,1,12,90.5,298,Hire
RES-2025-1272,Sophia Chen,"Git, TensorFlow, PyTorch, Flask",4,5.9,Bachelor,2,None,0,Backend Engineer,6,2,48.3,647,Reject
RES-2025-1273,Priya Sharma,"GCP, Flask",2,4.5,Master,2,1 Certified,1,Full Stack Developer,4,10,48.0,857,Hire
RES-2025-1274,David Kim,"OpenCV, Docker, Python, PostgreSQL, Redis, FastAPI, C++",7,0.1,Bachelor,2,2 Certified,2,Cloud Architect,1,12,30.1,155,Hire
RES-2025-1275,Sophia Chen,"FastAPI, Kubernetes, OpenCV, AWS, PostgreSQL, Docker, PyTorch, Python, SQL, Redis, Git, Spark",12,2.0,Bachelor,2,None,0,Full Stack Developer,1,9,76.1,513,Hire
RES-2025-1276,David Kim,"SQL, PyTorch, Redis, NLP, OpenCV, AWS, React, Spark, TensorFlow, GCP, Kubernetes, PostgreSQL, C++, FastAPI, Flask, Git, Docker, Python",18,0.3,Bachelor,2,1 Certified,1,Cloud Architect,0,9,51.9,266,Hire
RES-2025-1277,Michael Brown,"GCP, Docker, NLP, OpenCV",4,0.8,Bachelor,2,4 Certified,4,Machine Learning Engineer,0,2,42.3,829,Reject
RES-2025-1278,David Kim,"NLP, Flask, Docker, Kubernetes",4,13.0,Bachelor,2,1 Certified,1,Backend Engineer,2,3,60.0,764,Hire
RES-2025-1279,Priya Sharma,"Kubernetes, Python, C++, GCP, NLP, Spark, OpenCV",7,0.5,Diploma,1,None,0,Cloud Architect,5,6,83.7,321,Hire
RES-2025-1280,Priya Sharma,"AWS, NLP, TensorFlow, Git, PostgreSQL, Redis, GCP, C++, OpenCV, PyTorch, Kubernetes, Flask",12,2.1,Bachelor,2,None,0,Full Stack Developer,3,10,85.5,808,Hire
RES-2025-1281,Rahul Verma,"PostgreSQL, SQL, Python, React",4,2.9,Master,2,None,0,NLP Engineer,3,6,75.2,558,Hire
RES-2025-1282,David Kim,"React, Docker, Flask, SQL, NLP, Redis, PostgreSQL",7,3.6,Bachelor,2,1 Certified,1,Backend Engineer,2,6,44.5,429,Hire
RES-2025-1283,Alex Johnson,"Git, Flask, Python, NLP, Redis, Kubernetes, GCP, TensorFlow, FastAPI, OpenCV, AWS, Spark",12,2.5,PhD,3,None,0,NLP Engineer,4,10,55.8,172,Hire
RES-2025-1284,Anita Roy,"PostgreSQL, AWS, React, Kubernetes",4,0.0,Bachelor,2,1 Certified,1,NLP Engineer,2,2,92.0,348,Reject
RES-2025-1285,Rahul Verma,"GCP, NLP",2,1.2,Bachelor,2,1 Certified,1,Cloud Architect,2,4,55.9,745,Reject
RES-2025-1286,Priya Sharma,"Git, Python, AWS, Flask, SQL, Redis, FastAPI, TensorFlow, PostgreSQL, OpenCV, C++, Kubernetes, PyTorch, NLP, GCP, Docker, Spark, React",18,2.2,PhD,3,None,0,NLP Engineer,2,9,69.1,212,Hire
RES-2025-1287,David Kim,"AWS, React, Docker, C++",4,0.3,Bachelor,2,1 Certified,1,Full Stack Developer,4,9,42.3,831,Reject
RES-2025-1288,Emily Davis,"FastAPI, NLP, PostgreSQL, Flask, Spark, React, PyTorch",7,1.3,Bachelor,2,1 Certified,1,Backend Engineer,0,3,90.2,607,Reject
RES-2025-1289,Alex Johnson,"OpenCV, PyTorch",2,0.1,Bachelor,2,2 Certified,2,Cloud Architect,3,2,68.5,947,Reject
RES-2025-1290,Sophia Chen,"React, C++",2,0.2,Bachelor,2,1 Certified,1,Full Stack Developer,1,14,58.5,704,Reject
RES-2025-1291,Rahul Verma,"PyTorch, Redis, PostgreSQL, GCP, React, Python, Kubernetes",7,1.5,Bachelor,2,1 Certified,1,NLP Engineer,5,13,32.3,265,Hire
RES-2025-1292,Sophia Chen,"Docker, PyTorch, NLP, Flask, GCP, Spark, C++",7,0.4,Bachelor,2,1 Certified,1,Machine Learning Engineer,3,8,47.8,501,Reject
RES-2025-1293,Michael Brown,"React, SQL, Git, Python, OpenCV, TensorFlow, C++, PyTorch, Redis, PostgreSQL, Spark, NLP",12,2.5,Bachelor,2,None,0,NLP Engineer,6,3,42.0,335,Hire
RES-2025-1294,Alex Johnson,"OpenCV, Git, GCP, C++",4,3.5,Diploma,1,1 Certified,1,NLP Engineer,3,5,65.2,851,Reject
RES-2025-1295,Emily Davis,"Spark, Kubernetes, SQL, PyTorch, FastAPI, Docker, AWS",7,4.8,Bachelor,2,None,0,Machine Learning Engineer,1,5,51.6,506,Hire
RES-2025-1296,David Kim,"PyTorch, Python, NLP, OpenCV, TensorFlow, Kubernetes, Spark, FastAPI, C++, PostgreSQL, Docker, GCP",12,0.7,Bachelor,2,1 Certified,1,NLP Engineer,3,3,57.7,427,Hire
RES-2025-1297,Sophia Chen,"FastAPI, Kubernetes, Redis, AWS, SQL, TensorFlow, C++",7,0.5,Bachelor,2,None,0,Cloud Architect,6,6,39.1,470,Hire
RES-2025-1298,Priya Sharma,"Kubernetes, PostgreSQL, React, Git, PyTorch, NLP, Spark, Python, SQL, FastAPI, AWS, TensorFlow, OpenCV, Flask, C++, Redis, GCP, Docker",18,0.3,Bachelor,2,1 Certified,1,Data Scientist,5,4,53.2,294,Hire
RES-2025-1299,Rahul Verma,"GCP, Docker",2,3.0,Bachelor,2,None,0,Full Stack Developer,3,4,46.9,767,Hire
RES-2025-1300,Emily Davis,"Redis, Python, NLP, Docker",4,3.7,Bachelor,2,None,0,Machine Learning Engineer,6,13,34.5,355,Hire
RES-2025-1301,David Kim,"PyTorch, Redis, PostgreSQL, AWS, GCP, TensorFlow, Spark",7,0.1,Diploma,1,2 Certified,2,NLP Engineer,4,8,42.8,442,Reject
RES-2025-1302,Michael Brown,"TensorFlow, Kubernetes, SQL, PyTorch",4,8.3,Bachelor,2,None,0,Data Scientist,6,11,43.8,485,Hire
RES-2025-1303,Anita Roy,"Redis, PyTorch, Docker, AWS, Git, FastAPI, SQL, OpenCV, NLP, PostgreSQL, Flask, TensorFlow",12,0.2,Master,2,1 Certified,1,Cloud Architect,3,8,78.2,316,Hire
RES-2025-1304,Michael Brown,"TensorFlow, Git, NLP, Docker, Spark, OpenCV, FastAPI",7,2.3,Bachelor,2,1 Certified,1,NLP Engineer,5,13,58.0,499,Hire
RES-2025-1305,Alex Johnson,"Docker, PyTorch, Kubernetes, NLP, FastAPI, Git, Python",7,3.7,Bachelor,2,None,0,Cloud Architect,5,6,40.6,871,Hire
RES-2025-1306,Michael Brown,"Git, FastAPI, SQL, Kubernetes, Flask, OpenCV, Spark",7,6.1,Master,2,1 Certified,1,Full Stack Developer,2,10,78.8,836,Hire
RES-2025-1307,Anita Roy,"GCP, SQL, React, Spark, C++, NLP, Redis",7,3.8,Bachelor,2,1 Certified,1,Full Stack Developer,1,9,78.2,756,Hire
RES-2025-1308,David Kim,"GCP, TensorFlow",2,4.9,Master,2,None,0,Full Stack Developer,1,11,69.5,612,Reject
RES-2025-1309,Anita Roy,"Kubernetes, Redis",2,1.2,Bachelor,2,4 Certified,4,Data Scientist,6,2,81.3,361,Hire
RES-2025-1310,David Kim,"C++, Redis, Docker, PyTorch, TensorFlow, React, PostgreSQL",7,5.1,Bachelor,2,None,0,Full Stack Developer,2,13,58.2,699,Hire
RES-2025-1311,Priya Sharma,"PostgreSQL, TensorFlow, AWS, GCP, SQL, Git, Python",7,0.3,Master,2,None,0,Full Stack Developer,5,14,92.8,887,Hire
RES-2025-1312,David Kim,"GCP, FastAPI, PyTorch, SQL, Redis, TensorFlow, AWS, OpenCV, Kubernetes, Docker, React, Git",12,6.8,Master,2,None,0,Cloud Architect,2,12,62.8,918,Hire
RES-2025-1313,Anita Roy,"Python, Kubernetes, OpenCV, TensorFlow, Redis, PostgreSQL, FastAPI, PyTorch, Spark, Docker, Git, React, NLP, Flask, SQL, GCP, AWS, C++",18,2.4,Bachelor,2,2 Certified,2,Data Scientist,0,4,77.0,193,Hire
RES-2025-1314,Emily Davis,"Docker, Redis, FastAPI, Python, Flask, SQL, GCP, TensorFlow, Spark, PostgreSQL, NLP, PyTorch",12,5.1,Bachelor,2,3 Certified,3,Cloud Architect,6,13,64.5,360,Hire
RES-2025-1315,Michael Brown,"GCP, TensorFlow",2,1.8,Bachelor,2,None,0,Cloud Architect,4,7,66.9,364,Hire
RES-2025-1316,Alex Johnson,"Kubernetes, FastAPI, Spark, PyTorch, SQL, Redis, Flask, NLP, Docker, GCP, PostgreSQL, OpenCV",12,3.1,Bachelor,2,None,0,Full Stack Developer,3,10,42.1,505,Hire
RES-2025-1317,Priya Sharma,"Git, NLP",2,2.2,Bachelor,2,1 Certified,1,Machine Learning Engineer,5,3,84.5,395,Hire
RES-2025-1318,David Kim,"SQL, Spark, C++, OpenCV, Python, FastAPI, Docker",7,3.9,Bachelor,2,1 Certified,1,NLP Engineer,6,5,46.7,871,Hire
RES-2025-1319,Priya Sharma,"Docker, GCP",2,0.3,PhD,3,None,0,Backend Engineer,2,9,86.7,800,Reject
RES-2025-1320,Michael Brown,"PyTorch, React, Docker, Python, PostgreSQL, Kubernetes, AWS, Redis, GCP, TensorFlow, NLP, FastAPI",12,0.2,Diploma,1,None,0,NLP Engineer,1,7,38.7,671,Reject
RES-2025-1321,Rahul Verma,"AWS, GCP, Docker, FastAPI, C++, Git, PostgreSQL",7,0.9,Bachelor,2,2 Certified,2,Machine Learning Engineer,4,7,67.4,195,Hire
RES-2025-1322,Michael Brown,"Python, SQL, Redis, AWS",4,0.5,Bachelor,2,2 Certified,2,Full Stack Developer,4,8,79.7,477,Hire
RES-2025-1323,Emily Davis,"NLP, Kubernetes",2,6.2,Bachelor,2,3 Certified,3,Backend Engineer,6,8,38.0,422,Hire
RES-2025-1324,Alex Johnson,"Spark, Docker, Redis, C++, OpenCV, Flask, React",7,0.7,Master,2,None,0,Data Scientist,1,10,62.8,685,Reject
RES-2025-1325,Anita Roy,"PostgreSQL, GCP, React, AWS",4,11.2,Bachelor,2,None,0,NLP Engineer,2,13,60.9,164,Hire
RES-2025-1326,Priya Sharma,"Python, FastAPI, Docker, SQL",4,1.2,Bachelor,2,2 Certified,2,NLP Engineer,0,3,65.4,555,Hire
RES-2025-1327,Rahul Verma,"PyTorch, AWS, TensorFlow, Kubernetes, Spark, PostgreSQL, Docker, FastAPI, Git, Python, SQL, React",12,0.6,Bachelor,2,None,0,Data Scientist,0,1,33.7,856,Reject
RES-2025-1328,Rahul Verma,"OpenCV, SQL",2,4.7,Bachelor,2,4 Certified,4,Backend Engineer,6,9,71.8,210,Hire
RES-2025-1329,Rahul Verma,"Flask, FastAPI",2,3.2,Master,2,1 Certified,1,NLP Engineer,0,10,77.5,721,Hire
RES-2025-1330,Michael Brown,"Spark, OpenCV, SQL, TensorFlow, PostgreSQL, PyTorch, NLP, Flask, GCP, Git, Kubernetes, Python, AWS, C++, React, Docker, Redis, FastAPI",18,2.1,Bachelor,2,1 Certified,1,Machine Learning Engineer,1,5,54.9,591,Hire
RES-2025-1331,Michael Brown,"PostgreSQL, Python, Flask, AWS",4,2.4,Bachelor,2,1 Certified,1,Backend Engineer,0,3,80.6,182,Hire
RES-2025-1332,Sophia Chen,"Spark, Flask, TensorFlow, Git",4,3.8,Bachelor,2,1 Certified,1,Full Stack Developer,4,1,30.6,626,Hire
RES-2025-1333,Emily Davis,"Docker, PostgreSQL",2,0.8,Bachelor,2,None,0,Full Stack Developer,0,1,81.9,371,Reject
RES-2025-1334,Priya Sharma,"PyTorch, GCP, SQL, TensorFlow",4,15.0,Diploma,1,None,0,NLP Engineer,4,1,78.3,633,Hire
RES-2025-1335,Michael Brown,"SQL, Docker, Python, C++, Spark, Flask, FastAPI",7,11.0,Master,2,2 Certified,2,Data Scientist,5,7,81.5,657,Hire
RES-2025-1336,David Kim,"TensorFlow, PostgreSQL, Python, NLP, Flask, Spark, Docker",7,3.2,Bachelor,2,4 Certified,4,Backend Engineer,6,4,79.4,450,Hire
RES-2025-1337,David Kim,"Flask, TensorFlow, C++, Python",4,0.7,Bachelor,2,None,0,Full Stack Developer,2,13,35.3,900,Reject
RES-2025-1338,Alex Johnson,"Git, GCP, PostgreSQL, Redis, TensorFlow, OpenCV, FastAPI",7,3.4,Diploma,1,1 Certified,1,NLP Engineer,5,11,53.0,246,Hire
RES-2025-1339,David Kim,"TensorFlow, GCP, Git, React, AWS, Python, Kubernetes",7,0.2,Bachelor,2,3 Certified,3,Cloud Architect,2,10,65.1,264,Hire
RES-2025-1340,David Kim,"Docker, Kubernetes",2,0.1,PhD,3,1 Certified,1,Machine Learning Engineer,1,13,57.9,564,Reject
RES-2025-1341,Rahul Verma,"FastAPI, Spark, AWS, NLP, PostgreSQL, OpenCV, Redis, Kubernetes, C++, TensorFlow, Docker, GCP",12,0.9,Bachelor,2,None,0,Machine Learning Engineer,4,9,47.5,617,Hire
RES-2025-1342,Sophia Chen,"FastAPI, TensorFlow, Docker, Git, Python, NLP, Flask",7,1.9,Bachelor,2,1 Certified,1,Machine Learning Engineer,3,5,32.8,563,Hire
RES-2025-1343,Sophia Chen,"Flask, OpenCV, Kubernetes, Docker",4,6.1,Bachelor,2,None,0,NLP Engineer,2,8,91.4,190,Hire
RES-2025-1344,Priya Sharma,"Redis, Spark, Kubernetes, Flask",4,3.9,Bachelor,2,None,0,Machine Learning Engineer,1,2,94.9,354,Hire
RES-2025-1345,Anita Roy,"Flask, Python, React, GCP, SQL, Redis, Docker",7,4.1,Master,2,None,0,Machine Learning Engineer,0,9,63.7,404,Hire
RES-2025-1346,Michael Brown,"Docker, Python, Redis, AWS, GCP, Git, C++",7,1.7,PhD,3,None,0,Machine Learning Engineer,3,13,30.2,743,Reject
RES-2025-1347,Priya Sharma,"Flask, NLP, FastAPI, Kubernetes",4,1.3,Bachelor,2,3 Certified,3,Cloud Architect,6,10,73.8,941,Hire
RES-2025-1348,Anita Roy,"PyTorch, C++, Python, AWS, Redis, React, SQL, Flask, GCP, FastAPI, OpenCV, Docker",12,1.4,PhD,3,None,0,Machine Learning Engineer,0,1,89.9,753,Hire
RES-2025-1349,Sophia Chen,"Docker, FastAPI, NLP, PostgreSQL",4,13.2,Diploma,1,None,0,Machine Learning Engineer,2,2,73.0,718,Hire
RES-2025-1350,Rahul Verma,"Flask, Git, FastAPI, Python",4,0.1,Bachelor,2,None,0,Cloud Architect,0,2,53.6,481,Reject
RES-2025-1351,Rahul Verma,"Python, GCP, Kubernetes, OpenCV, Git, Spark, C++",7,6.1,Bachelor,2,1 Certified,1,Cloud Architect,2,14,56.3,602,Hire
RES-2025-1352,Alex Johnson,"FastAPI, Flask",2,2.6,Bachelor,2,1 Certified,1,Machine Learning Engineer,6,3,75.9,702,Reject
RES-2025-1353,David Kim,"NLP, Redis, GCP, Git, C++, Flask, Python, TensorFlow, OpenCV, Kubernetes, React, Spark, AWS, PostgreSQL, FastAPI, PyTorch, SQL, Docker",18,1.7,Master,2,1 Certified,1,Data Scientist,5,4,56.8,313,Hire
RES-2025-1354,Sophia Chen,"GCP, Python, Redis, Flask",4,3.9,Diploma,1,1 Certified,1,Full Stack Developer,1,9,75.6,259,Hire
RES-2025-1355,Michael Brown,"SQL, Kubernetes, React, Git, Python, Flask, Redis, OpenCV, PyTorch, Spark, AWS, Docker, C++, GCP, FastAPI, NLP, PostgreSQL, TensorFlow",18,2.0,Bachelor,2,None,0,Backend Engineer,4,4,64.0,619,Hire
RES-2025-1356,Priya Sharma,"SQL, OpenCV, Flask, Git, React, Kubernetes, Redis, PyTorch, FastAPI, C++, TensorFlow, Python",12,6.2,Bachelor,2,None,0,Full Stack Developer,5,6,30.7,903,Hire
RES-2025-1357,Emily Davis,"AWS, Git, C++, React",4,6.9,Diploma,1,2 Certified,2,Cloud Architect,1,3,93.6,579,Reject
RES-2025-1358,Rahul Verma,"Python, Docker, TensorFlow, SQL",4,1.6,Bachelor,2,None,0,Cloud Architect,5,13,70.7,359,Reject
RES-2025-1359,Rahul Verma,"Flask, AWS, NLP, SQL, Redis, OpenCV, PyTorch",7,1.0,Bachelor,2,1 Certified,1,Backend Engineer,1,6,79.2,917,Hire
RES-2025-1360,Anita Roy,"SQL, C++, GCP, Python, AWS, OpenCV, Redis",7,2.7,Master,2,None,0,Data Scientist,5,13,56.0,306,Hire
RES-2025-1361,Rahul Verma,"GCP, Spark, FastAPI, AWS, Redis, Flask, Git, C++, NLP, React, PyTorch, SQL, PostgreSQL, Kubernetes, Python, TensorFlow, Docker, OpenCV",18,7.3,Diploma,1,1 Certified,1,Machine Learning Engineer,6,9,49.7,729,Hire
RES-2025-1362,Rahul Verma,"Flask, NLP, Kubernetes, Spark, FastAPI, C++, Docker, GCP, Python, PostgreSQL, OpenCV, SQL, React, AWS, PyTorch, Git, TensorFlow, Redis",18,0.7,Bachelor,2,1 Certified,1,Data Scientist,4,12,78.8,317,Hire
RES-2025-1363,David Kim,"C++, AWS",2,2.9,Master,2,1 Certified,1,Machine Learning Engineer,6,2,36.6,877,Hire
RES-2025-1364,Sophia Chen,"TensorFlow, Redis, Flask, NLP, Docker, Python, Kubernetes",7,3.0,Bachelor,2,None,0,Data Scientist,5,10,81.3,662,Hire
RES-2025-1365,David Kim,"Redis, FastAPI, AWS, Git, C++, OpenCV, PostgreSQL, Python, Spark, GCP, Flask, React",12,4.0,Master,2,None,0,Machine Learning Engineer,6,2,94.5,336,Hire
RES-2025-1366,Emily Davis,"AWS, TensorFlow, SQL, Docker",4,0.4,Master,2,None,0,NLP Engineer,0,5,69.7,690,Reject
RES-2025-1367,Sophia Chen,"Docker, Redis, C++, Python, GCP, FastAPI, TensorFlow",7,3.8,Diploma,1,1 Certified,1,Machine Learning Engineer,4,8,65.8,756,Hire
RES-2025-1368,Alex Johnson,"AWS, PyTorch",2,7.2,Master,2,None,0,NLP Engineer,6,2,45.6,918,Hire
RES-2025-1369,Priya Sharma,"GCP, Spark, PyTorch, C++, React, PostgreSQL, Kubernetes",7,0.6,Master,2,3 Certified,3,Backend Engineer,6,6,74.4,781,Reject
RES-2025-1370,Alex Johnson,"AWS, Docker, Git, Spark, Kubernetes, NLP, FastAPI, SQL, GCP, Python, PyTorch, React",12,0.8,Bachelor,2,1 Certified,1,Backend Engineer,2,9,40.8,272,Hire
RES-2025-1371,David Kim,"GCP, Redis, Python, NLP, TensorFlow, C++, FastAPI",7,10.7,Bachelor,2,None,0,Backend Engineer,3,2,91.5,258,Hire
RES-2025-1372,Priya Sharma,"PostgreSQL, Flask, Redis, GCP, Docker, Kubernetes, Git, React, OpenCV, FastAPI, NLP, Spark",12,0.6,Master,2,1 Certified,1,NLP Engineer,2,14,44.7,608,Hire
RES-2025-1373,Priya Sharma,"Python, SQL, Git, AWS, FastAPI, Kubernetes, React, GCP, Redis, PostgreSQL, NLP, OpenCV, Flask, Spark, C++, Docker, PyTorch, TensorFlow",18,5.8,Bachelor,2,2 Certified,2,Backend Engineer,3,3,40.5,274,Hire
RES-2025-1374,Alex Johnson,"C++, FastAPI, React, Spark, NLP, Flask, OpenCV, Kubernetes, GCP, Python, PostgreSQL, Git",12,2.0,Bachelor,2,1 Certified,1,Machine Learning Engineer,3,10,74.9,401,Hire
RES-2025-1375,Emily Davis,"Flask, TensorFlow, Kubernetes, Python, React, PyTorch, OpenCV",7,0.9,Master,2,2 Certified,2,NLP Engineer,0,1,61.2,159,Hire
RES-2025-1376,Emily Davis,"Redis, AWS",2,6.1,Master,2,None,0,Backend Engineer,5,12,75.2,784,Hire
RES-2025-1377,Sophia Chen,"Git, FastAPI, TensorFlow, Docker, Python, Spark, Flask",7,1.8,Master,2,2 Certified,2,Full Stack Developer,6,13,34.8,165,Hire
RES-2025-1378,Sophia Chen,"Docker, React",2,2.2,Master,2,None,0,Cloud Architect,2,13,82.5,713,Reject
RES-2025-1379,Rahul Verma,"NLP, FastAPI, Kubernetes, Docker, Flask, AWS, PyTorch",7,1.3,Diploma,1,None,0,Machine Learning Engineer,6,5,89.3,580,Hire
RES-2025-1380,David Kim,"Spark, Docker, Kubernetes, NLP, Redis, AWS, SQL",7,2.7,Bachelor,2,2 Certified,2,Machine Learning Engineer,1,9,80.1,609,Hire
RES-2025-1381,Emily Davis,"Flask, NLP, React, C++, Git, Redis, AWS, PyTorch, SQL, Spark, FastAPI, Kubernetes",12,0.5,Bachelor,2,3 Certified,3,Machine Learning Engineer,6,11,82.8,622,Hire
RES-2025-1382,Michael Brown,"Git, FastAPI",2,1.5,Bachelor,2,2 Certified,2,Data Scientist,6,5,57.5,623,Hire
RES-2025-1383,Alex Johnson,"GCP, Docker, Python, NLP",4,10.5,Bachelor,2,2 Certified,2,NLP Engineer,0,6,55.0,419,Hire
RES-2025-1384,Anita Roy,"NLP, PostgreSQL, PyTorch, Docker, Redis, FastAPI, SQL",7,0.9,Bachelor,2,None,0,Machine Learning Engineer,6,3,87.8,453,Hire
RES-2025-1385,Rahul Verma,"Kubernetes, GCP, SQL, OpenCV, Python, TensorFlow, Git",7,3.2,Bachelor,2,None,0,NLP Engineer,5,9,56.2,301,Hire
RES-2025-1386,David Kim,"Git, PyTorch, GCP, OpenCV, PostgreSQL, Flask, TensorFlow",7,1.2,Diploma,1,1 Certified,1,NLP Engineer,5,4,39.3,219,Reject
RES-2025-1387,Sophia Chen,"OpenCV, C++, PostgreSQL, FastAPI, React, TensorFlow, SQL, Git, Redis, Docker, GCP, Spark, Flask, AWS, Python, PyTorch, NLP, Kubernetes",18,4.5,Bachelor,2,3 Certified,3,NLP Engineer,4,11,45.2,208,Hire
RES-2025-1388,Emily Davis,"AWS, Python, React, C++, Redis, Kubernetes, FastAPI, Git, TensorFlow, NLP, Docker, Flask",12,0.4,Bachelor,2,None,0,Data Scientist,4,14,59.2,413,Hire
RES-2025-1389,Emily Davis,"Kubernetes, Spark, GCP, Python",4,10.5,Master,2,1 Certified,1,NLP Engineer,3,12,52.0,410,Hire
RES-2025-1390,Priya Sharma,"Python, NLP, AWS, TensorFlow, Spark, GCP, Redis",7,1.8,Bachelor,2,1 Certified,1,Backend Engineer,3,12,43.4,211,Hire
RES-2025-1391,David Kim,"Flask, PostgreSQL, Docker, PyTorch, C++, GCP, NLP, SQL, React, OpenCV, Spark, Redis, Python, AWS, Git, Kubernetes, FastAPI, TensorFlow",18,0.8,Bachelor,2,1 Certified,1,Machine Learning Engineer,2,5,84.4,563,Hire
RES-2025-1392,Sophia Chen,"SQL, Docker",2,0.2,Master,2,3 Certified,3,Machine Learning Engineer,1,10,85.7,333,Hire
RES-2025-1393,David Kim,"FastAPI, Python, Docker, GCP, Flask, TensorFlow, Kubernetes, OpenCV, Spark, NLP, PyTorch, Redis",12,0.6,Bachelor,2,None,0,Machine Learning Engineer,3,8,87.4,927,Hire
RES-2025-1394,Sophia Chen,"TensorFlow, C++, OpenCV, NLP, Redis, Python, SQL, Kubernetes, Spark, Git, Flask, GCP",12,2.2,Bachelor,2,None,0,NLP Engineer,1,5,89.6,535,Hire
RES-2025-1395,Priya Sharma,"GCP, SQL, AWS, C++, NLP, OpenCV, Docker, PostgreSQL, Python, Kubernetes, React, Flask",12,1.2,Diploma,1,None,0,Data Scientist,2,1,40.2,508,Reject
RES-2025-1396,Emily Davis,"NLP, FastAPI",2,5.3,Bachelor,2,2 Certified,2,NLP Engineer,1,9,86.0,313,Hire
RES-2025-1397,Priya Sharma,"NLP, React, PyTorch, Flask, C++, Git, OpenCV, Python, TensorFlow, Redis, AWS, Docker",12,1.7,Bachelor,2,None,0,Backend Engineer,3,14,40.8,809,Hire
RES-2025-1398,Sophia Chen,"AWS, React, Python, NLP, Redis, PostgreSQL, FastAPI",7,0.9,Master,2,1 Certified,1,Machine Learning Engineer,3,12,62.2,522,Hire
RES-2025-1399,Alex Johnson,"FastAPI, Python, Docker, Git",4,2.9,PhD,3,2 Certified,2,Full Stack Developer,0,3,42.1,229,Reject
RES-2025-1400,Rahul Verma,"NLP, PyTorch, AWS, Flask, PostgreSQL, Git, Python, C++, Docker, TensorFlow, Spark, FastAPI, Redis, SQL, GCP, React, OpenCV, Kubernetes",18,3.7,Bachelor,2,None,0,Backend Engineer,6,6,88.9,489,Hire
RES-2025-1401,Alex Johnson,"NLP, Kubernetes",2,0.5,Bachelor,2,2 Certified,2,Cloud Architect,0,4,85.6,744,Reject
RES-2025-1402,Rahul Verma,"OpenCV, FastAPI, NLP, Docker, TensorFlow, Flask, GCP",7,0.6,Bachelor,2,None,0,NLP Engineer,1,1,82.8,177,Hire
RES-2025-1403,Sophia Chen,"AWS, FastAPI",2,0.1,Diploma,1,2 Certified,2,Machine Learning Engineer,3,13,51.7,762,Hire
RES-2025-1404,David Kim,"Docker, Flask, NLP, PostgreSQL, OpenCV, FastAPI, PyTorch, GCP, Kubernetes, Redis, SQL, TensorFlow, React, Python, AWS, Git, C++, Spark",18,4.0,Bachelor,2,1 Certified,1,NLP Engineer,2,10,94.1,250,Hire
RES-2025-1405,David Kim,"TensorFlow, NLP, Docker, Redis",4,3.3,Bachelor,2,2 Certified,2,Backend Engineer,3,14,91.8,634,Hire
RES-2025-1406,Michael Brown,"Docker, Flask, Python, GCP",4,1.9,Bachelor,2,None,0,Backend Engineer,0,1,67.1,312,Reject
RES-2025-1407,Rahul Verma,"Flask, AWS, PyTorch, Docker",4,5.6,Bachelor,2,None,0,Data Scientist,5,4,85.9,513,Hire
RES-2025-1408,Priya Sharma,"Flask, Docker, Redis, FastAPI",4,4.9,Bachelor,2,2 Certified,2,Full Stack Developer,6,8,61.5,755,Hire
RES-2025-1409,David Kim,"Flask, React, AWS, Spark",4,2.6,Bachelor,2,4 Certified,4,Full Stack Developer,4,4,76.0,410,Hire
RES-2025-1410,Emily Davis,"FastAPI, Docker, SQL, React, Python, Flask, AWS, NLP, Kubernetes, Spark, OpenCV, Redis",12,6.1,Bachelor,2,2 Certified,2,Backend Engineer,1,4,79.2,753,Hire
RES-2025-1411,Michael Brown,"React, PyTorch, SQL, PostgreSQL",4,0.7,Bachelor,2,1 Certified,1,Data Scientist,3,5,33.7,682,Hire
RES-2025-1412,Emily Davis,"Redis, OpenCV, SQL, C++, PostgreSQL, React, FastAPI, NLP, TensorFlow, GCP, Git, Python",12,0.4,Master,2,None,0,NLP Engineer,1,11,68.0,322,Hire
RES-2025-1413,Sophia Chen,"Kubernetes, React, TensorFlow, C++, Git, OpenCV, PostgreSQL, AWS, Redis, Spark, FastAPI, GCP",12,0.9,Bachelor,2,2 Certified,2,Full Stack Developer,1,6,77.4,829,Hire
RES-2025-1414,Michael Brown,"Git, GCP, SQL, AWS",4,0.2,Bachelor,2,1 Certified,1,Data Scientist,1,11,30.8,323,Reject
RES-2025-1415,Sophia Chen,"TensorFlow, Git, SQL, Redis, Python, C++, Spark, GCP, OpenCV, Kubernetes, FastAPI, AWS, PostgreSQL, Docker, React, Flask, PyTorch, NLP",18,2.3,Diploma,1,3 Certified,3,Data Scientist,6,14,33.4,744,Hire
RES-2025-1416,Sophia Chen,"PostgreSQL, Git, PyTorch, Python",4,8.3,Master,2,1 Certified,1,Machine Learning Engineer,5,13,35.5,374,Hire
RES-2025-1417,Sophia Chen,"SQL, Flask, FastAPI, Redis, Spark, NLP, PyTorch",7,0.1,Diploma,1,1 Certified,1,NLP Engineer,6,1,75.2,579,Reject
RES-2025-1418,David Kim,"PyTorch, Kubernetes, C++, Flask, OpenCV, FastAPI, Redis",7,0.4,Master,2,2 Certified,2,Machine Learning Engineer,3,7,86.6,550,Hire
RES-2025-1419,Emily Davis,"Kubernetes, NLP",2,1.8,Bachelor,2,None,0,NLP Engineer,0,8,83.7,824,Hire
RES-2025-1420,Sophia Chen,"OpenCV, FastAPI, Spark, PyTorch, Python, Kubernetes, Git",7,8.1,Bachelor,2,2 Certified,2,NLP Engineer,2,3,91.0,882,Hire
RES-2025-1421,Emily Davis,"Git, Docker, OpenCV, NLP",4,1.1,Bachelor,2,1 Certified,1,NLP Engineer,4,6,61.0,580,Reject
RES-2025-1422,Alex Johnson,"OpenCV, AWS, Git, TensorFlow, PostgreSQL, Python, Flask",7,2.1,Master,2,2 Certified,2,NLP Engineer,2,14,52.1,673,Hire
RES-2025-1423,Alex Johnson,"PostgreSQL, OpenCV, SQL, Flask, React, TensorFlow, Python, C++, GCP, AWS, Docker, NLP, Kubernetes, FastAPI, Git, Spark, PyTorch, Redis",18,0.1,Bachelor,2,None,0,Data Scientist,6,4,62.6,548,Hire
RES-2025-1424,Anita Roy,"Python, SQL, React, Spark, Flask, C++, AWS",7,0.5,Bachelor,2,None,0,Backend Engineer,3,9,66.9,437,Hire
RES-2025-1425,David Kim,"Spark, AWS, TensorFlow, Kubernetes",4,12.9,Diploma,1,3 Certified,3,Full Stack Developer,2,4,62.6,495,Hire
RES-2025-1426,Emily Davis,"AWS, SQL, TensorFlow, OpenCV, React, Flask, Docker",7,10.1,Bachelor,2,1 Certified,1,Machine Learning Engineer,6,13,32.1,949,Hire
RES-2025-1427,Priya Sharma,"Spark, PyTorch, Git, NLP",4,0.0,Master,2,1 Certified,1,Cloud Architect,0,5,44.4,667,Reject
RES-2025-1428,Rahul Verma,"GCP, PyTorch, C++, React",4,9.1,Bachelor,2,1 Certified,1,NLP Engineer,6,11,92.6,509,Hire
RES-2025-1429,Rahul Verma,"GCP, Flask, C++, PostgreSQL, Docker, OpenCV, AWS, PyTorch, SQL, Redis, Kubernetes, React, TensorFlow, FastAPI, Python, Spark, Git, NLP",18,3.1,Bachelor,2,1 Certified,1,Full Stack Developer,6,2,30.7,679,Hire
RES-2025-1430,Alex Johnson,"FastAPI, C++, Python, Flask, Docker, SQL, OpenCV",7,6.1,Master,2,1 Certified,1,Data Scientist,0,4,75.9,604,Hire
RES-2025-1431,Michael Brown,"NLP, OpenCV, Python, Redis, FastAPI, Kubernetes, Spark",7,1.8,Bachelor,2,None,0,NLP Engineer,3,12,81.4,273,Hire
RES-2025-1432,David Kim,"SQL, Spark, Redis, GCP",4,2.2,Master,2,3 Certified,3,Cloud Architect,2,13,35.3,166,Hire
RES-2025-1433,Anita Roy,"Redis, Spark, Kubernetes, Docker, AWS, C++, SQL",7,2.0,Bachelor,2,2 Certified,2,Machine Learning Engineer,3,8,78.8,736,Hire
RES-2025-1434,Rahul Verma,"SQL, Redis, PostgreSQL, OpenCV, Python, React, FastAPI",7,3.3,Master,2,1 Certified,1,Machine Learning Engineer,6,11,71.4,734,Hire
RES-2025-1435,Priya Sharma,"PyTorch, AWS, Spark, C++, React, GCP, FastAPI",7,0.5,Bachelor,2,1 Certified,1,Cloud Architect,3,1,56.5,360,Hire
RES-2025-1436,Alex Johnson,"C++, SQL, Python, NLP, Docker, FastAPI, Git, React, TensorFlow, AWS, PyTorch, Redis",12,0.1,PhD,3,2 Certified,2,Backend Engineer,3,2,66.5,578,Hire
RES-2025-1437,Sophia Chen,"NLP, GCP, TensorFlow, FastAPI, React, Python, AWS, OpenCV, Flask, Git, PostgreSQL, Docker",12,1.1,Bachelor,2,None,0,Backend Engineer,5,12,68.4,853,Hire
RES-2025-1438,Sophia Chen,"TensorFlow, NLP, Kubernetes, Flask, PostgreSQL, Spark, Git, Python, PyTorch, GCP, SQL, OpenCV, AWS, Redis, Docker, React, C++, FastAPI",18,3.7,Bachelor,2,None,0,Data Scientist,6,9,58.5,152,Hire
RES-2025-1439,David Kim,"AWS, NLP, FastAPI, Kubernetes, C++, Docker, Python, TensorFlow, PyTorch, Redis, Git, Spark, OpenCV, Flask, React, PostgreSQL, GCP, SQL",18,0.7,Bachelor,2,1 Certified,1,Data Scientist,5,9,67.7,923,Hire
RES-2025-1440,Alex Johnson,"AWS, Flask",2,3.4,Master,2,1 Certified,1,Machine Learning Engineer,2,1,43.0,609,Reject
RES-2025-1441,Priya Sharma,"Flask, Spark, Git, Python, NLP, GCP, Docker",7,10.5,Diploma,1,1 Certified,1,Machine Learning Engineer,4,11,88.4,217,Hire
RES-2025-1442,Michael Brown,"SQL, Spark, FastAPI, Kubernetes",4,0.3,Master,2,None,0,Data Scientist,6,9,51.2,180,Hire
RES-2025-1443,Alex Johnson,"Redis, FastAPI, Kubernetes, Git, TensorFlow, PostgreSQL, C++",7,3.3,Bachelor,2,None,0,Machine Learning Engineer,3,9,30.1,756,Hire
RES-2025-1444,Michael Brown,"SQL, PostgreSQL, C++, OpenCV, TensorFlow, Python, AWS, Redis, React, Spark, Kubernetes, PyTorch",12,1.8,Bachelor,2,1 Certified,1,Cloud Architect,6,13,41.4,581,Hire
RES-2025-1445,Rahul Verma,"OpenCV, Kubernetes, C++, Redis",4,6.1,Bachelor,2,1 Certified,1,Data Scientist,4,11,83.4,646,Hire
RES-2025-1446,Priya Sharma,"Git, Flask, FastAPI, TensorFlow",4,0.6,Bachelor,2,None,0,NLP Engineer,4,1,68.1,309,Reject
RES-2025-1447,Anita Roy,"Python, SQL, AWS, Git",4,3.5,Bachelor,2,2 Certified,2,Cloud Architect,0,4,69.7,814,Hire
RES-2025-1448,Alex Johnson,"Git, NLP",2,5.5,Bachelor,2,None,0,Cloud Architect,2,1,52.9,377,Reject
RES-2025-1449,Michael Brown,"TensorFlow, GCP, React, C++",4,8.7,Master,2,1 Certified,1,Backend Engineer,6,7,83.8,428,Hire
RES-2025-1450,David Kim,"GCP, PostgreSQL",2,3.4,Bachelor,2,None,0,Cloud Architect,3,7,39.9,352,Reject
RES-2025-1451,Sophia Chen,"C++, FastAPI, GCP, Git, Redis, PostgreSQL, AWS",7,2.1,Bachelor,2,1 Certified,1,Backend Engineer,2,10,50.2,646,Reject
RES-2025-1452,David Kim,"PyTorch, AWS",2,2.9,Bachelor,2,1 Certified,1,Backend Engineer,1,7,66.6,281,Hire
RES-2025-1453,Michael Brown,"GCP, Spark, SQL, Docker",4,6.1,Master,2,None,0,Full Stack Developer,4,11,83.4,752,Hire
RES-2025-1454,Sophia Chen,"FastAPI, PostgreSQL, C++, AWS",4,2.5,Bachelor,2,2 Certified,2,NLP Engineer,4,3,54.2,949,Hire
RES-2025-1455,Rahul Verma,"AWS, Redis",2,0.1,Bachelor,2,1 Certified,1,Data Scientist,4,14,46.1,485,Hire
RES-2025-1456,Sophia Chen,"TensorFlow, Flask, Redis, OpenCV, Python, Spark, C++, PyTorch, PostgreSQL, Git, React, SQL, GCP, Docker, AWS, NLP, FastAPI, Kubernetes",18,8.0,Master,2,1 Certified,1,Machine Learning Engineer,6,5,77.5,727,Hire
RES-2025-1457,Rahul Verma,"OpenCV, Redis",2,3.5,Master,2,1 Certified,1,Backend Engineer,5,14,65.3,285,Hire
RES-2025-1458,Michael Brown,"C++, Git, SQL, React, FastAPI, Kubernetes, GCP",7,3.4,Bachelor,2,3 Certified,3,Data Scientist,4,12,72.2,206,Hire
RES-2025-1459,Sophia Chen,"NLP, Python, PostgreSQL, OpenCV",4,0.7,Bachelor,2,3 Certified,3,Machine Learning Engineer,4,5,66.3,785,Hire
RES-2025-1460,Alex Johnson,"React, C++, Flask, GCP, Python, PyTorch, NLP",7,3.2,Bachelor,2,None,0,Machine Learning Engineer,3,10,56.6,252,Reject
RES-2025-1461,Michael Brown,"PostgreSQL, Flask, Git, Spark, GCP, Python, Redis",7,1.5,Bachelor,2,3 Certified,3,NLP Engineer,2,2,76.2,475,Hire
RES-2025-1462,Priya Sharma,"PostgreSQL, Kubernetes, C++, PyTorch, Python, Spark, NLP",7,3.2,Bachelor,2,None,0,Backend Engineer,0,8,94.4,508,Hire
RES-2025-1463,Michael Brown,"SQL, PyTorch",2,0.3,Bachelor,2,None,0,Full Stack Developer,5,14,67.9,889,Hire
RES-2025-1464,Sophia Chen,"OpenCV, FastAPI, GCP, Python, Docker, Flask, React",7,3.2,Bachelor,2,None,0,Data Scientist,2,14,59.2,713,Hire
RES-2025-1465,Rahul Verma,"Python, GCP, Spark, PostgreSQL, TensorFlow, C++, Docker",7,15.0,Bachelor,2,None,0,Machine Learning Engineer,5,14,60.6,479,Hire
RES-2025-1466,Priya Sharma,"PyTorch, React, TensorFlow, NLP, Redis, Docker, Kubernetes, PostgreSQL, AWS, SQL, FastAPI, Spark",12,0.1,Bachelor,2,None,0,Data Scientist,0,10,82.9,721,Hire
RES-2025-1467,Alex Johnson,"FastAPI, TensorFlow, Docker, SQL",4,11.3,Master,2,1 Certified,1,Data Scientist,5,13,70.2,835,Hire
RES-2025-1468,Priya Sharma,"PyTorch, PostgreSQL, Redis, Python, GCP, Flask, Spark, Git, Docker, React, C++, TensorFlow, OpenCV, AWS, SQL, NLP, Kubernetes, FastAPI",18,1.6,Bachelor,2,2 Certified,2,Machine Learning Engineer,5,4,68.3,553,Hire
RES-2025-1469,Alex Johnson,"React, C++, AWS, Kubernetes",4,6.1,PhD,3,2 Certified,2,Cloud Architect,3,9,65.1,305,Hire
RES-2025-1470,David Kim,"Kubernetes, TensorFlow, C++, Flask, React, OpenCV, Spark",7,4.6,Bachelor,2,2 Certified,2,Cloud Architect,1,6,76.9,285,Hire
RES-2025-1471,Sophia Chen,"GCP, Git, AWS, Spark, Python, PostgreSQL, C++",7,2.5,Master,2,2 Certified,2,NLP Engineer,3,1,62.9,769,Hire
RES-2025-1472,Alex Johnson,"PyTorch, Docker, TensorFlow, AWS, Spark, React, C++",7,4.0,Bachelor,2,4 Certified,4,Backend Engineer,0,2,43.0,298,Hire
RES-2025-1473,Michael Brown,"Kubernetes, AWS",2,6.3,Bachelor,2,1 Certified,1,Data Scientist,1,13,56.0,340,Hire
RES-2025-1474,Priya Sharma,"C++, PyTorch, Git, NLP, FastAPI, Kubernetes, Spark",7,1.6,PhD,3,None,0,Data Scientist,1,10,88.8,844,Hire
RES-2025-1475,Anita Roy,"React, AWS, Git, NLP, FastAPI, Spark, Python, Redis, TensorFlow, Docker, PyTorch, Kubernetes, C++, PostgreSQL, OpenCV, Flask, SQL, GCP",18,1.2,Master,2,1 Certified,1,NLP Engineer,6,8,82.3,567,Hire
RES-2025-1476,Michael Brown,"Kubernetes, C++, Python, SQL",4,3.3,Bachelor,2,None,0,Cloud Architect,3,2,78.1,458,Hire
RES-2025-1477,Emily Davis,"FastAPI, GCP, Python, Docker, OpenCV, AWS, Spark",7,4.9,Diploma,1,3 Certified,3,Machine Learning Engineer,3,4,32.7,555,Hire
RES-2025-1478,Alex Johnson,"Flask, Redis, TensorFlow, Kubernetes",4,4.3,Bachelor,2,None,0,Machine Learning Engineer,4,9,68.2,161,Hire
RES-2025-1479,Alex Johnson,"SQL, PyTorch, NLP, Kubernetes, Python, TensorFlow, FastAPI",7,4.8,Bachelor,2,1 Certified,1,Data Scientist,1,12,43.0,621,Hire
RES-2025-1480,Anita Roy,"React, NLP, Docker, Git, Kubernetes, TensorFlow, OpenCV",7,1.7,Diploma,1,1 Certified,1,Full Stack Developer,3,1,38.6,624,Hire
RES-2025-1481,Anita Roy,"Kubernetes, AWS, Redis, FastAPI, Git, TensorFlow, Python, SQL, Flask, PostgreSQL, Spark, GCP, C++, OpenCV, PyTorch, NLP, React, Docker",18,5.1,Bachelor,2,1 Certified,1,Machine Learning Engineer,5,9,68.7,506,Hire
RES-2025-1482,Sophia Chen,"Git, Kubernetes, C++, OpenCV",4,0.4,Bachelor,2,None,0,Cloud Architect,2,3,38.0,781,Reject
RES-2025-1483,Emily Davis,"C++, Python, NLP, FastAPI, OpenCV, PyTorch, Spark",7,2.4,Master,2,None,0,NLP Engineer,0,8,30.7,609,Reject
RES-2025-1484,David Kim,"C++, Python, Flask, Docker, SQL, FastAPI, PyTorch, Spark, AWS, Kubernetes, Redis, NLP",12,0.0,Bachelor,2,None,0,Machine Learning Engineer,0,8,45.0,893,Hire
RES-2025-1485,Priya Sharma,"Docker, Kubernetes, Spark, Python, SQL, AWS, NLP",7,1.2,Bachelor,2,None,0,Backend Engineer,2,5,34.9,401,Reject
RES-2025-1486,Rahul Verma,"AWS, PyTorch, C++, Flask, React, Spark, SQL",7,1.4,Bachelor,2,1 Certified,1,Data Scientist,5,8,67.9,476,Hire
RES-2025-1487,Priya Sharma,"TensorFlow, Redis, C++, OpenCV, React, Flask, Spark",7,1.5,Bachelor,2,None,0,Data Scientist,3,2,66.0,349,Reject
RES-2025-1488,Anita Roy,"FastAPI, GCP, C++, AWS",4,3.6,PhD,3,None,0,NLP Engineer,0,13,42.1,398,Reject
RES-2025-1489,Anita Roy,"TensorFlow, AWS, NLP, Spark, Python, C++, Kubernetes, PyTorch, Git, FastAPI, Redis, GCP",12,1.5,Bachelor,2,1 Certified,1,Backend Engineer,1,4,85.3,297,Hire
RES-2025-1490,Anita Roy,"Flask, OpenCV, C++, FastAPI",4,1.8,Bachelor,2,None,0,Full Stack Developer,1,6,45.6,317,Reject
RES-2025-1491,Anita Roy,"SQL, AWS, FastAPI, NLP",4,0.8,Bachelor,2,None,0,Cloud Architect,1,4,76.9,496,Reject
RES-2025-1492,Alex Johnson,"SQL, Python",2,1.4,Bachelor,2,None,0,Machine Learning Engineer,0,7,70.1,383,Reject
RES-2025-1493,David Kim,"Git, Flask, OpenCV, Redis, NLP, Kubernetes, PyTorch",7,0.8,Bachelor,2,1 Certified,1,Full Stack Developer,0,13,73.7,489,Hire
RES-2025-1494,Priya Sharma,"AWS, Kubernetes, Flask, GCP",4,0.2,Bachelor,2,3 Certified,3,NLP Engineer,2,7,66.9,773,Hire
RES-2025-1495,Sophia Chen,"NLP, Docker, Python, PostgreSQL, React, OpenCV, Flask",7,2.8,PhD,3,None,0,Backend Engineer,1,13,79.3,790,Hire
RES-2025-1496,David Kim,"PostgreSQL, GCP, Redis, NLP, Docker, Spark, PyTorch, OpenCV, AWS, Python, Kubernetes, C++, TensorFlow, FastAPI, Git, React, Flask, SQL",18,3.3,Bachelor,2,None,0,NLP Engineer,6,1,51.8,470,Hire
RES-2025-1497,Rahul Verma,"Git, TensorFlow",2,2.9,Master,2,None,0,NLP Engineer,6,12,49.3,204,Hire
RES-2025-1498,Anita Roy,"Spark, PostgreSQL, React, AWS",4,1.9,Bachelor,2,1 Certified,1,Backend Engineer,2,10,90.2,590,Hire
RES-2025-1499,Alex Johnson,"NLP, C++, OpenCV, Redis, AWS, Kubernetes, SQL, GCP, PostgreSQL, Flask, Git, React",12,1.4,Diploma,1,1 Certified,1,Data Scientist,2,10,61.6,750,Hire
RES-2025-1500,Sophia Chen,"PostgreSQL, AWS, TensorFlow, Flask, Git, React, Redis, OpenCV, Python, SQL, C++, Spark, FastAPI, GCP, PyTorch, Kubernetes, Docker, NLP",18,6.0,Bachelor,2,None,0,Cloud Architect,1,10,46.7,540,Hire
RES-2025-1501,Priya Sharma,"FastAPI, TensorFlow, Docker, SQL",4,2.2,Bachelor,2,1 Certified,1,Data Scientist,1,5,31.1,866,Hire
RES-2025-1502,Anita Roy,"SQL, Flask, OpenCV, Spark, Git, AWS, React",7,2.0,Master,2,3 Certified,3,Data Scientist,1,14,87.8,802,Hire
RES-2025-1503,Michael Brown,"Redis, PostgreSQL, TensorFlow, Spark, AWS, C++, GCP, React, FastAPI, Git, Docker, NLP",12,0.1,Bachelor,2,1 Certified,1,NLP Engineer,0,6,72.7,447,Hire
RES-2025-1504,Alex Johnson,"TensorFlow, OpenCV, AWS, Git",4,1.3,Bachelor,2,1 Certified,1,NLP Engineer,5,10,69.0,427,Hire
RES-2025-1505,Emily Davis,"GCP, AWS, C++, Docker, Kubernetes, Redis, FastAPI",7,1.4,PhD,3,2 Certified,2,NLP Engineer,1,4,55.7,272,Hire
RES-2025-1506,Alex Johnson,"Flask, Spark, TensorFlow, OpenCV, GCP, PostgreSQL, Python",7,1.5,Diploma,1,None,0,Data Scientist,5,8,74.5,566,Reject
RES-2025-1507,Emily Davis,"Redis, C++, Kubernetes, SQL, FastAPI, Spark, GCP",7,2.6,Master,2,None,0,Backend Engineer,2,8,58.0,155,Hire
RES-2025-1508,Michael Brown,"Kubernetes, Redis, Spark, C++, AWS, TensorFlow, Flask",7,2.3,Bachelor,2,None,0,NLP Engineer,3,6,46.6,259,Hire
RES-2025-1509,Rahul Verma,"AWS, TensorFlow, PostgreSQL, GCP, Flask, Python, Redis, Docker, Kubernetes, FastAPI, OpenCV, Spark",12,2.8,PhD,3,None,0,Backend Engineer,6,6,83.3,192,Hire
RES-2025-1510,Anita Roy,"NLP, Spark",2,4.3,Bachelor,2,3 Certified,3,Data Scientist,6,5,40.0,367,Hire
RES-2025-1511,Michael Brown,"PyTorch, Kubernetes",2,5.0,Master,2,1 Certified,1,Cloud Architect,4,4,32.0,773,Reject
RES-2025-1512,Rahul Verma,"OpenCV, AWS, Python, Git, C++, FastAPI, Kubernetes, PyTorch, GCP, NLP, Redis, Spark",12,3.8,Master,2,2 Certified,2,Full Stack Developer,3,3,84.6,494,Reject
RES-2025-1513,Rahul Verma,"React, C++",2,9.3,Bachelor,2,1 Certified,1,Data Scientist,2,1,60.2,512,Hire
RES-2025-1514,Michael Brown,"PostgreSQL, Git, Python, Redis, SQL, NLP, Kubernetes, React, Docker, Flask, FastAPI, TensorFlow",12,0.1,Bachelor,2,1 Certified,1,Full Stack Developer,0,3,72.8,592,Hire
RES-2025-1515,Rahul Verma,"PyTorch, NLP, TensorFlow, SQL",4,0.7,Master,2,1 Certified,1,Backend Engineer,2,9,48.2,167,Hire
RES-2025-1516,Rahul Verma,"NLP, Docker, GCP, Kubernetes",4,0.0,Bachelor,2,None,0,NLP Engineer,3,6,69.6,266,Reject
RES-2025-1517,Priya Sharma,"Spark, AWS, SQL, Docker, Python, Redis, C++",7,3.1,Master,2,None,0,Full Stack Developer,2,13,71.7,555,Hire
RES-2025-1518,Rahul Verma,"Spark, SQL",2,6.8,Bachelor,2,2 Certified,2,Backend Engineer,3,1,77.9,519,Hire
RES-2025-1519,Michael Brown,"AWS, SQL, GCP, OpenCV, Spark, NLP, Flask, FastAPI, Docker, PyTorch, C++, Kubernetes",12,0.8,Bachelor,2,None,0,Backend Engineer,6,10,43.9,807,Hire
RES-2025-1520,Priya Sharma,"Redis, TensorFlow, GCP, AWS",4,7.9,Bachelor,2,None,0,Backend Engineer,3,14,53.5,498,Hire
RES-2025-1521,Michael Brown,"Python, Spark, Flask, Docker, TensorFlow, NLP, React",7,0.2,Bachelor,2,1 Certified,1,Machine Learning Engineer,3,10,62.7,743,Hire
RES-2025-1522,David Kim,"NLP, PostgreSQL, PyTorch, Python, React, C++, OpenCV, SQL, Flask, AWS, FastAPI, GCP, Kubernetes, Git, TensorFlow, Redis, Docker, Spark",18,8.2,Master,2,None,0,NLP Engineer,3,8,50.4,357,Hire
RES-2025-1523,Priya Sharma,"FastAPI, PyTorch, GCP, React, Docker, NLP, AWS, Redis, SQL, Kubernetes, Git, Spark, Flask, Python, TensorFlow, PostgreSQL, OpenCV, C++",18,1.3,Bachelor,2,1 Certified,1,Full Stack Developer,2,9,63.3,570,Hire
RES-2025-1524,Alex Johnson,"Python, PostgreSQL, C++, PyTorch, TensorFlow, Docker, Git, OpenCV, GCP, Spark, React, SQL",12,0.3,Master,2,1 Certified,1,Cloud Architect,6,6,78.0,710,Hire
RES-2025-1525,Priya Sharma,"FastAPI, Redis, C++, Spark",4,2.0,Bachelor,2,2 Certified,2,Full Stack Developer,6,3,83.0,177,Hire
RES-2025-1526,Anita Roy,"C++, FastAPI",2,0.9,Master,2,2 Certified,2,Full Stack Developer,0,14,37.7,615,Reject
RES-2025-1527,Sophia Chen,"Flask, FastAPI, C++, AWS, Git, Docker, PostgreSQL",7,1.0,Bachelor,2,2 Certified,2,Cloud Architect,6,7,73.0,772,Hire
RES-2025-1528,Alex Johnson,"Kubernetes, PyTorch, Spark, NLP",4,1.1,Bachelor,2,1 Certified,1,NLP Engineer,6,9,80.9,380,Reject
RES-2025-1529,Sophia Chen,"GCP, Python, PostgreSQL, NLP",4,4.9,Bachelor,2,None,0,Backend Engineer,6,13,72.8,373,Hire
RES-2025-1530,Emily Davis,"PyTorch, Kubernetes, GCP, Redis",4,2.3,Master,2,None,0,Cloud Architect,0,9,61.1,767,Reject
RES-2025-1531,Sophia Chen,"AWS, FastAPI, PyTorch, Flask, SQL, Redis, C++",7,1.1,Bachelor,2,4 Certified,4,Data Scientist,0,5,87.7,202,Hire
RES-2025-1532,Priya Sharma,"NLP, Kubernetes, PyTorch, Docker, OpenCV, AWS, FastAPI, PostgreSQL, SQL, Spark, Redis, Git",12,2.8,Diploma,1,1 Certified,1,NLP Engineer,4,8,65.0,295,Hire
RES-2025-1533,Rahul Verma,"AWS, React, Spark, FastAPI, Flask, PostgreSQL, OpenCV, NLP, Git, C++, Python, Redis",12,3.8,PhD,3,2 Certified,2,NLP Engineer,5,14,57.8,455,Hire
RES-2025-1534,Priya Sharma,"Flask, Kubernetes, PostgreSQL, Docker, C++, NLP, AWS",7,1.0,Bachelor,2,2 Certified,2,Data Scientist,4,8,53.8,873,Reject
RES-2025-1535,David Kim,"NLP, Docker, C++, AWS, PostgreSQL, React, Redis",7,1.6,Master,2,None,0,Machine Learning Engineer,2,9,53.9,872,Hire
RES-2025-1536,David Kim,"NLP, FastAPI, SQL, Flask, PyTorch, OpenCV, React, PostgreSQL, Spark, AWS, Kubernetes, Redis, C++, TensorFlow, Git, GCP, Docker, Python",18,0.4,Diploma,1,1 Certified,1,Backend Engineer,2,5,81.7,632,Hire
RES-2025-1537,Michael Brown,"Docker, React, Redis, AWS",4,0.6,Bachelor,2,None,0,Cloud Architect,3,5,78.1,774,Hire
RES-2025-1538,Priya Sharma,"Kubernetes, Python, SQL, GCP, TensorFlow, PyTorch, AWS",7,3.4,Bachelor,2,1 Certified,1,Full Stack Developer,0,11,84.2,443,Hire
RES-2025-1539,Priya Sharma,"Git, AWS, PostgreSQL, OpenCV",4,0.6,Bachelor,2,None,0,Full Stack Developer,2,14,66.6,860,Hire
RES-2025-1540,Anita Roy,"Flask, FastAPI, C++, Redis",4,2.2,Bachelor,2,4 Certified,4,Backend Engineer,6,1,82.8,584,Hire
RES-2025-1541,Emily Davis,"Python, C++, SQL, PyTorch, AWS, Docker, OpenCV, React, NLP, Git, GCP, Flask, PostgreSQL, Redis, Kubernetes, Spark, TensorFlow, FastAPI",18,3.7,Diploma,1,4 Certified,4,Cloud Architect,3,4,48.1,182,Hire
RES-2025-1542,David Kim,"NLP, AWS",2,0.3,Bachelor,2,1 Certified,1,Machine Learning Engineer,1,12,58.5,583,Hire
RES-2025-1543,Michael Brown,"Python, Docker, PostgreSQL, Spark, NLP, Git, PyTorch",7,2.5,Bachelor,2,1 Certified,1,Data Scientist,6,7,37.8,450,Hire
RES-2025-1544,David Kim,"React, TensorFlow, GCP, Flask",4,0.9,Master,2,3 Certified,3,NLP Engineer,2,3,86.5,535,Hire
RES-2025-1545,Priya Sharma,"NLP, PostgreSQL, Flask, OpenCV, Docker, PyTorch, Git",7,9.9,Bachelor,2,2 Certified,2,Cloud Architect,5,7,88.1,798,Hire
RES-2025-1546,David Kim,"PostgreSQL, GCP, C++, Spark, Flask, FastAPI, PyTorch",7,2.0,Bachelor,2,None,0,Backend Engineer,6,13,89.8,710,Hire
RES-2025-1547,David Kim,"Kubernetes, FastAPI, TensorFlow, React, GCP, Docker, Flask, Spark, Redis, AWS, OpenCV, C++",12,4.9,Bachelor,2,1 Certified,1,Full Stack Developer,1,10,30.1,630,Hire
RES-2025-1548,Sophia Chen,"React, AWS",2,2.4,Bachelor,2,2 Certified,2,Machine Learning Engineer,2,11,61.3,744,Hire
RES-2025-1549,David Kim,"Docker, AWS, GCP, Redis",4,0.1,Bachelor,2,1 Certified,1,Data Scientist,1,2,38.7,854,Hire
RES-2025-1550,Alex Johnson,"Git, NLP, GCP, Redis, Kubernetes, OpenCV, C++",7,3.0,Diploma,1,None,0,Cloud Architect,4,13,54.3,202,Hire
RES-2025-1551,Anita Roy,"TensorFlow, Git, OpenCV, Redis, PyTorch, SQL, Spark, React, Flask, Docker, PostgreSQL, AWS, GCP, NLP, Kubernetes, FastAPI, Python, C++",18,9.1,Bachelor,2,1 Certified,1,Full Stack Developer,3,2,32.9,837,Hire
RES-2025-1552,Emily Davis,"Flask, Kubernetes, GCP, Spark, Python, OpenCV, Redis",7,2.8,Bachelor,2,2 Certified,2,Backend Engineer,6,7,83.4,822,Hire
RES-2025-1553,Priya Sharma,"AWS, SQL, OpenCV, Python",4,5.1,Bachelor,2,None,0,Backend Engineer,0,3,92.3,592,Reject
RES-2025-1554,Emily Davis,"Python, Kubernetes, Flask, TensorFlow, PostgreSQL, React, PyTorch, C++, Spark, GCP, FastAPI, Docker, OpenCV, SQL, NLP, Git, Redis, AWS",18,6.5,Bachelor,2,2 Certified,2,Full Stack Developer,1,1,36.2,561,Hire
RES-2025-1555,Sophia Chen,"Redis, Flask, FastAPI, TensorFlow",4,0.8,Master,2,None,0,Machine Learning Engineer,2,4,86.5,751,Hire
RES-2025-1556,David Kim,"C++, Flask",2,0.7,Bachelor,2,None,0,Cloud Architect,5,10,79.2,227,Hire
RES-2025-1557,Sophia Chen,"Git, OpenCV, NLP, FastAPI",4,2.8,Bachelor,2,None,0,Backend Engineer,2,3,63.6,269,Reject
RES-2025-1558,David Kim,"AWS, Kubernetes, Spark, Redis",4,1.6,Bachelor,2,None,0,Data Scientist,1,9,56.0,941,Reject
RES-2025-1559,Anita Roy,"Python, SQL, AWS, Git, PostgreSQL, OpenCV, C++",7,5.5,Bachelor,2,None,0,Machine Learning Engineer,5,13,67.9,515,Hire
RES-2025-1560,Anita Roy,"PostgreSQL, NLP, AWS, Kubernetes, Git, FastAPI, GCP",7,6.9,Bachelor,2,None,0,NLP Engineer,6,4,53.2,942,Hire
RES-2025-1561,David Kim,"C++, React, Kubernetes, Git, Spark, PyTorch, Flask, NLP, OpenCV, TensorFlow, SQL, GCP, FastAPI, Redis, Python, AWS, PostgreSQL, Docker",18,1.3,Bachelor,2,None,0,Data Scientist,1,4,56.3,745,Hire
RES-2025-1562,David Kim,"GCP, AWS, C++, OpenCV",4,0.8,Master,2,1 Certified,1,Data Scientist,1,9,67.7,855,Reject
RES-2025-1563,Michael Brown,"FastAPI, Kubernetes",2,4.5,Master,2,None,0,Backend Engineer,5,13,94.3,655,Hire
RES-2025-1564,David Kim,"Kubernetes, PostgreSQL, TensorFlow, Redis",4,1.0,Bachelor,2,2 Certified,2,Cloud Architect,3,4,78.4,710,Reject
RES-2025-1565,Emily Davis,"Git, Spark, Kubernetes, AWS",4,5.2,Master,2,None,0,Full Stack Developer,0,7,81.0,552,Hire
RES-2025-1566,David Kim,"PostgreSQL, NLP, TensorFlow, OpenCV",4,1.7,Diploma,1,2 Certified,2,Cloud Architect,4,2,36.6,950,Reject
RES-2025-1567,Sophia Chen,"TensorFlow, Python, NLP, Redis, PostgreSQL, C++, Docker",7,3.3,Bachelor,2,None,0,NLP Engineer,5,3,80.4,941,Hire
RES-2025-1568,Priya Sharma,"Spark, PostgreSQL, Python, AWS",4,0.3,Master,2,None,0,Data Scientist,4,4,37.7,275,Reject
RES-2025-1569,Michael Brown,"Git, GCP, C++, TensorFlow, SQL, Kubernetes, Flask, Redis, FastAPI, PostgreSQL, OpenCV, NLP",12,2.9,Master,2,None,0,NLP Engineer,1,14,42.4,261,Hire
RES-2025-1570,Rahul Verma,"C++, AWS",2,1.8,Bachelor,2,1 Certified,1,Cloud Architect,0,3,71.7,869,Reject
RES-2025-1571,Rahul Verma,"TensorFlow, Spark, GCP, Kubernetes, Python, OpenCV, PostgreSQL",7,2.7,Master,2,None,0,Data Scientist,1,10,37.2,257,Reject
RES-2025-1572,Priya Sharma,"Python, Docker, C++, PostgreSQL",4,0.6,Master,2,1 Certified,1,Data Scientist,5,10,32.2,922,Hire
RES-2025-1573,Sophia Chen,"AWS, OpenCV, PostgreSQL, GCP",4,4.0,Bachelor,2,2 Certified,2,Cloud Architect,6,4,92.2,430,Hire
RES-2025-1574,Priya Sharma,"FastAPI, AWS, TensorFlow, React",4,6.0,Diploma,1,None,0,NLP Engineer,3,10,44.1,225,Reject
RES-2025-1575,Priya Sharma,"Python, Git",2,0.7,Bachelor,2,2 Certified,2,Cloud Architect,5,2,80.2,198,Reject
RES-2025-1576,David Kim,"PyTorch, Flask, Spark, PostgreSQL, OpenCV, FastAPI, GCP, AWS, Python, C++, Git, Kubernetes, TensorFlow, React, NLP, Docker, Redis, SQL",18,0.3,Bachelor,2,None,0,Backend Engineer,0,4,50.8,226,Hire
RES-2025-1577,Anita Roy,"Docker, PostgreSQL, FastAPI, Redis, AWS, OpenCV, Python",7,0.1,Diploma,1,2 Certified,2,Machine Learning Engineer,6,12,87.4,657,Hire
RES-2025-1578,David Kim,"Docker, Git, Python, TensorFlow, Flask, NLP, Kubernetes, PostgreSQL, GCP, AWS, PyTorch, Redis",12,3.1,Diploma,1,None,0,Full Stack Developer,3,14,71.1,474,Hire
RES-2025-1579,Anita Roy,"TensorFlow, OpenCV, Spark, NLP, PostgreSQL, AWS, SQL, GCP, Redis, Flask, Git, PyTorch, C++, Python, Kubernetes, FastAPI, React, Docker",18,2.8,Master,2,1 Certified,1,Full Stack Developer,0,11,94.1,275,Hire
RES-2025-1580,Rahul Verma,"Flask, Docker, React, FastAPI",4,2.4,Master,2,None,0,Backend Engineer,0,6,44.2,202,Reject
RES-2025-1581,Michael Brown,"SQL, C++, TensorFlow, OpenCV, AWS, Flask, FastAPI, React, PostgreSQL, Kubernetes, Git, GCP, Spark, Docker, NLP, Python, Redis, PyTorch",18,0.8,Bachelor,2,None,0,Cloud Architect,6,2,90.7,627,Hire
RES-2025-1582,Rahul Verma,"React, Spark, C++, Git, Flask, AWS, GCP",7,1.5,PhD,3,1 Certified,1,Machine Learning Engineer,0,6,36.9,793,Reject
RES-2025-1583,Emily Davis,"React, C++, OpenCV, SQL, GCP, Redis, AWS",7,2.7,Bachelor,2,None,0,Backend Engineer,3,11,77.1,616,Hire
RES-2025-1584,Michael Brown,"React, C++",2,2.1,Bachelor,2,None,0,Machine Learning Engineer,3,1,73.1,234,Hire
RES-2025-1585,Rahul Verma,"NLP, Python",2,13.2,PhD,3,None,0,Cloud Architect,3,14,41.7,191,Hire
RES-2025-1586,Anita Roy,"Docker, Python, Redis, Kubernetes, Spark, OpenCV, C++, AWS, Git, PostgreSQL, Flask, React",12,0.4,Master,2,1 Certified,1,Full Stack Developer,1,1,60.7,322,Hire
RES-2025-1587,Priya Sharma,"SQL, Flask",2,3.6,Bachelor,2,1 Certified,1,Backend Engineer,1,9,40.1,163,Hire
RES-2025-1588,Anita Roy,"Flask, Redis, OpenCV, SQL",4,1.6,PhD,3,1 Certified,1,Data Scientist,0,1,47.7,189,Reject
RES-2025-1589,Rahul Verma,"Docker, NLP, React, GCP, C++, PyTorch, PostgreSQL",7,1.7,Bachelor,2,None,0,Cloud Architect,0,14,85.4,942,Hire
RES-2025-1590,Emily Davis,"GCP, Flask, SQL, C++, Kubernetes, AWS, Git, TensorFlow, Python, OpenCV, Redis, React, PostgreSQL, Spark, Docker, NLP, FastAPI, PyTorch",18,3.8,Bachelor,2,None,0,Full Stack Developer,0,14,34.7,457,Hire
RES-2025-1591,Rahul Verma,"Kubernetes, NLP, Git, PyTorch, PostgreSQL, SQL, TensorFlow, AWS, GCP, Flask, FastAPI, Docker, Redis, OpenCV, C++, Spark, Python, React",18,3.5,Bachelor,2,1 Certified,1,Cloud Architect,4,10,44.5,544,Hire
RES-2025-1592,Emily Davis,"FastAPI, Python, NLP, PostgreSQL, AWS, Git, PyTorch",7,14.2,Bachelor,2,None,0,Cloud Architect,4,12,88.8,605,Hire
RES-2025-1593,Sophia Chen,"C++, Python, Kubernetes, Spark, SQL, AWS, GCP, React, NLP, PostgreSQL, Flask, FastAPI",12,0.4,Master,2,1 Certified,1,Data Scientist,1,10,88.2,150,Hire
RES-2025-1594,Michael Brown,"PyTorch, Git, React, GCP, TensorFlow, AWS, Redis",7,0.3,Master,2,1 Certified,1,NLP Engineer,0,12,33.2,489,Hire
RES-2025-1595,Sophia Chen,"AWS, React, GCP, PostgreSQL",4,3.9,Diploma,1,None,0,Backend Engineer,3,7,36.1,378,Hire
RES-2025-1596,Priya Sharma,"FastAPI, PyTorch, Flask, SQL",4,2.6,Bachelor,2,None,0,Data Scientist,1,8,77.0,780,Hire
RES-2025-1597,Michael Brown,"Git, GCP, PostgreSQL, Spark",4,1.0,Master,2,None,0,Machine Learning Engineer,4,5,73.9,396,Reject
RES-2025-1598,Rahul Verma,"Git, Redis, Python, C++",4,0.2,Diploma,1,None,0,Cloud Architect,1,5,37.2,488,Reject
RES-2025-1599,Michael Brown,"Kubernetes, FastAPI, Redis, NLP, Flask, Git, Python",7,0.3,Bachelor,2,2 Certified,2,Full Stack Developer,6,7,31.0,434,Hire
RES-2025-1600,Anita Roy,"OpenCV, NLP",2,6.7,Bachelor,2,1 Certified,1,Data Scientist,5,10,48.9,335,Hire
RES-2025-1601,Priya Sharma,"FastAPI, Flask, C++, Docker",4,0.6,Diploma,1,None,0,Backend Engineer,4,7,55.5,856,Reject
RES-2025-1602,Priya Sharma,"Docker, PostgreSQL, Git, TensorFlow, Redis, GCP, C++",7,1.2,Diploma,1,None,0,NLP Engineer,4,13,41.5,272,Hire
RES-2025-1603,Sophia Chen,"C++, FastAPI, OpenCV, NLP, Spark, Python, PostgreSQL",7,0.8,Bachelor,2,None,0,Data Scientist,6,1,93.1,274,Hire
RES-2025-1604,David Kim,"Git, React, Python, TensorFlow, GCP, PostgreSQL, OpenCV",7,1.3,Diploma,1,1 Certified,1,Machine Learning Engineer,4,4,71.8,366,Hire
RES-2025-1605,Sophia Chen,"PostgreSQL, TensorFlow, PyTorch, Python, GCP, Kubernetes, Spark",7,0.2,Bachelor,2,1 Certified,1,Data Scientist,3,2,54.5,338,Reject
RES-2025-1606,Michael Brown,"AWS, PostgreSQL, TensorFlow, FastAPI, React, SQL, C++, Git, Flask, Python, NLP, Kubernetes",12,2.2,PhD,3,2 Certified,2,Backend Engineer,1,1,48.6,948,Hire
RES-2025-1607,Sophia Chen,"NLP, TensorFlow",2,0.2,PhD,3,1 Certified,1,NLP Engineer,3,13,64.7,227,Hire
RES-2025-1608,Michael Brown,"Git, NLP, GCP, Python",4,4.8,Master,2,None,0,Data Scientist,6,6,42.7,779,Hire
RES-2025-1609,Priya Sharma,"GCP, PostgreSQL, Spark, OpenCV, React, FastAPI, SQL, Python, Redis, TensorFlow, NLP, Git, Docker, Kubernetes, PyTorch, Flask, AWS, C++",18,0.8,Master,2,1 Certified,1,NLP Engineer,4,1,56.4,225,Hire
RES-2025-1610,Alex Johnson,"NLP, TensorFlow, Docker, OpenCV",4,2.3,Bachelor,2,1 Certified,1,NLP Engineer,0,7,70.9,639,Hire
RES-2025-1611,Sophia Chen,"Flask, FastAPI, OpenCV, Kubernetes",4,6.4,Bachelor,2,1 Certified,1,Full Stack Developer,1,2,86.5,537,Hire
RES-2025-1612,Rahul Verma,"React, Spark, NLP, GCP, PostgreSQL, PyTorch, C++",7,3.2,Bachelor,2,None,0,Data Scientist,1,1,32.6,914,Hire
RES-2025-1613,Emily Davis,"NLP, Flask, FastAPI, React, GCP, PyTorch, Docker, TensorFlow, Redis, OpenCV, SQL, Git",12,2.3,Bachelor,2,1 Certified,1,NLP Engineer,3,10,43.6,640,Hire
RES-2025-1614,Rahul Verma,"FastAPI, OpenCV",2,1.2,Master,2,1 Certified,1,Data Scientist,4,2,87.4,499,Reject
RES-2025-1615,David Kim,"Docker, AWS",2,1.2,Bachelor,2,None,0,NLP Engineer,6,6,40.6,588,Hire
RES-2025-1616,David Kim,"NLP, React, TensorFlow, C++, PostgreSQL, FastAPI, Spark",7,3.3,PhD,3,None,0,Data Scientist,1,13,89.1,650,Hire
RES-2025-1617,Emily Davis,"Kubernetes, C++, PostgreSQL, OpenCV, Flask, AWS, NLP",7,15.0,Bachelor,2,1 Certified,1,Backend Engineer,1,5,82.9,741,Hire
RES-2025-1618,Emily Davis,"Python, Git, Spark, Kubernetes, TensorFlow, SQL, FastAPI, OpenCV, Redis, PostgreSQL, GCP, AWS",12,3.3,Bachelor,2,3 Certified,3,Machine Learning Engineer,1,14,73.7,581,Hire
RES-2025-1619,Anita Roy,"PostgreSQL, SQL, NLP, React, Redis, GCP, Python, Git, FastAPI, Docker, Flask, Spark",12,2.4,Master,2,2 Certified,2,Machine Learning Engineer,1,10,37.2,597,Hire
RES-2025-1620,Emily Davis,"SQL, Flask, OpenCV, Redis, NLP, Spark, AWS, Kubernetes, Python, GCP, FastAPI, Docker, C++, React, PostgreSQL, Git, PyTorch, TensorFlow",18,3.9,Master,2,None,0,Cloud Architect,0,8,31.6,385,Hire
RES-2025-1621,David Kim,"GCP, Flask",2,1.9,Master,2,None,0,Cloud Architect,5,3,75.1,731,Hire
RES-2025-1622,Rahul Verma,"C++, PostgreSQL, FastAPI, Redis",4,0.2,Master,2,None,0,Backend Engineer,3,11,44.3,293,Reject
RES-2025-1623,Michael Brown,"Docker, TensorFlow, Flask, GCP",4,2.5,Master,2,None,0,Machine Learning Engineer,5,11,63.7,665,Hire
RES-2025-1624,David Kim,"AWS, OpenCV, Redis, C++",4,9.5,Bachelor,2,2 Certified,2,Cloud Architect,4,7,31.5,671,Hire
RES-2025-1625,Michael Brown,"TensorFlow, OpenCV, C++, Python, Spark, SQL, Kubernetes",7,0.6,Bachelor,2,1 Certified,1,Data Scientist,3,10,38.7,725,Reject
RES-2025-1626,Michael Brown,"PyTorch, Docker, OpenCV, TensorFlow",4,3.5,Bachelor,2,None,0,Machine Learning Engineer,4,4,54.3,818,Reject
RES-2025-1627,Alex Johnson,"Kubernetes, Git",2,0.7,Bachelor,2,1 Certified,1,Full Stack Developer,5,12,88.1,807,Hire
RES-2025-1628,Alex Johnson,"Redis, FastAPI, PyTorch, Flask",4,2.3,Bachelor,2,None,0,Data Scientist,0,5,45.7,506,Reject
RES-2025-1629,Emily Davis,"OpenCV, Kubernetes",2,0.3,Bachelor,2,1 Certified,1,Machine Learning Engineer,2,9,72.0,638,Hire
RES-2025-1630,Emily Davis,"PyTorch, OpenCV, FastAPI, Git",4,1.8,Bachelor,2,None,0,NLP Engineer,4,6,54.8,608,Hire
RES-2025-1631,Anita Roy,"PyTorch, TensorFlow, FastAPI, Redis, NLP, C++, Kubernetes",7,4.2,Bachelor,2,3 Certified,3,Full Stack Developer,5,9,72.0,359,Hire
RES-2025-1632,Priya Sharma,"Docker, React, C++, OpenCV, PostgreSQL, AWS, GCP",7,1.3,Bachelor,2,1 Certified,1,NLP Engineer,6,14,55.0,514,Hire
RES-2025-1633,Sophia Chen,"SQL, Spark, TensorFlow, NLP, Redis, Python, React",7,3.3,Bachelor,2,None,0,Full Stack Developer,1,6,42.3,515,Hire
RES-2025-1634,Priya Sharma,"Spark, Kubernetes, GCP, React, TensorFlow, AWS, SQL",7,4.8,Bachelor,2,3 Certified,3,Backend Engineer,4,11,68.6,929,Hire
RES-2025-1635,Rahul Verma,"C++, Flask, Docker, NLP",4,7.9,Master,2,2 Certified,2,Data Scientist,4,1,34.3,488,Hire
RES-2025-1636,Rahul Verma,"Spark, PostgreSQL, OpenCV, Python, FastAPI, C++, Docker, GCP, TensorFlow, AWS, SQL, PyTorch, Redis, React, NLP, Flask, Git, Kubernetes",18,0.8,Bachelor,2,2 Certified,2,Backend Engineer,2,6,34.5,529,Hire
RES-2025-1637,Alex Johnson,"Flask, Redis, React, FastAPI",4,1.5,Bachelor,2,4 Certified,4,Machine Learning Engineer,6,9,60.4,345,Hire
RES-2025-1638,Alex Johnson,"PostgreSQL, Flask, Python, Kubernetes, NLP, C++, Docker",7,0.5,Bachelor,2,2 Certified,2,Backend Engineer,3,13,60.9,616,Hire
RES-2025-1639,Priya Sharma,"Redis, Git",2,14.7,Bachelor,2,None,0,Cloud Architect,3,11,62.8,549,Hire
RES-2025-1640,Alex Johnson,"TensorFlow, Flask",2,7.9,Diploma,1,2 Certified,2,Cloud Architect,6,5,39.2,452,Hire
RES-2025-1641,Anita Roy,"PyTorch, React, PostgreSQL, Spark",4,2.3,Master,2,1 Certified,1,NLP Engineer,0,13,70.2,878,Reject
RES-2025-1642,Priya Sharma,"PostgreSQL, Docker, C++, SQL, React, Git, OpenCV",7,5.5,Bachelor,2,None,0,NLP Engineer,3,5,32.6,774,Hire
RES-2025-1643,Michael Brown,"NLP, OpenCV, Git, C++, Flask, Python, GCP",7,2.2,Bachelor,2,None,0,Backend Engineer,6,14,48.3,291,Reject
RES-2025-1644,Michael Brown,"React, OpenCV, GCP, Git, Docker, FastAPI, TensorFlow",7,2.9,Bachelor,2,None,0,Machine Learning Engineer,6,5,45.9,788,Hire
RES-2025-1645,Anita Roy,"Git, PostgreSQL",2,0.3,Bachelor,2,1 Certified,1,Machine Learning Engineer,2,8,81.3,750,Hire
RES-2025-1646,Emily Davis,"Docker, PyTorch",2,4.2,Diploma,1,2 Certified,2,Backend Engineer,3,1,32.0,183,Hire
RES-2025-1647,Emily Davis,"OpenCV, AWS, GCP, PostgreSQL, SQL, Git, NLP",7,0.4,Master,2,3 Certified,3,Backend Engineer,1,6,48.8,662,Hire
RES-2025-1648,Emily Davis,"TensorFlow, SQL, Docker, Flask, Git, OpenCV, NLP",7,5.2,Bachelor,2,2 Certified,2,NLP Engineer,1,12,62.8,573,Reject
RES-2025-1649,Michael Brown,"NLP, Flask, Python, GCP, Docker, PyTorch, FastAPI, TensorFlow, OpenCV, Git, SQL, C++",12,4.6,Master,2,None,0,NLP Engineer,4,6,47.2,756,Hire
RES-2025-1650,Anita Roy,"Git, Python, PyTorch, C++, Redis, React, GCP",7,3.7,Bachelor,2,None,0,Full Stack Developer,3,11,33.2,461,Hire
RES-2025-1651,Michael Brown,"Kubernetes, TensorFlow, Python, AWS, C++, SQL, Flask, Docker, Redis, NLP, PyTorch, FastAPI",12,0.1,PhD,3,None,0,Machine Learning Engineer,5,12,77.2,390,Hire
RES-2025-1652,Michael Brown,"OpenCV, C++, FastAPI, Redis, Python, PyTorch, Spark, React, Kubernetes, Git, Docker, AWS",12,1.1,Bachelor,2,1 Certified,1,Cloud Architect,0,13,91.1,694,Hire
RES-2025-1653,David Kim,"NLP, Kubernetes, AWS, PyTorch, SQL, PostgreSQL, Git",7,0.9,Master,2,1 Certified,1,Machine Learning Engineer,4,12,45.0,418,Hire
RES-2025-1654,Anita Roy,"TensorFlow, NLP, Spark, OpenCV, FastAPI, AWS, Kubernetes",7,1.3,Diploma,1,2 Certified,2,Machine Learning Engineer,1,3,73.8,589,Hire
RES-2025-1655,Emily Davis,"Git, GCP, AWS, C++, NLP, Python, SQL, Docker, PyTorch, FastAPI, Redis, TensorFlow",12,0.3,Bachelor,2,3 Certified,3,Cloud Architect,6,12,45.9,777,Hire
RES-2025-1656,Sophia Chen,"Redis, Git, Flask, PyTorch, AWS, FastAPI, GCP",7,8.3,Master,2,None,0,NLP Engineer,4,4,60.8,567,Hire
RES-2025-1657,Emily Davis,"Docker, C++, PostgreSQL, OpenCV, NLP, React, PyTorch",7,2.4,Bachelor,2,1 Certified,1,Backend Engineer,5,9,65.3,371,Hire
RES-2025-1658,Sophia Chen,"Redis, React, Python, PyTorch, FastAPI, Kubernetes, OpenCV",7,1.1,Master,2,2 Certified,2,Backend Engineer,3,7,41.2,312,Hire
RES-2025-1659,Michael Brown,"Redis, FastAPI, Python, Git, React, Spark, Docker",7,1.5,Bachelor,2,None,0,NLP Engineer,6,6,41.0,713,Reject
RES-2025-1660,Alex Johnson,"NLP, Kubernetes, Docker, TensorFlow, SQL, Spark, Git",7,1.8,Bachelor,2,1 Certified,1,NLP Engineer,2,10,84.3,539,Hire
RES-2025-1661,Sophia Chen,"React, Python, Kubernetes, Redis, PyTorch, FastAPI, Flask, Spark, NLP, PostgreSQL, OpenCV, TensorFlow, Docker, C++, AWS, Git, GCP, SQL",18,2.8,Bachelor,2,3 Certified,3,Data Scientist,6,7,52.8,245,Hire
RES-2025-1662,Anita Roy,"Docker, Git",2,2.2,Bachelor,2,None,0,Cloud Architect,2,13,32.8,885,Reject
RES-2025-1663,Rahul Verma,"SQL, Redis, GCP, AWS",4,7.6,Master,2,1 Certified,1,Cloud Architect,3,1,70.7,807,Hire
RES-2025-1664,David Kim,"Python, Docker, Redis, React, TensorFlow, SQL, Kubernetes",7,2.1,Diploma,1,1 Certified,1,NLP Engineer,6,11,32.3,431,Hire
RES-2025-1665,Alex Johnson,"React, Flask, SQL, TensorFlow, Docker, Spark, OpenCV",7,14.5,Bachelor,2,2 Certified,2,Cloud Architect,4,1,55.0,192,Hire
RES-2025-1666,Anita Roy,"Python, Flask, AWS, C++, TensorFlow, OpenCV, Kubernetes",7,5.7,Master,2,None,0,Cloud Architect,6,10,59.3,394,Hire
RES-2025-1667,Rahul Verma,"Kubernetes, PostgreSQL, TensorFlow, C++, FastAPI, GCP, Flask, React, OpenCV, SQL, Git, AWS, Docker, Redis, Python, Spark, PyTorch, NLP",18,0.7,Master,2,None,0,Data Scientist,2,6,44.2,488,Hire
RES-2025-1668,Rahul Verma,"Spark, FastAPI, React, GCP",4,8.0,Master,2,None,0,Cloud Architect,6,5,62.9,453,Hire
RES-2025-1669,Sophia Chen,"React, Spark, SQL, Redis, OpenCV, NLP, Docker",7,0.4,Bachelor,2,None,0,Data Scientist,4,6,45.6,180,Reject
RES-2025-1670,Anita Roy,"Redis, PostgreSQL, Python, GCP, AWS, Git, Flask",7,5.1,Bachelor,2,2 Certified,2,Cloud Architect,3,13,82.3,724,Hire
RES-2025-1671,Rahul Verma,"Spark, Kubernetes, PyTorch, SQL",4,1.4,Diploma,1,2 Certified,2,Data Scientist,2,13,33.9,888,Hire
RES-2025-1672,David Kim,"C++, GCP, SQL, React, Spark, Python, FastAPI",7,6.3,Bachelor,2,None,0,Full Stack Developer,6,4,66.9,863,Hire
RES-2025-1673,Sophia Chen,"PostgreSQL, Flask, Kubernetes, Redis, FastAPI, C++, SQL, Spark, Python, Docker, Git, NLP, AWS, PyTorch, TensorFlow, React, GCP, OpenCV",18,6.1,Bachelor,2,1 Certified,1,Cloud Architect,5,11,30.3,501,Hire
RES-2025-1674,David Kim,"Docker, Git, OpenCV, SQL, FastAPI, PyTorch, TensorFlow, NLP, Redis, Flask, Spark, PostgreSQL, C++, Kubernetes, React, Python, AWS, GCP",18,4.9,Bachelor,2,None,0,Data Scientist,4,1,47.9,320,Hire
RES-2025-1675,David Kim,"AWS, Flask, Spark, PostgreSQL, Kubernetes, OpenCV, TensorFlow, GCP, SQL, PyTorch, Python, Redis, React, Docker, FastAPI, Git, NLP, C++",18,4.7,Bachelor,2,None,0,Machine Learning Engineer,2,11,79.2,191,Hire
RES-2025-1676,Priya Sharma,"Kubernetes, Docker, TensorFlow, NLP, FastAPI, Flask, SQL",7,1.1,Master,2,None,0,Cloud Architect,1,12,59.5,182,Reject
RES-2025-1677,Michael Brown,"SQL, Docker",2,0.3,Bachelor,2,None,0,NLP Engineer,2,7,36.2,293,Reject
RES-2025-1678,Emily Davis,"React, Spark, SQL, C++, OpenCV, Flask, PyTorch, TensorFlow, Redis, Python, GCP, NLP",12,1.5,Bachelor,2,4 Certified,4,Cloud Architect,3,7,40.4,753,Hire
RES-2025-1679,Alex Johnson,"NLP, TensorFlow, Spark, Docker, Python, C++, GCP",7,0.6,Master,2,1 Certified,1,Machine Learning Engineer,3,12,62.1,210,Hire
RES-2025-1680,Alex Johnson,"FastAPI, Flask, Redis, GCP, Kubernetes, React, C++, OpenCV, NLP, Docker, PyTorch, Git",12,3.6,PhD,3,None,0,Backend Engineer,6,13,64.5,719,Hire
RES-2025-1681,Alex Johnson,"React, TensorFlow, Git, Kubernetes",4,1.3,Bachelor,2,None,0,Full Stack Developer,6,4,56.0,525,Hire
RES-2025-1682,David Kim,"NLP, Docker, FastAPI, Flask, TensorFlow, PostgreSQL, SQL",7,11.1,Master,2,1 Certified,1,NLP Engineer,1,10,69.6,262,Hire
RES-2025-1683,Rahul Verma,"Git, AWS, OpenCV, GCP, PyTorch, Redis, React",7,3.1,Bachelor,2,None,0,NLP Engineer,4,6,44.6,236,Reject
RES-2025-1684,David Kim,"PostgreSQL, FastAPI, Docker, Kubernetes, GCP, PyTorch, SQL",7,5.2,Diploma,1,None,0,Full Stack Developer,0,11,90.8,769,Hire
RES-2025-1685,Emily Davis,"GCP, OpenCV, SQL, AWS, PyTorch, Redis, TensorFlow, Kubernetes, Git, Spark, Python, PostgreSQL",12,0.4,Bachelor,2,None,0,Full Stack Developer,1,3,36.4,713,Hire
RES-2025-1686,Priya Sharma,"GCP, OpenCV, FastAPI, Redis, C++, NLP, PyTorch, Python, SQL, TensorFlow, Spark, Docker",12,5.9,Diploma,1,1 Certified,1,Data Scientist,6,10,78.1,896,Hire
RES-2025-1687,Sophia Chen,"AWS, Kubernetes",2,7.7,Diploma,1,2 Certified,2,Backend Engineer,0,3,80.4,536,Hire
RES-2025-1688,Sophia Chen,"FastAPI, PyTorch, OpenCV, React, Flask, Kubernetes, SQL",7,2.0,Master,2,None,0,Data Scientist,4,7,59.4,556,Hire
RES-2025-1689,Alex Johnson,"OpenCV, AWS, Spark, Kubernetes",4,2.8,Bachelor,2,1 Certified,1,Data Scientist,5,2,64.9,890,Hire
RES-2025-1690,Michael Brown,"Docker, PyTorch, TensorFlow, GCP, FastAPI, AWS, Kubernetes",7,4.3,Bachelor,2,None,0,Machine Learning Engineer,6,13,50.4,399,Hire
RES-2025-1691,Michael Brown,"FastAPI, Git",2,0.6,Bachelor,2,None,0,Backend Engineer,4,11,65.5,520,Reject
RES-2025-1692,David Kim,"FastAPI, OpenCV",2,2.1,Bachelor,2,None,0,Cloud Architect,3,9,37.9,948,Reject
RES-2025-1693,Sophia Chen,"Python, NLP, TensorFlow, Kubernetes, React, Redis, Docker",7,1.5,Master,2,1 Certified,1,NLP Engineer,5,9,68.5,463,Hire
RES-2025-1694,Michael Brown,"PyTorch, FastAPI, Python, SQL, TensorFlow, Redis, Flask",7,0.5,Bachelor,2,None,0,Machine Learning Engineer,3,1,59.7,594,Hire
RES-2025-1695,Emily Davis,"Python, Kubernetes, Docker, TensorFlow, PostgreSQL, NLP, FastAPI, AWS, SQL, PyTorch, Redis, OpenCV",12,1.4,Bachelor,2,None,0,Data Scientist,6,11,49.8,415,Hire
RES-2025-1696,Michael Brown,"Flask, C++, React, SQL, OpenCV, PyTorch, Git",7,0.2,Bachelor,2,1 Certified,1,Machine Learning Engineer,1,8,59.0,850,Reject
RES-2025-1697,Michael Brown,"Spark, NLP, React, OpenCV, PyTorch, TensorFlow, PostgreSQL, GCP, Kubernetes, Redis, Docker, Python",12,0.1,Bachelor,2,1 Certified,1,NLP Engineer,0,4,65.4,687,Hire
RES-2025-1698,Rahul Verma,"PyTorch, SQL, Flask, Docker, Kubernetes, Spark, React, PostgreSQL, OpenCV, FastAPI, C++, TensorFlow",12,0.4,Master,2,3 Certified,3,Backend Engineer,3,7,43.3,373,Hire
RES-2025-1699,Priya Sharma,"GCP, Spark",2,9.9,Master,2,1 Certified,1,Backend Engineer,5,11,36.6,340,Hire
RES-2025-1700,Sophia Chen,"C++, Spark",2,2.4,Bachelor,2,3 Certified,3,Data Scientist,3,1,84.7,547,Hire
RES-2025-1701,Michael Brown,"PostgreSQL, Python, OpenCV, FastAPI, AWS, Spark, Docker",7,10.1,Diploma,1,None,0,Backend Engineer,3,11,69.2,806,Hire
RES-2025-1702,Sophia Chen,"TensorFlow, React, SQL, Redis, FastAPI, C++, GCP",7,1.7,PhD,3,1 Certified,1,Cloud Architect,5,3,61.4,209,Hire
RES-2025-1703,Sophia Chen,"PyTorch, AWS, FastAPI, OpenCV",4,1.1,Master,2,1 Certified,1,Full Stack Developer,0,2,65.3,324,Hire
RES-2025-1704,David Kim,"Docker, Redis, OpenCV, Python",4,2.1,Diploma,1,None,0,Cloud Architect,4,13,94.3,560,Hire
RES-2025-1705,Anita Roy,"GCP, Redis, AWS, Spark",4,1.7,Bachelor,2,3 Certified,3,Full Stack Developer,4,8,70.6,208,Hire
RES-2025-1706,David Kim,"Docker, FastAPI",2,0.3,Bachelor,2,2 Certified,2,Data Scientist,3,6,63.6,247,Hire
RES-2025-1707,Priya Sharma,"Python, Spark, TensorFlow, NLP, Docker, Kubernetes, C++, SQL, OpenCV, Redis, PyTorch, AWS, GCP, FastAPI, React, PostgreSQL, Git, Flask",18,3.1,Master,2,1 Certified,1,Backend Engineer,5,14,79.0,255,Hire
RES-2025-1708,Rahul Verma,"OpenCV, PostgreSQL, TensorFlow, PyTorch, Git, Docker, AWS",7,0.7,Master,2,2 Certified,2,Cloud Architect,4,10,33.5,693,Reject
RES-2025-1709,David Kim,"Docker, OpenCV, Python, NLP, PyTorch, Redis, GCP",7,2.9,Bachelor,2,2 Certified,2,Cloud Architect,1,2,55.3,857,Hire
RES-2025-1710,Priya Sharma,"NLP, TensorFlow, PostgreSQL, Git, Spark, AWS, SQL, Flask, GCP, Python, C++, Redis",12,3.2,Bachelor,2,2 Certified,2,Backend Engineer,3,11,40.6,515,Hire
RES-2025-1711,Emily Davis,"Kubernetes, Redis, NLP, SQL, React, OpenCV, Docker",7,0.5,Bachelor,2,3 Certified,3,Full Stack Developer,6,14,38.0,643,Hire
RES-2025-1712,Sophia Chen,"Flask, FastAPI, Kubernetes, C++, SQL, PyTorch, NLP",7,0.2,Master,2,None,0,Full Stack Developer,5,12,42.0,721,Reject
RES-2025-1713,Priya Sharma,"AWS, PostgreSQL, Spark, GCP, TensorFlow, PyTorch, React",7,4.6,PhD,3,2 Certified,2,NLP Engineer,6,1,37.9,705,Hire
RES-2025-1714,Rahul Verma,"Docker, OpenCV, AWS, SQL",4,1.8,Bachelor,2,None,0,Backend Engineer,6,1,69.2,158,Reject
RES-2025-1715,Anita Roy,"Redis, Kubernetes, PyTorch, FastAPI, Git, OpenCV, React",7,0.2,Bachelor,2,None,0,Full Stack Developer,4,8,38.8,434,Reject
RES-2025-1716,Alex Johnson,"SQL, Docker, GCP, NLP, Kubernetes, C++, Redis",7,15.0,Bachelor,2,3 Certified,3,Machine Learning Engineer,3,7,63.0,218,Hire
RES-2025-1717,Sophia Chen,"PostgreSQL, OpenCV, Spark, NLP, Python, GCP, React, TensorFlow, PyTorch, C++, Docker, SQL, Kubernetes, FastAPI, Git, AWS, Flask, Redis",18,0.2,Bachelor,2,2 Certified,2,Data Scientist,0,12,70.1,889,Hire
RES-2025-1718,Alex Johnson,"NLP, SQL, FastAPI, OpenCV, Redis, Flask, Python",7,3.6,Diploma,1,1 Certified,1,Cloud Architect,6,5,48.9,322,Hire
RES-2025-1719,Rahul Verma,"Python, SQL, AWS, Docker",4,12.3,Master,2,2 Certified,2,Machine Learning Engineer,5,10,50.0,571,Hire
RES-2025-1720,Priya Sharma,"Redis, Spark",2,0.8,Bachelor,2,4 Certified,4,NLP Engineer,2,1,69.8,739,Hire
RES-2025-1721,Rahul Verma,"OpenCV, TensorFlow, FastAPI, NLP, Python, SQL, Flask",7,0.5,Master,2,None,0,Data Scientist,0,11,71.2,207,Hire
RES-2025-1722,David Kim,"TensorFlow, FastAPI, Python, Kubernetes",4,0.4,Bachelor,2,None,0,Full Stack Developer,2,3,78.7,757,Reject
RES-2025-1723,Alex Johnson,"SQL, NLP, PostgreSQL, OpenCV, React, GCP, C++",7,1.1,Bachelor,2,3 Certified,3,NLP Engineer,4,3,80.4,733,Hire
RES-2025-1724,Sophia Chen,"TensorFlow, AWS, FastAPI, Spark, PyTorch, Kubernetes, Redis",7,0.3,Master,2,None,0,Cloud Architect,0,14,70.4,386,Reject
RES-2025-1725,Rahul Verma,"Flask, Git",2,3.5,Diploma,1,1 Certified,1,Backend Engineer,4,12,42.2,569,Hire
RES-2025-1726,Rahul Verma,"FastAPI, NLP, Redis, Flask, Docker, PostgreSQL, SQL",7,0.2,Bachelor,2,3 Certified,3,Full Stack Developer,3,7,88.7,410,Hire
RES-2025-1727,Michael Brown,"React, Git, SQL, Flask, Docker, FastAPI, AWS, TensorFlow, OpenCV, Kubernetes, PostgreSQL, C++",12,2.1,Diploma,1,None,0,Data Scientist,6,14,31.4,505,Hire
RES-2025-1728,Emily Davis,"PostgreSQL, Python, NLP, Git, OpenCV, C++, GCP",7,15.0,Master,2,1 Certified,1,Data Scientist,1,6,69.1,631,Hire
RES-2025-1729,Alex Johnson,"Docker, Redis, OpenCV, Python",4,5.0,Diploma,1,1 Certified,1,Full Stack Developer,2,5,38.9,670,Reject
RES-2025-1730,Sophia Chen,"Git, C++, Redis, AWS, OpenCV, Spark, NLP, FastAPI, GCP, Flask, React, Python, Docker, PostgreSQL, SQL, TensorFlow, Kubernetes, PyTorch",18,2.9,Bachelor,2,None,0,Data Scientist,4,8,89.0,232,Hire
RES-2025-1731,Sophia Chen,"AWS, GCP, Docker, SQL, OpenCV, NLP, Redis, Spark, Kubernetes, React, Python, FastAPI",12,1.1,Bachelor,2,1 Certified,1,Full Stack Developer,3,1,74.6,543,Hire
RES-2025-1732,Rahul Verma,"SQL, OpenCV, Git, React",4,2.9,Bachelor,2,4 Certified,4,Full Stack Developer,5,7,67.4,485,Hire
RES-2025-1733,Rahul Verma,"Python, Kubernetes, Spark, OpenCV",4,2.2,Master,2,1 Certified,1,Backend Engineer,3,6,50.2,288,Reject
RES-2025-1734,Rahul Verma,"FastAPI, Spark, TensorFlow, NLP, Redis, React, AWS, Git, PostgreSQL, SQL, GCP, Python, Kubernetes, OpenCV, PyTorch, Docker, Flask, C++",18,1.7,Bachelor,2,2 Certified,2,NLP Engineer,3,12,41.2,535,Hire
RES-2025-1735,Rahul Verma,"TensorFlow, Spark, NLP, AWS, Kubernetes, Flask, Git",7,0.4,Bachelor,2,2 Certified,2,Full Stack Developer,6,1,73.6,350,Hire
RES-2025-1736,Emily Davis,"TensorFlow, Python, FastAPI, Spark",4,6.5,Master,2,1 Certified,1,Full Stack Developer,3,10,51.7,775,Hire
RES-2025-1737,Alex Johnson,"Redis, React, Flask, GCP, Spark, FastAPI, NLP, C++, SQL, AWS, OpenCV, Kubernetes",12,1.8,Bachelor,2,3 Certified,3,NLP Engineer,2,7,39.5,348,Hire
RES-2025-1738,Sophia Chen,"Git, OpenCV, AWS, Redis",4,0.6,Bachelor,2,1 Certified,1,Cloud Architect,5,12,45.9,257,Hire
RES-2025-1739,David Kim,"React, GCP, Spark, PyTorch",4,1.4,Bachelor,2,2 Certified,2,Machine Learning Engineer,3,4,84.5,607,Hire
RES-2025-1740,Emily Davis,"Spark, SQL, FastAPI, GCP, TensorFlow, OpenCV, Docker",7,1.6,Master,2,1 Certified,1,Data Scientist,5,1,63.1,717,Reject
RES-2025-1741,Anita Roy,"AWS, PostgreSQL, React, Git, Flask, Kubernetes, Spark, C++, Docker, Redis, SQL, PyTorch",12,5.3,Bachelor,2,2 Certified,2,NLP Engineer,5,8,81.2,178,Hire
RES-2025-1742,Sophia Chen,"GCP, Spark, PostgreSQL, Flask, Python, FastAPI, TensorFlow",7,4.0,Diploma,1,2 Certified,2,NLP Engineer,3,6,35.2,761,Hire
RES-2025-1743,Sophia Chen,"TensorFlow, Kubernetes, PostgreSQL, C++",4,4.4,Bachelor,2,2 Certified,2,Machine Learning Engineer,4,10,33.8,183,Hire
RES-2025-1744,Alex Johnson,"AWS, PyTorch, Spark, SQL, OpenCV, GCP, React",7,0.0,Bachelor,2,None,0,Data Scientist,5,5,52.3,687,Reject
RES-2025-1745,Emily Davis,"Spark, React, NLP, SQL, TensorFlow, Docker, Kubernetes",7,1.6,Bachelor,2,1 Certified,1,Machine Learning Engineer,5,11,89.5,837,Hire
RES-2025-1746,Alex Johnson,"Python, TensorFlow, Redis, FastAPI",4,2.0,Master,2,2 Certified,2,Full Stack Developer,6,11,53.5,581,Hire
RES-2025-1747,Michael Brown,"TensorFlow, FastAPI, Docker, Kubernetes, SQL, AWS, PostgreSQL, NLP, Flask, OpenCV, C++, Python",12,0.1,Bachelor,2,None,0,NLP Engineer,3,2,63.2,932,Hire
RES-2025-1748,Anita Roy,"AWS, GCP, Spark, OpenCV, Kubernetes, PostgreSQL, Redis",7,0.9,Bachelor,2,None,0,Full Stack Developer,0,12,54.2,286,Hire
RES-2025-1749,Emily Davis,"React, Python, TensorFlow, Flask, FastAPI, PostgreSQL, Spark, Docker, Kubernetes, Redis, C++, GCP, SQL, PyTorch, Git, OpenCV, NLP, AWS",18,4.3,Bachelor,2,2 Certified,2,Cloud Architect,1,10,64.8,328,Hire
RES-2025-1750,Priya Sharma,"React, TensorFlow, OpenCV, GCP",4,0.4,Diploma,1,None,0,Machine Learning Engineer,2,8,50.0,399,Hire
RES-2025-1751,Priya Sharma,"Redis, Kubernetes, SQL, Flask",4,2.3,Bachelor,2,2 Certified,2,Backend Engineer,0,4,51.3,418,Hire
RES-2025-1752,Alex Johnson,"SQL, NLP, PostgreSQL, Kubernetes, Docker, FastAPI, PyTorch, AWS, OpenCV, Git, Flask, GCP, Spark, C++, TensorFlow, Python, Redis, React",18,0.7,PhD,3,3 Certified,3,Machine Learning Engineer,4,11,42.2,294,Hire
RES-2025-1753,Emily Davis,"Spark, Kubernetes, TensorFlow, SQL",4,0.0,Bachelor,2,1 Certified,1,Full Stack Developer,6,9,53.7,321,Hire
RES-2025-1754,Anita Roy,"Kubernetes, FastAPI, PyTorch, C++, Git, AWS, Flask",7,0.8,Master,2,1 Certified,1,Machine Learning Engineer,1,9,93.6,488,Hire
RES-2025-1755,Priya Sharma,"React, SQL, OpenCV, AWS",4,11.2,Bachelor,2,2 Certified,2,Full Stack Developer,1,5,64.6,735,Hire
RES-2025-1756,Alex Johnson,"OpenCV, TensorFlow, AWS, Spark, FastAPI, Docker, Flask, Redis, Git, Kubernetes, React, PyTorch",12,4.9,Bachelor,2,1 Certified,1,Data Scientist,4,8,78.4,397,Hire
RES-2025-1757,Alex Johnson,"Docker, SQL, TensorFlow, AWS, Redis, PostgreSQL, NLP, FastAPI, Flask, PyTorch, GCP, C++",12,9.6,Master,2,None,0,Backend Engineer,0,6,87.4,514,Hire
RES-2025-1758,Alex Johnson,"Kubernetes, NLP, PyTorch, Docker, Python, C++, Flask, React, Spark, Redis, AWS, FastAPI, Git, SQL, OpenCV, TensorFlow, PostgreSQL, GCP",18,2.0,Bachelor,2,None,0,Data Scientist,2,8,56.4,874,Hire
RES-2025-1759,Rahul Verma,"Git, Docker, SQL, FastAPI",4,0.3,Bachelor,2,None,0,Full Stack Developer,6,10,47.3,306,Hire
RES-2025-1760,Rahul Verma,"Docker, Python, Spark, PyTorch, React, PostgreSQL, OpenCV",7,2.4,PhD,3,None,0,Full Stack Developer,0,1,33.8,921,Reject
RES-2025-1761,David Kim,"AWS, Flask, Docker, OpenCV",4,1.8,Bachelor,2,1 Certified,1,Full Stack Developer,1,3,74.7,798,Reject
RES-2025-1762,Emily Davis,"C++, SQL, FastAPI, Spark, Git, GCP, OpenCV, TensorFlow, Python, AWS, Docker, Redis, Kubernetes, NLP, PostgreSQL, React, Flask, PyTorch",18,5.6,Bachelor,2,None,0,Cloud Architect,6,11,71.2,798,Hire
RES-2025-1763,David Kim,"FastAPI, GCP, PyTorch, React, Docker, TensorFlow, C++, Python, Kubernetes, NLP, Flask, AWS",12,0.3,Bachelor,2,1 Certified,1,Backend Engineer,2,13,42.4,624,Reject
RES-2025-1764,David Kim,"TensorFlow, Git, Kubernetes, FastAPI, React, C++, Python",7,2.0,Bachelor,2,4 Certified,4,Cloud Architect,0,12,90.4,796,Hire
RES-2025-1765,Michael Brown,"C++, PyTorch",2,0.5,Bachelor,2,None,0,Backend Engineer,2,1,57.2,517,Reject
RES-2025-1766,Anita Roy,"C++, Kubernetes, PyTorch, React",4,1.2,Bachelor,2,None,0,Machine Learning Engineer,5,9,93.2,748,Hire
RES-2025-1767,Michael Brown,"AWS, OpenCV, PyTorch, PostgreSQL",4,4.0,Master,2,None,0,Data Scientist,3,13,38.7,677,Hire
RES-2025-1768,Anita Roy,"C++, React, Spark, Redis, Git, PostgreSQL, Docker, PyTorch, GCP, OpenCV, Python, FastAPI",12,1.9,Bachelor,2,3 Certified,3,Backend Engineer,6,10,31.5,240,Reject
RES-2025-1769,Sophia Chen,"Python, AWS, PostgreSQL, Spark, Git, Flask, Kubernetes",7,1.4,Master,2,3 Certified,3,Machine Learning Engineer,6,10,70.0,369,Hire
RES-2025-1770,Sophia Chen,"AWS, Redis, Kubernetes, React",4,1.5,Bachelor,2,None,0,Cloud Architect,4,5,50.0,753,Reject
RES-2025-1771,Priya Sharma,"PyTorch, React, NLP, Flask",4,1.8,Bachelor,2,1 Certified,1,Full Stack Developer,2,2,92.2,568,Hire
RES-2025-1772,Alex Johnson,"Kubernetes, NLP, Flask, FastAPI, React, OpenCV, Redis, Python, AWS, PostgreSQL, C++, Spark",12,4.6,Bachelor,2,2 Certified,2,NLP Engineer,6,13,51.6,855,Hire
RES-2025-1773,David Kim,"FastAPI, SQL, Redis, AWS",4,6.7,Master,2,2 Certified,2,Machine Learning Engineer,6,13,37.2,373,Hire
RES-2025-1774,Emily Davis,"Spark, Redis, Kubernetes, OpenCV",4,9.3,Bachelor,2,None,0,NLP Engineer,3,7,71.5,664,Hire
RES-2025-1775,Michael Brown,"FastAPI, NLP, PostgreSQL, Flask",4,4.6,Master,2,1 Certified,1,Full Stack Developer,3,6,39.5,386,Hire
RES-2025-1776,Sophia Chen,"PostgreSQL, Kubernetes",2,1.1,Master,2,1 Certified,1,Cloud Architect,2,10,70.9,665,Hire
RES-2025-1777,Anita Roy,"GCP, AWS, TensorFlow, Kubernetes",4,3.5,Diploma,1,1 Certified,1,Full Stack Developer,3,11,87.7,310,Hire
RES-2025-1778,Emily Davis,"Docker, PostgreSQL, Spark, Flask, SQL, FastAPI, GCP, Git, OpenCV, Redis, AWS, Python",12,1.7,Master,2,2 Certified,2,NLP Engineer,2,2,69.7,601,Hire
RES-2025-1779,Michael Brown,"Python, PyTorch, OpenCV, SQL",4,0.9,Master,2,2 Certified,2,Machine Learning Engineer,6,2,55.7,346,Reject
RES-2025-1780,Priya Sharma,"Kubernetes, PostgreSQL, Flask, TensorFlow, Redis, GCP, C++, AWS, Spark, FastAPI, Docker, React",12,5.5,Master,2,1 Certified,1,NLP Engineer,3,7,66.0,731,Hire
RES-2025-1781,Rahul Verma,"PyTorch, TensorFlow, FastAPI, Flask, Python, C++, Docker",7,0.1,Bachelor,2,None,0,Machine Learning Engineer,0,14,85.5,374,Hire
RES-2025-1782,Sophia Chen,"Redis, C++, FastAPI, React",4,7.0,Bachelor,2,3 Certified,3,Data Scientist,2,5,57.1,166,Hire
RES-2025-1783,David Kim,"PyTorch, Spark, PostgreSQL, Redis, Flask, React, OpenCV, Kubernetes, TensorFlow, NLP, Git, Python, SQL, AWS, FastAPI, Docker, GCP, C++",18,1.9,Bachelor,2,1 Certified,1,Cloud Architect,4,14,93.8,568,Hire
RES-2025-1784,David Kim,"React, PyTorch, SQL, Redis, PostgreSQL, Spark, FastAPI, Kubernetes, Docker, AWS, Git, OpenCV",12,3.0,Diploma,1,1 Certified,1,Data Scientist,6,6,65.7,241,Hire
RES-2025-1785,Michael Brown,"AWS, OpenCV, React, Redis",4,3.2,Bachelor,2,1 Certified,1,Data Scientist,5,7,30.2,724,Hire
RES-2025-1786,Alex Johnson,"Kubernetes, TensorFlow, Docker, Git, AWS, PyTorch, NLP, React, SQL, GCP, C++, FastAPI",12,6.8,Bachelor,2,1 Certified,1,Data Scientist,0,13,49.9,949,Hire
RES-2025-1787,Sophia Chen,"Spark, AWS, SQL, Redis, C++, Kubernetes, Docker",7,3.0,Bachelor,2,1 Certified,1,Cloud Architect,4,8,47.7,605,Hire
RES-2025-1788,Michael Brown,"PyTorch, PostgreSQL, Python, SQL, GCP, Flask, React, Git, C++, Docker, Kubernetes, FastAPI",12,2.9,PhD,3,1 Certified,1,NLP Engineer,5,8,36.6,570,Hire
RES-2025-1789,David Kim,"Python, AWS, PyTorch, NLP, OpenCV, React, Docker, Flask, PostgreSQL, SQL, C++, TensorFlow, Kubernetes, GCP, Redis, FastAPI, Spark, Git",18,0.2,Bachelor,2,3 Certified,3,Cloud Architect,2,8,59.6,384,Hire
RES-2025-1790,Rahul Verma,"TensorFlow, AWS, PostgreSQL, FastAPI",4,2.2,Bachelor,2,3 Certified,3,NLP Engineer,4,6,56.1,256,Hire
RES-2025-1791,Rahul Verma,"PostgreSQL, Git, Docker, OpenCV, AWS, SQL, Kubernetes",7,0.5,Bachelor,2,None,0,Cloud Architect,2,3,45.5,298,Reject
RES-2025-1792,Emily Davis,"Python, React, PostgreSQL, Redis",4,4.0,Bachelor,2,2 Certified,2,Data Scientist,4,2,72.5,562,Hire
RES-2025-1793,Rahul Verma,"Docker, OpenCV, Spark, TensorFlow, FastAPI, PostgreSQL, React",7,2.2,Master,2,2 Certified,2,Cloud Architect,2,8,30.1,168,Hire
RES-2025-1794,Rahul Verma,"GCP, Docker, AWS, React, NLP, Kubernetes, Git",7,3.4,Bachelor,2,2 Certified,2,Cloud Architect,1,5,38.1,507,Hire
RES-2025-1795,Emily Davis,"Redis, OpenCV, PostgreSQL, Flask, SQL, React, FastAPI, Python, PyTorch, NLP, Kubernetes, Git, GCP, Docker, AWS, Spark, TensorFlow, C++",18,0.1,Bachelor,2,1 Certified,1,Cloud Architect,6,1,79.3,598,Hire
RES-2025-1796,Michael Brown,"AWS, PyTorch, PostgreSQL, FastAPI, OpenCV, React, Git",7,0.3,Bachelor,2,1 Certified,1,Data Scientist,5,2,55.9,870,Hire
RES-2025-1797,Emily Davis,"NLP, Spark, GCP, OpenCV, Kubernetes, Docker, SQL",7,3.8,PhD,3,2 Certified,2,NLP Engineer,1,6,87.1,514,Hire
RES-2025-1798,Michael Brown,"PyTorch, GCP",2,0.2,Bachelor,2,1 Certified,1,Backend Engineer,2,13,35.5,368,Hire
RES-2025-1799,Emily Davis,"OpenCV, Python, TensorFlow, Flask, Docker, Redis, Git, NLP, GCP, PostgreSQL, Kubernetes, SQL",12,0.2,Bachelor,2,1 Certified,1,NLP Engineer,3,14,73.7,380,Hire
RES-2025-1800,Michael Brown,"TensorFlow, AWS, Python, Docker, React, C++, Kubernetes",7,0.0,Diploma,1,None,0,NLP Engineer,5,12,44.8,522,Reject
RES-2025-1801,Michael Brown,"FastAPI, Flask, C++, Spark, Python, AWS, TensorFlow, SQL, React, OpenCV, Docker, Kubernetes",12,9.4,Bachelor,2,1 Certified,1,Data Scientist,5,13,82.0,294,Hire
RES-2025-1802,Michael Brown,"Docker, TensorFlow, Flask, Kubernetes, Redis, FastAPI, Spark",7,4.0,Diploma,1,1 Certified,1,Backend Engineer,2,14,40.3,536,Hire
RES-2025-1803,Priya Sharma,"FastAPI, Flask, Kubernetes, C++, Git, Redis, OpenCV",7,1.3,PhD,3,2 Certified,2,NLP Engineer,2,11,70.9,536,Hire
RES-2025-1804,Sophia Chen,"Kubernetes, AWS, Git, GCP",4,1.1,Diploma,1,1 Certified,1,Cloud Architect,4,11,85.3,862,Hire
RES-2025-1805,Sophia Chen,"GCP, OpenCV, Python, Kubernetes",4,1.3,Bachelor,2,None,0,Full Stack Developer,6,11,71.8,252,Hire
RES-2025-1806,Sophia Chen,"Spark, Redis, Git, C++, PyTorch, AWS, Flask",7,4.5,Master,2,3 Certified,3,Data Scientist,3,11,38.7,178,Hire
RES-2025-1807,Rahul Verma,"NLP, OpenCV, FastAPI, SQL, Flask, Python, PyTorch",7,3.2,Bachelor,2,1 Certified,1,Full Stack Developer,1,7,30.7,151,Hire
RES-2025-1808,Michael Brown,"GCP, PostgreSQL, PyTorch, React, Git, Python, OpenCV, Kubernetes, NLP, FastAPI, Redis, Flask, Spark, Docker, AWS, C++, SQL, TensorFlow",18,0.6,Bachelor,2,1 Certified,1,Cloud Architect,6,2,71.4,339,Hire
RES-2025-1809,Anita Roy,"Git, Redis",2,0.6,Master,2,None,0,Machine Learning Engineer,5,5,36.7,549,Reject
RES-2025-1810,Sophia Chen,"SQL, C++",2,0.3,Master,2,1 Certified,1,NLP Engineer,2,10,57.9,455,Hire
RES-2025-1811,Priya Sharma,"Kubernetes, NLP, Python, OpenCV, C++, Flask, Git",7,3.2,Diploma,1,1 Certified,1,Cloud Architect,6,8,71.9,384,Hire
RES-2025-1812,Emily Davis,"Docker, GCP, PyTorch, PostgreSQL, AWS, Redis, React, SQL, Spark, C++, FastAPI, NLP",12,4.3,PhD,3,None,0,NLP Engineer,3,1,60.1,329,Hire
RES-2025-1813,Emily Davis,"TensorFlow, NLP, C++, React, FastAPI, PostgreSQL, SQL, Spark, OpenCV, Python, Kubernetes, PyTorch, AWS, Docker, GCP, Redis, Git, Flask",18,0.9,Master,2,1 Certified,1,Backend Engineer,6,14,90.3,387,Hire
RES-2025-1814,Emily Davis,"Redis, Git, OpenCV, Kubernetes, Spark, FastAPI, GCP",7,0.1,Diploma,1,1 Certified,1,NLP Engineer,1,13,51.2,236,Hire
RES-2025-1815,Emily Davis,"C++, OpenCV, React, PyTorch, Python, TensorFlow, PostgreSQL, GCP, Flask, Spark, Kubernetes, NLP, Git, Redis, SQL, AWS, Docker, FastAPI",18,0.3,Bachelor,2,1 Certified,1,Cloud Architect,3,10,67.6,375,Hire
RES-2025-1816,Anita Roy,"PostgreSQL, TensorFlow",2,10.3,Master,2,1 Certified,1,Backend Engineer,0,6,56.7,612,Hire
RES-2025-1817,Rahul Verma,"AWS, C++",2,1.1,Diploma,1,None,0,NLP Engineer,2,9,82.6,929,Reject
RES-2025-1818,Emily Davis,"GCP, C++, AWS, PyTorch",4,4.4,Master,2,1 Certified,1,NLP Engineer,3,8,86.3,596,Hire
RES-2025-1819,Alex Johnson,"NLP, Git, Kubernetes, PostgreSQL",4,2.9,Master,2,3 Certified,3,Cloud Architect,3,11,71.3,388,Hire
RES-2025-1820,Anita Roy,"PyTorch, NLP, Redis, TensorFlow, Flask, Git, OpenCV, PostgreSQL, SQL, Kubernetes, Spark, React",12,1.4,Bachelor,2,2 Certified,2,Data Scientist,4,5,88.3,194,Hire
RES-2025-1821,Anita Roy,"OpenCV, Docker, TensorFlow, SQL, FastAPI, Python, GCP, Flask, PostgreSQL, NLP, C++, Redis",12,0.7,Bachelor,2,2 Certified,2,Data Scientist,6,10,76.7,456,Hire
RES-2025-1822,Michael Brown,"Docker, FastAPI, PyTorch, NLP, Git, GCP, OpenCV, Flask, C++, SQL, Kubernetes, AWS",12,0.4,Master,2,1 Certified,1,NLP Engineer,1,9,66.7,616,Hire
RES-2025-1823,Michael Brown,"OpenCV, Git, Kubernetes, Flask, PostgreSQL, Python, Docker",7,2.9,Bachelor,2,1 Certified,1,Data Scientist,5,7,64.3,507,Hire
RES-2025-1824,Alex Johnson,"C++, SQL, Spark, PyTorch, Docker, AWS, TensorFlow, OpenCV, FastAPI, NLP, Python, Flask",12,4.5,Master,2,1 Certified,1,NLP Engineer,3,8,68.7,629,Hire
RES-2025-1825,Sophia Chen,"Spark, Flask, C++, Docker, NLP, FastAPI, Git",7,3.1,Bachelor,2,2 Certified,2,NLP Engineer,0,11,81.0,206,Hire
RES-2025-1826,Sophia Chen,"Docker, Flask, Spark, TensorFlow, GCP, Kubernetes, Python, OpenCV, AWS, PostgreSQL, Redis, PyTorch, C++, SQL, NLP, Git, React, FastAPI",18,2.3,Master,2,None,0,Full Stack Developer,1,5,48.2,173,Hire
RES-2025-1827,Alex Johnson,"C++, AWS, NLP, Kubernetes, Python, OpenCV, Git, SQL, TensorFlow, Docker, GCP, Redis",12,0.1,Bachelor,2,None,0,Backend Engineer,4,5,35.9,667,Hire
RES-2025-1828,Anita Roy,"PyTorch, FastAPI, C++, Spark, Flask, GCP, AWS, React, SQL, PostgreSQL, NLP, OpenCV",12,10.4,Master,2,None,0,Machine Learning Engineer,4,11,79.0,682,Hire
RES-2025-1829,Rahul Verma,"React, Git, Flask, AWS",4,4.8,Master,2,None,0,NLP Engineer,3,13,94.6,285,Hire
RES-2025-1830,Alex Johnson,"Spark, Redis, GCP, AWS, OpenCV, Python, Kubernetes",7,1.0,Bachelor,2,None,0,Full Stack Developer,1,3,38.0,226,Reject
RES-2025-1831,Alex Johnson,"TensorFlow, Kubernetes, C++, OpenCV, Docker, Git, PostgreSQL, Redis, FastAPI, AWS, NLP, Flask, GCP, Spark, PyTorch, React, SQL, Python",18,11.7,Master,2,1 Certified,1,Data Scientist,6,3,82.4,731,Hire
RES-2025-1832,Michael Brown,"Docker, PostgreSQL, C++, Flask",4,2.8,Bachelor,2,1 Certified,1,Backend Engineer,1,13,41.9,720,Hire
RES-2025-1833,Anita Roy,"Kubernetes, TensorFlow",2,2.6,Master,2,None,0,NLP Engineer,2,6,74.5,303,Reject
RES-2025-1834,David Kim,"Python, TensorFlow, PostgreSQL, SQL, Flask, GCP, Spark",7,4.1,Diploma,1,None,0,NLP Engineer,4,3,72.8,862,Hire
RES-2025-1835,Rahul Verma,"Flask, GCP, Kubernetes, PostgreSQL, React, Python, PyTorch",7,5.0,Bachelor,2,1 Certified,1,Cloud Architect,4,8,46.4,324,Hire
RES-2025-1836,Sophia Chen,"C++, PyTorch, PostgreSQL, AWS, FastAPI, SQL, Flask, GCP, Docker, Git, Python, React",12,3.2,PhD,3,1 Certified,1,NLP Engineer,1,4,74.8,371,Hire
RES-2025-1837,Alex Johnson,"TensorFlow, AWS, Kubernetes, NLP, Git, FastAPI, Docker",7,0.4,Bachelor,2,1 Certified,1,Data Scientist,5,11,64.5,662,Hire
RES-2025-1838,Anita Roy,"React, PyTorch",2,1.2,Master,2,1 Certified,1,NLP Engineer,4,14,93.4,835,Hire
RES-2025-1839,David Kim,"Flask, PyTorch, Docker, Spark",4,7.9,Bachelor,2,1 Certified,1,Cloud Architect,2,3,45.5,871,Hire
RES-2025-1840,Anita Roy,"AWS, OpenCV, PostgreSQL, Git, SQL, FastAPI, TensorFlow, GCP, PyTorch, Spark, C++, React",12,0.8,Master,2,None,0,Backend Engineer,6,10,72.0,235,Hire
RES-2025-1841,David Kim,"GCP, Kubernetes, FastAPI, Flask, React, PyTorch, PostgreSQL, TensorFlow, Spark, AWS, NLP, OpenCV, C++, Git, Docker, Python, SQL, Redis",18,1.4,Bachelor,2,None,0,Full Stack Developer,1,12,34.6,457,Hire
RES-2025-1842,Anita Roy,"NLP, Spark, GCP, FastAPI, TensorFlow, C++, Flask, React, Docker, Kubernetes, Git, SQL",12,1.7,Master,2,2 Certified,2,Full Stack Developer,3,9,62.2,768,Hire
RES-2025-1843,Michael Brown,"Docker, Kubernetes, C++, PostgreSQL",4,1.7,Master,2,None,0,Full Stack Developer,6,11,72.1,310,Hire
RES-2025-1844,Alex Johnson,"NLP, AWS, Python, Kubernetes, Flask, TensorFlow, Spark, FastAPI, Git, OpenCV, PostgreSQL, SQL",12,2.8,Diploma,1,None,0,Data Scientist,0,10,34.3,865,Hire
RES-2025-1845,Sophia Chen,"Flask, Git, SQL, OpenCV, GCP, React, C++",7,8.6,Master,2,None,0,Data Scientist,4,3,90.0,376,Hire
RES-2025-1846,Sophia Chen,"TensorFlow, AWS",2,0.8,Master,2,1 Certified,1,Machine Learning Engineer,0,11,51.6,627,Hire
RES-2025-1847,Priya Sharma,"SQL, FastAPI, C++, Flask, PyTorch, GCP, NLP, Redis, OpenCV, Python, AWS, Kubernetes",12,0.4,Diploma,1,None,0,Full Stack Developer,6,4,44.1,487,Hire
RES-2025-1848,Rahul Verma,"Git, SQL, Redis, FastAPI, AWS, Kubernetes, Docker",7,0.7,Master,2,4 Certified,4,Cloud Architect,6,6,70.1,850,Hire
RES-2025-1849,Anita Roy,"TensorFlow, React, NLP, Spark, Git, Python, FastAPI, Redis, OpenCV, Kubernetes, Flask, Docker",12,6.5,Master,2,None,0,Data Scientist,0,1,76.8,296,Hire
RES-2025-1850,Alex Johnson,"PyTorch, Spark, Git, Redis, NLP, OpenCV, FastAPI",7,3.1,Master,2,1 Certified,1,Data Scientist,1,8,62.7,405,Hire
RES-2025-1851,Emily Davis,"PyTorch, Git, SQL, Kubernetes",4,1.0,Bachelor,2,1 Certified,1,NLP Engineer,4,3,77.1,917,Hire
RES-2025-1852,Michael Brown,"React, AWS, NLP, Git, Docker, Flask, Spark",7,5.1,Bachelor,2,1 Certified,1,Machine Learning Engineer,2,6,85.5,907,Hire
RES-2025-1853,David Kim,"React, SQL, PostgreSQL, AWS, FastAPI, Docker, Redis, NLP, C++, Git, PyTorch, Kubernetes",12,5.9,Bachelor,2,3 Certified,3,Backend Engineer,2,6,46.2,845,Hire
RES-2025-1854,David Kim,"Spark, Git, Docker, FastAPI, TensorFlow, GCP, Flask, NLP, React, Python, SQL, PyTorch, Kubernetes, PostgreSQL, OpenCV, AWS, C++, Redis",18,5.6,Bachelor,2,None,0,Machine Learning Engineer,3,1,38.2,285,Hire
RES-2025-1855,Alex Johnson,"TensorFlow, React, Redis, SQL, AWS, NLP, Python",7,7.5,Master,2,3 Certified,3,Data Scientist,5,12,33.4,305,Hire
RES-2025-1856,Rahul Verma,"C++, Git, TensorFlow, PyTorch, Redis, Spark, PostgreSQL, SQL, Kubernetes, GCP, React, NLP, AWS, Flask, Python, FastAPI, Docker, OpenCV",18,0.9,Master,2,2 Certified,2,Cloud Architect,2,1,52.7,910,Hire
RES-2025-1857,Rahul Verma,"AWS, TensorFlow, PostgreSQL, PyTorch, SQL, React, NLP",7,4.2,Master,2,None,0,NLP Engineer,0,7,58.1,386,Hire
RES-2025-1858,David Kim,"Spark, NLP, Python, FastAPI, C++, OpenCV, PyTorch, GCP, TensorFlow, React, SQL, Redis, Docker, AWS, Git, PostgreSQL, Kubernetes, Flask",18,1.9,Bachelor,2,3 Certified,3,Data Scientist,0,5,40.0,471,Hire
RES-2025-1859,Michael Brown,"React, Spark, GCP, NLP, PyTorch, Flask, Docker",7,5.5,Bachelor,2,1 Certified,1,NLP Engineer,0,9,32.7,933,Hire
RES-2025-1860,Priya Sharma,"Git, Spark",2,3.9,Master,2,2 Certified,2,Cloud Architect,1,10,39.7,675,Hire
RES-2025-1861,Priya Sharma,"OpenCV, PyTorch, AWS, C++, FastAPI, Kubernetes, Redis",7,4.5,Bachelor,2,None,0,Full Stack Developer,0,7,92.8,634,Hire
RES-2025-1862,Emily Davis,"React, Spark",2,3.2,Master,2,None,0,Data Scientist,5,1,73.0,540,Hire
RES-2025-1863,Michael Brown,"FastAPI, SQL, C++, NLP, TensorFlow, AWS, Python, React, GCP, Spark, Git, PyTorch",12,0.6,Master,2,2 Certified,2,Full Stack Developer,0,11,73.5,447,Hire
RES-2025-1864,Sophia Chen,"React, Spark, Git, Python, NLP, AWS, Docker",7,2.4,Master,2,2 Certified,2,Machine Learning Engineer,4,4,33.2,559,Hire
RES-2025-1865,Emily Davis,"AWS, React",2,12.5,PhD,3,1 Certified,1,Backend Engineer,3,8,88.0,416,Hire
RES-2025-1866,Rahul Verma,"Spark, C++, FastAPI, NLP, SQL, PyTorch, AWS",7,8.3,Bachelor,2,1 Certified,1,Machine Learning Engineer,0,7,49.8,591,Hire
RES-2025-1867,Emily Davis,"OpenCV, Git, NLP, GCP, C++, PyTorch, AWS, Python, PostgreSQL, Docker, TensorFlow, Kubernetes",12,0.1,Master,2,None,0,Full Stack Developer,6,6,57.9,926,Hire
RES-2025-1868,Sophia Chen,"PostgreSQL, FastAPI, NLP, Python, Kubernetes, Docker, PyTorch, OpenCV, Redis, AWS, Git, GCP",12,0.5,Bachelor,2,None,0,NLP Engineer,0,6,48.4,642,Reject
RES-2025-1869,Alex Johnson,"Flask, AWS, PyTorch, TensorFlow, SQL, FastAPI, Spark, React, Python, Git, Kubernetes, GCP",12,0.4,Bachelor,2,None,0,Cloud Architect,5,1,73.3,750,Reject
RES-2025-1870,Sophia Chen,"PostgreSQL, C++, GCP, Docker, AWS, Spark, NLP",7,3.9,Bachelor,2,None,0,NLP Engineer,1,1,43.1,940,Hire
RES-2025-1871,Sophia Chen,"PyTorch, Python, Redis, Git, FastAPI, Flask, Docker, SQL, TensorFlow, C++, React, PostgreSQL",12,5.1,Bachelor,2,4 Certified,4,Data Scientist,0,8,94.5,729,Hire
RES-2025-1872,Michael Brown,"AWS, Spark, C++, TensorFlow",4,0.7,Bachelor,2,1 Certified,1,Backend Engineer,2,2,63.9,536,Hire
RES-2025-1873,Emily Davis,"Kubernetes, C++, PyTorch, Python",4,2.1,Bachelor,2,None,0,Backend Engineer,1,5,32.5,541,Reject
RES-2025-1874,Anita Roy,"Docker, SQL, React, PyTorch, Kubernetes, Redis, AWS, Git, Python, Flask, GCP, PostgreSQL",12,5.5,Master,2,None,0,Full Stack Developer,0,6,34.5,562,Hire
RES-2025-1875,Priya Sharma,"OpenCV, Flask, PostgreSQL, AWS, GCP, Redis, C++, NLP, Git, Python, FastAPI, Kubernetes",12,4.0,Bachelor,2,None,0,Backend Engineer,3,7,69.7,714,Hire
RES-2025-1876,Rahul Verma,"Flask, Python, FastAPI, TensorFlow",4,2.3,Master,2,None,0,Full Stack Developer,1,5,64.9,552,Hire
RES-2025-1877,Priya Sharma,"GCP, NLP, FastAPI, PyTorch",4,2.7,Bachelor,2,None,0,Machine Learning Engineer,6,14,86.6,695,Hire
RES-2025-1878,David Kim,"C++, Docker, AWS, FastAPI",4,2.1,Bachelor,2,2 Certified,2,Cloud Architect,4,7,30.4,237,Hire
RES-2025-1879,Anita Roy,"TensorFlow, Redis, Docker, Spark, PyTorch, Git, C++, FastAPI, SQL, OpenCV, Kubernetes, NLP, React, PostgreSQL, Flask, AWS, Python, GCP",18,1.1,Diploma,1,None,0,Data Scientist,0,5,36.1,923,Hire
RES-2025-1880,Priya Sharma,"FastAPI, Docker",2,2.5,Bachelor,2,3 Certified,3,Data Scientist,0,12,75.8,310,Hire
RES-2025-1881,Priya Sharma,"Python, Git, Redis, NLP, FastAPI, AWS, SQL",7,3.5,Bachelor,2,1 Certified,1,Data Scientist,6,1,82.4,545,Hire
RES-2025-1882,Rahul Verma,"Redis, GCP, OpenCV, PyTorch, Python, Docker, FastAPI",7,6.2,Bachelor,2,2 Certified,2,NLP Engineer,2,6,60.8,932,Hire
RES-2025-1883,Emily Davis,"PostgreSQL, AWS, PyTorch, NLP, React, Flask, Python",7,3.0,Bachelor,2,2 Certified,2,NLP Engineer,2,5,70.2,744,Hire
RES-2025-1884,Anita Roy,"NLP, FastAPI",2,4.3,Bachelor,2,2 Certified,2,NLP Engineer,5,10,48.8,340,Hire
RES-2025-1885,Michael Brown,"TensorFlow, Python, C++, Redis, Docker, FastAPI, OpenCV, NLP, SQL, Spark, PyTorch, Git, React, Flask, GCP, Kubernetes, PostgreSQL, AWS",18,0.5,Bachelor,2,1 Certified,1,Machine Learning Engineer,0,1,94.8,767,Hire
RES-2025-1886,Emily Davis,"Docker, SQL, Kubernetes, FastAPI",4,1.9,Bachelor,2,None,0,Data Scientist,0,1,48.3,447,Reject
RES-2025-1887,Michael Brown,"Git, C++, AWS, PostgreSQL, Flask, GCP, PyTorch",7,0.0,Bachelor,2,3 Certified,3,Backend Engineer,3,13,36.9,204,Reject
RES-2025-1888,Anita Roy,"Python, TensorFlow, GCP, NLP, C++, Docker, Kubernetes, PostgreSQL, SQL, Flask, Spark, OpenCV",12,0.8,Bachelor,2,4 Certified,4,Machine Learning Engineer,3,9,36.7,225,Hire
RES-2025-1889,Michael Brown,"PyTorch, AWS, Python, TensorFlow, FastAPI, Flask, C++, React, Spark, SQL, Redis, OpenCV",12,3.9,Bachelor,2,1 Certified,1,Backend Engineer,1,4,73.3,681,Hire
RES-2025-1890,Michael Brown,"Kubernetes, React, SQL, Docker, Git, PyTorch, NLP, FastAPI, Python, GCP, AWS, TensorFlow, C++, Spark, Flask, PostgreSQL, Redis, OpenCV",18,14.4,Bachelor,2,4 Certified,4,Backend Engineer,5,7,76.6,907,Hire
RES-2025-1891,Anita Roy,"GCP, OpenCV, Git, C++",4,0.3,Bachelor,2,3 Certified,3,Data Scientist,4,8,76.6,305,Reject
RES-2025-1892,Sophia Chen,"FastAPI, React, C++, Spark, SQL, Kubernetes, Docker, Git, TensorFlow, NLP, OpenCV, Flask",12,1.5,Bachelor,2,None,0,Cloud Architect,0,4,47.8,355,Reject
RES-2025-1893,Anita Roy,"C++, GCP, PyTorch, OpenCV, Python, SQL, FastAPI, AWS, PostgreSQL, NLP, Docker, Redis, TensorFlow, Kubernetes, Git, Spark, React, Flask",18,4.8,Bachelor,2,None,0,Cloud Architect,6,10,66.2,342,Hire
RES-2025-1894,Emily Davis,"C++, Git, FastAPI, Docker, Spark, Redis, AWS, PostgreSQL, NLP, Python, PyTorch, TensorFlow",12,0.7,Bachelor,2,1 Certified,1,Data Scientist,2,8,30.3,386,Hire
RES-2025-1895,Sophia Chen,"Flask, PostgreSQL, Docker, React",4,2.4,Bachelor,2,None,0,Cloud Architect,4,3,53.5,279,Hire
RES-2025-1896,Alex Johnson,"SQL, C++, PyTorch, Python",4,4.0,Diploma,1,None,0,Machine Learning Engineer,5,13,78.7,235,Hire
RES-2025-1897,Michael Brown,"TensorFlow, GCP",2,2.9,Bachelor,2,None,0,Data Scientist,6,12,70.5,676,Hire
RES-2025-1898,Priya Sharma,"Python, PyTorch, Flask, Kubernetes, C++, Docker, AWS, PostgreSQL, OpenCV, FastAPI, Git, Spark",12,0.6,Bachelor,2,1 Certified,1,Backend Engineer,0,1,47.1,418,Hire
RES-2025-1899,Anita Roy,"GCP, NLP, Spark, PostgreSQL, SQL, FastAPI, React",7,1.3,Bachelor,2,1 Certified,1,Backend Engineer,0,13,94.4,710,Hire
RES-2025-1900,David Kim,"OpenCV, TensorFlow",2,4.6,Bachelor,2,4 Certified,4,Data Scientist,0,8,55.0,803,Hire
RES-2025-1901,Sophia Chen,"Flask, OpenCV, Spark, FastAPI, C++, PyTorch, React, Kubernetes, Redis, Docker, Git, GCP",12,2.4,Bachelor,2,3 Certified,3,Full Stack Developer,4,2,56.9,623,Hire
RES-2025-1902,Alex Johnson,"Flask, NLP, TensorFlow, React, Git, GCP, Docker, Kubernetes, PostgreSQL, SQL, Spark, OpenCV",12,0.0,Master,2,None,0,Cloud Architect,6,7,82.3,254,Hire
RES-2025-1903,Sophia Chen,"AWS, Kubernetes, SQL, GCP, TensorFlow, PostgreSQL, Spark",7,4.3,Master,2,1 Certified,1,Data Scientist,2,5,74.4,435,Hire
RES-2025-1904,Sophia Chen,"Spark, FastAPI, Docker, Redis, PyTorch, GCP, Flask, PostgreSQL, Kubernetes, Python, OpenCV, TensorFlow",12,0.1,Diploma,1,2 Certified,2,Machine Learning Engineer,2,9,62.5,237,Hire
RES-2025-1905,Emily Davis,"PyTorch, C++, SQL, Redis, NLP, AWS, Spark, Git, Python, TensorFlow, PostgreSQL, Flask",12,4.1,Diploma,1,None,0,Cloud Architect,5,5,92.0,391,Hire
RES-2025-1906,Priya Sharma,"C++, FastAPI, Python, Docker, TensorFlow, GCP, SQL",7,0.7,Bachelor,2,None,0,Machine Learning Engineer,1,10,50.8,823,Hire
RES-2025-1907,Anita Roy,"NLP, GCP, OpenCV, Git, Spark, SQL, FastAPI",7,9.5,Master,2,None,0,Data Scientist,0,10,92.5,299,Hire
RES-2025-1908,Anita Roy,"TensorFlow, FastAPI, Redis, NLP",4,1.4,Bachelor,2,4 Certified,4,NLP Engineer,0,4,76.2,585,Hire
RES-2025-1909,Emily Davis,"GCP, Spark, Docker, PyTorch",4,1.2,Bachelor,2,3 Certified,3,Data Scientist,5,14,40.4,362,Hire
RES-2025-1910,Alex Johnson,"React, C++, NLP, Python, FastAPI, AWS, Spark",7,0.5,Bachelor,2,4 Certified,4,Cloud Architect,2,11,66.3,673,Hire
RES-2025-1911,David Kim,"PyTorch, PostgreSQL, OpenCV, FastAPI, TensorFlow, Kubernetes, NLP, Docker, Redis, SQL, Flask, React",12,1.1,Bachelor,2,None,0,NLP Engineer,1,1,34.2,609,Reject
RES-2025-1912,Rahul Verma,"PostgreSQL, AWS",2,6.3,Master,2,None,0,Cloud Architect,5,3,61.9,864,Hire
RES-2025-1913,Sophia Chen,"Kubernetes, TensorFlow, SQL, Git, React, Spark, PostgreSQL",7,15.0,Bachelor,2,None,0,Cloud Architect,0,1,92.2,232,Hire
RES-2025-1914,Priya Sharma,"FastAPI, AWS, Flask, TensorFlow, OpenCV, GCP, Docker",7,1.4,Bachelor,2,None,0,NLP Engineer,0,8,38.8,396,Hire
RES-2025-1915,David Kim,"Redis, NLP, Python, React, Docker, Kubernetes, Flask, C++, TensorFlow, GCP, Spark, FastAPI",12,1.8,Bachelor,2,None,0,Machine Learning Engineer,3,13,67.3,723,Hire
RES-2025-1916,Priya Sharma,"C++, NLP, Docker, OpenCV, Spark, FastAPI, GCP, Git, React, AWS, Redis, SQL",12,3.8,Bachelor,2,None,0,Backend Engineer,6,1,46.5,435,Hire
RES-2025-1917,Priya Sharma,"C++, Docker, Spark, OpenCV, Flask, Git, NLP, Python, Kubernetes, AWS, PostgreSQL, TensorFlow, SQL, GCP, FastAPI, Redis, PyTorch, React",18,6.5,Bachelor,2,None,0,Full Stack Developer,3,14,75.1,678,Hire
RES-2025-1918,David Kim,"Docker, React, Python, SQL",4,2.7,Master,2,1 Certified,1,NLP Engineer,4,10,93.6,575,Hire
RES-2025-1919,Sophia Chen,"SQL, Kubernetes",2,1.5,Bachelor,2,1 Certified,1,Cloud Architect,1,3,72.9,715,Reject
RES-2025-1920,Emily Davis,"FastAPI, OpenCV, GCP, Kubernetes, NLP, PostgreSQL, Flask",7,1.6,Bachelor,2,3 Certified,3,Cloud Architect,0,12,85.3,463,Hire
RES-2025-1921,Michael Brown,"Kubernetes, OpenCV, React, Python",4,3.6,Master,2,None,0,Data Scientist,6,3,83.1,477,Hire
RES-2025-1922,Michael Brown,"GCP, FastAPI, SQL, OpenCV, Python, Docker, PyTorch, NLP, Flask, AWS, Spark, React",12,0.0,Diploma,1,3 Certified,3,Data Scientist,6,9,87.9,669,Hire
RES-2025-1923,Anita Roy,"FastAPI, Spark",2,2.9,Diploma,1,3 Certified,3,Data Scientist,6,3,41.6,375,Hire
RES-2025-1924,Emily Davis,"Git, React, SQL, Python, PostgreSQL, Redis, Spark, FastAPI, OpenCV, NLP, C++, Docker, Kubernetes, Flask, GCP, AWS, TensorFlow, PyTorch",18,1.3,PhD,3,2 Certified,2,Backend Engineer,0,12,49.9,489,Hire
RES-2025-1925,David Kim,"AWS, Kubernetes, Docker, PyTorch, OpenCV, Python, FastAPI",7,4.7,Bachelor,2,3 Certified,3,Data Scientist,4,10,60.2,189,Hire
RES-2025-1926,Priya Sharma,"SQL, FastAPI, Docker, C++, PostgreSQL, Spark, OpenCV, AWS, Git, React, Python, NLP",12,0.3,Master,2,None,0,NLP Engineer,3,11,78.6,283,Hire
RES-2025-1927,Sophia Chen,"PostgreSQL, AWS",2,2.7,Bachelor,2,None,0,Machine Learning Engineer,5,4,77.5,735,Hire
RES-2025-1928,Anita Roy,"Flask, GCP, Docker, Kubernetes, SQL, React, OpenCV",7,2.0,Master,2,3 Certified,3,Backend Engineer,1,9,74.0,916,Hire
RES-2025-1929,Emily Davis,"Flask, Redis, React, PostgreSQL, Kubernetes, AWS, Git, C++, OpenCV, Spark, PyTorch, FastAPI, TensorFlow, NLP, Docker, GCP, Python, SQL",18,3.1,Master,2,3 Certified,3,Machine Learning Engineer,5,1,60.6,658,Hire
RES-2025-1930,Rahul Verma,"Kubernetes, GCP, AWS, Spark, C++, Flask, Redis, PyTorch, Python, NLP, OpenCV, React",12,0.2,Master,2,None,0,NLP Engineer,1,7,71.6,501,Hire
RES-2025-1931,Sophia Chen,"GCP, React, Docker, Redis",4,2.6,Bachelor,2,3 Certified,3,Cloud Architect,2,4,52.2,817,Reject
RES-2025-1932,Sophia Chen,"Redis, Kubernetes, PyTorch, NLP, C++, Git, React, Spark, OpenCV, SQL, AWS, Docker, Flask, PostgreSQL, FastAPI, GCP, TensorFlow, Python",18,2.5,Bachelor,2,1 Certified,1,Backend Engineer,2,11,32.5,860,Hire
RES-2025-1933,Anita Roy,"Docker, GCP, Redis, OpenCV, PyTorch, Kubernetes, C++",7,2.5,Master,2,None,0,Machine Learning Engineer,5,11,30.2,670,Hire
RES-2025-1934,Michael Brown,"Flask, OpenCV, Redis, React, GCP, AWS, SQL",7,2.8,Bachelor,2,None,0,Backend Engineer,3,10,68.2,498,Hire
RES-2025-1935,Emily Davis,"PyTorch, SQL, NLP, FastAPI, C++, TensorFlow, Kubernetes",7,3.4,Master,2,None,0,Backend Engineer,3,4,50.4,837,Hire
RES-2025-1936,Priya Sharma,"GCP, Flask, AWS, Git",4,4.9,Bachelor,2,None,0,Backend Engineer,1,5,61.3,226,Hire
RES-2025-1937,Emily Davis,"NLP, React, Kubernetes, SQL, GCP, Redis, FastAPI, Python, TensorFlow, PostgreSQL, AWS, Docker, C++, OpenCV, Git, Spark, Flask, PyTorch",18,0.9,PhD,3,None,0,Data Scientist,4,5,82.0,551,Hire
RES-2025-1938,David Kim,"NLP, TensorFlow",2,5.2,PhD,3,None,0,Cloud Architect,5,13,81.1,578,Hire
RES-2025-1939,Anita Roy,"Docker, Flask, SQL, Spark, TensorFlow, AWS, Kubernetes, FastAPI, Python, PostgreSQL, OpenCV, GCP",12,2.1,Bachelor,2,1 Certified,1,Data Scientist,1,11,30.3,412,Hire
RES-2025-1940,Emily Davis,"Kubernetes, FastAPI, PyTorch, TensorFlow, OpenCV, Docker, React, SQL, Spark, Python, NLP, C++",12,0.2,Bachelor,2,1 Certified,1,Cloud Architect,2,13,44.1,811,Hire
RES-2025-1941,Michael Brown,"OpenCV, PyTorch, AWS, Kubernetes, Spark, FastAPI, Python, React, PostgreSQL, TensorFlow, Docker, NLP",12,0.2,Bachelor,2,2 Certified,2,Backend Engineer,3,10,31.1,852,Hire
RES-2025-1942,Alex Johnson,"React, Kubernetes, Python, OpenCV, PyTorch, NLP, Git",7,1.2,Diploma,1,1 Certified,1,NLP Engineer,0,12,34.4,498,Reject
RES-2025-1943,David Kim,"OpenCV, FastAPI",2,4.6,Bachelor,2,1 Certified,1,NLP Engineer,3,10,60.9,317,Hire
RES-2025-1944,Michael Brown,"TensorFlow, OpenCV, NLP, C++",4,3.7,Bachelor,2,None,0,Cloud Architect,5,14,84.5,908,Hire
RES-2025-1945,Michael Brown,"Flask, Docker, Python, Spark, SQL, Redis, PostgreSQL, NLP, PyTorch, TensorFlow, AWS, C++",12,4.7,Diploma,1,None,0,Full Stack Developer,1,3,63.2,818,Hire
RES-2025-1946,Rahul Verma,"PyTorch, Kubernetes, Git, PostgreSQL",4,2.2,Bachelor,2,1 Certified,1,Full Stack Developer,4,8,81.3,710,Reject
RES-2025-1947,Alex Johnson,"Flask, SQL, Python, PyTorch, TensorFlow, OpenCV, Git",7,1.7,Bachelor,2,3 Certified,3,Data Scientist,3,12,57.2,665,Hire
RES-2025-1948,David Kim,"AWS, PostgreSQL, Spark, Python, Redis, Git, OpenCV, GCP, React, Flask, NLP, PyTorch",12,0.5,Bachelor,2,None,0,Data Scientist,1,6,60.0,613,Hire
RES-2025-1949,Rahul Verma,"FastAPI, AWS, Python, NLP, PostgreSQL, C++, React",7,1.2,Bachelor,2,None,0,Data Scientist,3,8,59.8,204,Reject
RES-2025-1950,Priya Sharma,"Redis, FastAPI",2,1.7,Bachelor,2,3 Certified,3,Backend Engineer,4,5,40.1,684,Hire
RES-2025-1951,David Kim,"Flask, C++, TensorFlow, React, Kubernetes, Redis, OpenCV",7,0.3,Bachelor,2,1 Certified,1,Machine Learning Engineer,2,4,86.3,226,Hire
RES-2025-1952,Michael Brown,"C++, FastAPI",2,0.7,Bachelor,2,None,0,Backend Engineer,0,12,84.6,806,Hire
RES-2025-1953,Rahul Verma,"React, TensorFlow, Flask, NLP, Git, AWS, Docker, PyTorch, Redis, PostgreSQL, Spark, C++, SQL, GCP, Kubernetes, FastAPI, OpenCV, Python",18,2.7,Master,2,2 Certified,2,Machine Learning Engineer,4,10,35.6,781,Hire
RES-2025-1954,Rahul Verma,"Redis, GCP, Python, FastAPI, React, PyTorch, NLP",7,4.0,Diploma,1,1 Certified,1,Cloud Architect,5,7,61.6,255,Hire
RES-2025-1955,Alex Johnson,"Docker, PyTorch, PostgreSQL, Spark, Flask, Python, GCP",7,15.0,Bachelor,2,1 Certified,1,Full Stack Developer,4,6,77.6,761,Hire
RES-2025-1956,David Kim,"Git, Spark, TensorFlow, Kubernetes, Python, SQL, PyTorch",7,8.1,Diploma,1,3 Certified,3,Full Stack Developer,0,1,74.0,202,Hire
RES-2025-1957,Anita Roy,"React, Python, SQL, Redis, PostgreSQL, GCP, TensorFlow",7,3.1,Bachelor,2,None,0,NLP Engineer,1,11,79.6,791,Hire
RES-2025-1958,David Kim,"Python, SQL",2,1.6,Bachelor,2,3 Certified,3,Data Scientist,4,13,69.2,425,Hire
RES-2025-1959,Emily Davis,"Spark, Kubernetes, GCP, React, Flask, FastAPI, TensorFlow",7,3.0,Bachelor,2,None,0,Cloud Architect,5,10,79.6,414,Hire
RES-2025-1960,David Kim,"TensorFlow, C++",2,4.6,Bachelor,2,None,0,Cloud Architect,1,8,49.0,846,Reject
RES-2025-1961,Priya Sharma,"OpenCV, NLP, GCP, PostgreSQL, C++, Git, Docker, Redis, FastAPI, Spark, Kubernetes, React, Flask, Python, AWS, SQL, PyTorch, TensorFlow",18,0.4,Bachelor,2,None,0,NLP Engineer,2,10,72.7,521,Hire
RES-2025-1962,Michael Brown,"TensorFlow, AWS, Redis, Git, GCP, Python, PostgreSQL",7,1.6,Diploma,1,3 Certified,3,Data Scientist,4,7,41.1,902,Hire
RES-2025-1963,Emily Davis,"AWS, Kubernetes, Python, Git, GCP, Spark, FastAPI",7,5.5,Bachelor,2,None,0,Data Scientist,6,4,50.6,601,Hire
RES-2025-1964,Priya Sharma,"Docker, TensorFlow",2,1.5,Bachelor,2,None,0,Cloud Architect,4,6,82.0,222,Reject
RES-2025-1965,Rahul Verma,"Spark, Redis, Kubernetes, Git, Docker, TensorFlow, PyTorch",7,2.5,Bachelor,2,2 Certified,2,NLP Engineer,0,9,73.3,203,Hire
RES-2025-1966,Anita Roy,"OpenCV, AWS, Python, GCP, C++, PostgreSQL, TensorFlow, React, FastAPI, Flask, Kubernetes, NLP",12,2.7,Bachelor,2,3 Certified,3,Cloud Architect,1,1,51.8,489,Hire
RES-2025-1967,David Kim,"Redis, PostgreSQL, Docker, React, Git, TensorFlow, PyTorch, Flask, NLP, Kubernetes, AWS, FastAPI",12,0.6,Bachelor,2,None,0,Backend Engineer,4,4,90.8,256,Hire
RES-2025-1968,Rahul Verma,"SQL, TensorFlow, AWS, OpenCV, PyTorch, NLP, Redis",7,1.3,Bachelor,2,1 Certified,1,Data Scientist,2,13,39.4,335,Hire
RES-2025-1969,Michael Brown,"Redis, FastAPI, GCP, Git, AWS, Spark, NLP",7,1.2,Master,2,None,0,Data Scientist,2,9,46.8,612,Reject
RES-2025-1970,Priya Sharma,"Python, Docker, Flask, React",4,0.1,Master,2,4 Certified,4,Backend Engineer,3,1,74.9,766,Hire
RES-2025-1971,Anita Roy,"TensorFlow, OpenCV, AWS, Redis",4,0.1,Master,2,1 Certified,1,Machine Learning Engineer,0,3,84.6,690,Hire
RES-2025-1972,Rahul Verma,"NLP, Spark, React, OpenCV, PyTorch, Redis, SQL",7,5.3,Bachelor,2,2 Certified,2,Backend Engineer,5,3,75.6,395,Hire
RES-2025-1973,Alex Johnson,"GCP, Python, Spark, SQL, Git, Flask, AWS, Redis, FastAPI, Docker, PyTorch, React, Kubernetes, NLP, C++, OpenCV, TensorFlow, PostgreSQL",18,1.0,Bachelor,2,None,0,NLP Engineer,5,3,82.5,816,Hire
RES-2025-1974,Anita Roy,"Spark, SQL",2,2.2,Bachelor,2,1 Certified,1,Data Scientist,3,4,86.0,257,Hire
RES-2025-1975,Priya Sharma,"Python, PostgreSQL, SQL, AWS",4,1.1,Master,2,1 Certified,1,Machine Learning Engineer,3,7,35.0,863,Reject
RES-2025-1976,Emily Davis,"Redis, Kubernetes, C++, OpenCV, Docker, SQL, GCP",7,8.5,Bachelor,2,2 Certified,2,Machine Learning Engineer,4,1,40.7,714,Hire
RES-2025-1977,David Kim,"TensorFlow, SQL, C++, OpenCV",4,0.9,Bachelor,2,3 Certified,3,Data Scientist,6,10,47.7,753,Hire
RES-2025-1978,Rahul Verma,"Redis, SQL, Git, NLP",4,1.7,Master,2,None,0,Machine Learning Engineer,1,2,73.5,840,Hire
RES-2025-1979,Anita Roy,"SQL, OpenCV",2,6.2,Master,2,3 Certified,3,Backend Engineer,6,7,91.4,685,Hire
RES-2025-1980,Rahul Verma,"GCP, PostgreSQL",2,5.5,Bachelor,2,None,0,Full Stack Developer,5,11,80.6,340,Hire
RES-2025-1981,Anita Roy,"Python, NLP, Flask, FastAPI, AWS, Redis, C++, Spark, Docker, PostgreSQL, React, GCP",12,0.6,PhD,3,None,0,Backend Engineer,5,9,44.8,377,Hire
RES-2025-1982,Emily Davis,"React, PostgreSQL, NLP, SQL, OpenCV, TensorFlow, Docker, Kubernetes, C++, Redis, AWS, GCP",12,4.9,Master,2,None,0,Data Scientist,2,4,52.1,515,Hire
RES-2025-1983,Anita Roy,"Flask, GCP, NLP, React",4,1.8,Bachelor,2,2 Certified,2,Backend Engineer,4,6,83.0,608,Hire
RES-2025-1984,Alex Johnson,"SQL, AWS, PyTorch, C++",4,2.0,Master,2,None,0,Data Scientist,2,5,89.0,683,Hire
RES-2025-1985,Sophia Chen,"GCP, FastAPI, PyTorch, Flask, PostgreSQL, Spark, OpenCV, NLP, AWS, Git, C++, TensorFlow, Redis, Docker, React, Kubernetes, SQL, Python",18,0.4,Bachelor,2,2 Certified,2,Data Scientist,3,10,30.7,435,Hire
RES-2025-1986,Rahul Verma,"Spark, PostgreSQL, NLP, Docker, TensorFlow, React, FastAPI, Git, PyTorch, C++, Flask, Redis",12,0.3,Bachelor,2,None,0,NLP Engineer,5,8,31.9,825,Hire
RES-2025-1987,David Kim,"AWS, Kubernetes, FastAPI, TensorFlow",4,3.9,Bachelor,2,None,0,NLP Engineer,0,11,66.1,480,Hire
RES-2025-1988,Priya Sharma,"PyTorch, NLP",2,2.1,Master,2,None,0,Full Stack Developer,0,12,37.6,888,Reject
RES-2025-1989,Anita Roy,"C++, Flask",2,1.7,Bachelor,2,None,0,NLP Engineer,4,10,33.5,711,Reject
RES-2025-1990,Priya Sharma,"Python, Docker",2,3.9,Bachelor,2,None,0,NLP Engineer,2,14,82.5,483,Hire
RES-2025-1991,Alex Johnson,"GCP, PostgreSQL",2,4.4,Bachelor,2,2 Certified,2,Machine Learning Engineer,2,7,53.8,591,Hire
RES-2025-1992,Emily Davis,"Git, React, PostgreSQL, SQL, FastAPI, GCP, Spark",7,0.5,Bachelor,2,4 Certified,4,Machine Learning Engineer,2,6,88.3,395,Hire
RES-2025-1993,Michael Brown,"TensorFlow, GCP",2,2.8,Bachelor,2,1 Certified,1,Data Scientist,0,9,44.6,503,Reject
RES-2025-1994,Emily Davis,"React, Flask",2,0.4,Master,2,None,0,NLP Engineer,5,13,64.4,662,Hire
RES-2025-1995,Priya Sharma,"Kubernetes, Docker, TensorFlow, Git",4,4.2,Bachelor,2,None,0,Data Scientist,6,6,61.9,877,Hire
RES-2025-1996,David Kim,"OpenCV, PyTorch",2,3.2,Master,2,1 Certified,1,NLP Engineer,5,7,79.7,418,Hire
RES-2025-1997,Alex Johnson,"FastAPI, Flask, Git, Python, Docker, React, SQL",7,9.4,Bachelor,2,None,0,Cloud Architect,0,13,41.0,441,Hire
RES-2025-1998,Rahul Verma,"SQL, OpenCV",2,0.2,PhD,3,1 Certified,1,Data Scientist,5,14,81.6,172,Hire
RES-2025-1999,Priya Sharma,"TensorFlow, PyTorch, React, PostgreSQL",4,0.2,Master,2,None,0,NLP Engineer,4,6,67.9,212,Reject
RES-2025-2000,Rahul Verma,"PostgreSQL, AWS, TensorFlow, FastAPI, C++, Kubernetes, Docker, GCP, SQL, Flask, OpenCV, Python, NLP, Redis, Git, React, Spark, PyTorch",18,1.0,Master,2,2 Certified,2,Backend Engineer,2,13,62.7,525,Hire
